season,game_id,finals_game_number,game_date,home_team,away_team,event_num,period,pctimestring,seconds_remaining_period,seconds_remaining_game,home_score,away_score,score_margin_home,abs_score_margin,event_type_label,home_win_probability,away_win_probability,predicted_winner,predicted_label,actual_home_team_won,prediction_correct
2025-26,0042500401,1,2026-06-03,San Antonio Spurs,New York Knicks,2,1,PT12M00.00S,720.0,2880.0,0.0,0.0,0.0,0.0,start_period,0.5476208529306051,0.4523791470693948,San Antonio Spurs,1,0,0.0
2025-26,0042500401,1,2026-06-03,San Antonio Spurs,New York Knicks,4,1,PT12M00.00S,720.0,2880.0,0.0,0.0,0.0,0.0,jump_ball,0.5558869327782606,0.4441130672217394,San Antonio Spurs,1,0,0.0
2025-26,0042500401,1,2026-06-03,San Antonio Spurs,New York Knicks,7,1,PT11M45.00S,705.0,2865.0,0.0,3.0,-3.0,3.0,made_shot,0.44067047516052,0.5593295248394801,New York Knicks,0,0,1.0
2025-26,0042500401,1,2026-06-03,San Antonio Spurs,New York Knicks,9,1,PT11M22.00S,682.0,2842.0,2.0,3.0,-1.0,1.0,made_shot,0.5135847932995137,0.4864152067004863,San Antonio Spurs,1,0,0.0
2025-26,0042500401,1,2026-06-03,San Antonio Spurs,New York Knicks,10,1,PT10M57.00S,657.0,2817.0,2.0,3.0,-1.0,1.0,missed_shot,0.5220918056348439,0.4779081943651561,San Antonio Spurs,1,0,0.0
2025-26,0042500401,1,2026-06-03,San Antonio Spurs,New York Knicks,11,1,PT10M54.00S,654.0,2814.0,2.0,3.0,-1.0,1.0,rebound,0.5147401483614777,0.4852598516385222,San Antonio Spurs,1,0,0.0
2025-26,0042500401,1,2026-06-03,San Antonio Spurs,New York Knicks,12,1,PT10M53.00S,653.0,2813.0,2.0,6.0,-4.0,4.0,made_shot,0.4039167231277207,0.5960832768722792,New York Knicks,0,0,1.0
2025-26,0042500401,1,2026-06-03,San Antonio Spurs,New York Knicks,14,1,PT10M31.00S,631.0,2791.0,2.0,6.0,-4.0,4.0,missed_shot,0.4054294467040986,0.5945705532959014,New York Knicks,0,0,1.0
2025-26,0042500401,1,2026-06-03,San Antonio Spurs,New York Knicks,15,1,PT10M30.00S,630.0,2790.0,2.0,6.0,-4.0,4.0,rebound,0.4049932324191265,0.5950067675808735,New York Knicks,0,0,1.0
2025-26,0042500401,1,2026-06-03,San Antonio Spurs,New York Knicks,16,1,PT10M29.00S,629.0,2789.0,2.0,6.0,-4.0,4.0,missed_shot,0.4054201386567307,0.5945798613432692,New York Knicks,0,0,1.0
2025-26,0042500401,1,2026-06-03,San Antonio Spurs,New York Knicks,17,1,PT10M27.00S,627.0,2787.0,2.0,6.0,-4.0,4.0,rebound,0.4050401054895956,0.5949598945104044,New York Knicks,0,0,1.0
2025-26,0042500401,1,2026-06-03,San Antonio Spurs,New York Knicks,18,1,PT10M26.00S,626.0,2786.0,2.0,6.0,-4.0,4.0,missed_shot,0.4047428166123176,0.5952571833876823,New York Knicks,0,0,1.0
2025-26,0042500401,1,2026-06-03,San Antonio Spurs,New York Knicks,19,1,PT10M25.00S,625.0,2785.0,2.0,6.0,-4.0,4.0,rebound,0.40507135516529,0.59492864483471,New York Knicks,0,0,1.0
2025-26,0042500401,1,2026-06-03,San Antonio Spurs,New York Knicks,20,1,PT10M18.00S,618.0,2778.0,2.0,6.0,-4.0,4.0,missed_shot,0.405592072720911,0.594407927279089,New York Knicks,0,0,1.0
2025-26,0042500401,1,2026-06-03,San Antonio Spurs,New York Knicks,21,1,PT10M15.00S,615.0,2775.0,2.0,6.0,-4.0,4.0,rebound,0.4052276150795542,0.5947723849204458,New York Knicks,0,0,1.0
2025-26,0042500401,1,2026-06-03,San Antonio Spurs,New York Knicks,22,1,PT10M06.00S,606.0,2766.0,2.0,6.0,-4.0,4.0,unknown,0.4025690055385881,0.5974309944614119,New York Knicks,0,0,1.0
2025-26,0042500401,1,2026-06-03,San Antonio Spurs,New York Knicks,24,1,PT10M01.00S,601.0,2761.0,2.0,8.0,-6.0,6.0,made_shot,0.3387714635467785,0.6612285364532214,New York Knicks,0,0,1.0
2025-26,0042500401,1,2026-06-03,San Antonio Spurs,New York Knicks,26,1,PT09M47.00S,587.0,2747.0,2.0,8.0,-6.0,6.0,unknown,0.3339519960657606,0.6660480039342394,New York Knicks,0,0,1.0
2025-26,0042500401,1,2026-06-03,San Antonio Spurs,New York Knicks,28,1,PT09M45.00S,585.0,2745.0,2.0,8.0,-6.0,6.0,rebound,0.3365718568264145,0.6634281431735856,New York Knicks,0,0,1.0
2025-26,0042500401,1,2026-06-03,San Antonio Spurs,New York Knicks,29,1,PT09M36.00S,576.0,2736.0,2.0,8.0,-6.0,6.0,missed_shot,0.3411801174542797,0.6588198825457203,New York Knicks,0,0,1.0
2025-26,0042500401,1,2026-06-03,San Antonio Spurs,New York Knicks,30,1,PT09M33.00S,573.0,2733.0,2.0,8.0,-6.0,6.0,rebound,0.3367456099386741,0.6632543900613259,New York Knicks,0,0,1.0
2025-26,0042500401,1,2026-06-03,San Antonio Spurs,New York Knicks,31,1,PT09M29.00S,569.0,2729.0,2.0,8.0,-6.0,6.0,missed_shot,0.3328365525867571,0.6671634474132428,New York Knicks,0,0,1.0
2025-26,0042500401,1,2026-06-03,San Antonio Spurs,New York Knicks,32,1,PT09M24.00S,564.0,2724.0,2.0,8.0,-6.0,6.0,rebound,0.3368759537454343,0.6631240462545657,New York Knicks,0,0,1.0
2025-26,0042500401,1,2026-06-03,San Antonio Spurs,New York Knicks,33,1,PT09M20.00S,560.0,2720.0,2.0,8.0,-6.0,6.0,missed_shot,0.3335834657415171,0.6664165342584829,New York Knicks,0,0,1.0
2025-26,0042500401,1,2026-06-03,San Antonio Spurs,New York Knicks,34,1,PT09M19.00S,559.0,2719.0,2.0,8.0,-6.0,6.0,rebound,0.3369483776957101,0.6630516223042899,New York Knicks,0,0,1.0
2025-26,0042500401,1,2026-06-03,San Antonio Spurs,New York Knicks,35,1,PT09M19.00S,559.0,2719.0,4.0,8.0,-4.0,4.0,made_shot,0.4176897122850408,0.5823102877149592,New York Knicks,0,0,1.0
2025-26,0042500401,1,2026-06-03,San Antonio Spurs,New York Knicks,36,1,PT08M56.00S,536.0,2696.0,4.0,10.0,-6.0,6.0,made_shot,0.3260618069885433,0.6739381930114566,New York Knicks,0,0,1.0
2025-26,0042500401,1,2026-06-03,San Antonio Spurs,New York Knicks,38,1,PT08M36.00S,516.0,2676.0,4.0,10.0,-6.0,6.0,missed_shot,0.3407172956645435,0.6592827043354564,New York Knicks,0,0,1.0
2025-26,0042500401,1,2026-06-03,San Antonio Spurs,New York Knicks,39,1,PT08M32.00S,512.0,2672.0,4.0,10.0,-6.0,6.0,rebound,0.3363582910655099,0.6636417089344901,New York Knicks,0,0,1.0
2025-26,0042500401,1,2026-06-03,San Antonio Spurs,New York Knicks,40,1,PT08M29.00S,509.0,2669.0,4.0,10.0,-6.0,6.0,unknown,0.3338113454866643,0.6661886545133358,New York Knicks,0,0,1.0
2025-26,0042500401,1,2026-06-03,San Antonio Spurs,New York Knicks,42,1,PT08M28.00S,508.0,2668.0,4.0,10.0,-6.0,6.0,rebound,0.3364161857489898,0.6635838142510102,New York Knicks,0,0,1.0
2025-26,0042500401,1,2026-06-03,San Antonio Spurs,New York Knicks,43,1,PT08M21.00S,501.0,2661.0,7.0,10.0,-3.0,3.0,made_shot,0.4349043436395981,0.5650956563604019,New York Knicks,0,0,1.0
2025-26,0042500401,1,2026-06-03,San Antonio Spurs,New York Knicks,45,1,PT07M52.00S,472.0,2632.0,7.0,10.0,-3.0,3.0,unknown,0.4373568132685714,0.5626431867314285,New York Knicks,0,0,1.0
2025-26,0042500401,1,2026-06-03,San Antonio Spurs,New York Knicks,47,1,PT07M52.00S,472.0,2632.0,7.0,10.0,-3.0,3.0,rebound,0.4402197271776274,0.5597802728223726,New York Knicks,0,0,1.0
2025-26,0042500401,1,2026-06-03,San Antonio Spurs,New York Knicks,48,1,PT07M51.00S,471.0,2631.0,7.0,10.0,-3.0,3.0,turnover,0.4479948992807739,0.5520051007192261,New York Knicks,0,0,1.0
2025-26,0042500401,1,2026-06-03,San Antonio Spurs,New York Knicks,49,1,PT07M43.00S,463.0,2623.0,7.0,10.0,-3.0,3.0,missed_shot,0.4407841176492789,0.5592158823507212,New York Knicks,0,0,1.0
2025-26,0042500401,1,2026-06-03,San Antonio Spurs,New York Knicks,50,1,PT07M40.00S,460.0,2620.0,7.0,10.0,-3.0,3.0,rebound,0.4404114672853187,0.5595885327146812,New York Knicks,0,0,1.0
2025-26,0042500401,1,2026-06-03,San Antonio Spurs,New York Knicks,51,1,PT07M28.00S,448.0,2608.0,7.0,12.0,-5.0,5.0,made_shot,0.3671562972236161,0.6328437027763838,New York Knicks,0,0,1.0
2025-26,0042500401,1,2026-06-03,San Antonio Spurs,New York Knicks,52,1,PT07M28.00S,448.0,2608.0,7.0,12.0,-5.0,5.0,timeout,0.3671052851869764,0.6328947148130236,New York Knicks,0,0,1.0
2025-26,0042500401,1,2026-06-03,San Antonio Spurs,New York Knicks,53,1,PT07M28.00S,448.0,2608.0,7.0,12.0,-5.0,5.0,substitution,0.3698368951287016,0.6301631048712983,New York Knicks,0,0,1.0
2025-26,0042500401,1,2026-06-03,San Antonio Spurs,New York Knicks,54,1,PT07M28.00S,448.0,2608.0,7.0,12.0,-5.0,5.0,substitution,0.3698368951287016,0.6301631048712983,New York Knicks,0,0,1.0
2025-26,0042500401,1,2026-06-03,San Antonio Spurs,New York Knicks,57,1,PT07M08.00S,428.0,2588.0,7.0,12.0,-5.0,5.0,unknown,0.3668236918542029,0.6331763081457971,New York Knicks,0,0,1.0
2025-26,0042500401,1,2026-06-03,San Antonio Spurs,New York Knicks,59,1,PT06M59.00S,419.0,2579.0,7.0,14.0,-7.0,7.0,made_shot,0.2941293999152551,0.7058706000847449,New York Knicks,0,0,1.0
2025-26,0042500401,1,2026-06-03,San Antonio Spurs,New York Knicks,61,1,PT06M38.00S,398.0,2558.0,7.0,14.0,-7.0,7.0,missed_shot,0.3041920989688325,0.6958079010311675,New York Knicks,0,0,1.0
2025-26,0042500401,1,2026-06-03,San Antonio Spurs,New York Knicks,62,1,PT06M37.00S,397.0,2557.0,7.0,14.0,-7.0,7.0,rebound,0.3038447474041462,0.6961552525958538,New York Knicks,0,0,1.0
2025-26,0042500401,1,2026-06-03,San Antonio Spurs,New York Knicks,64,1,PT06M37.00S,397.0,2557.0,7.0,14.0,-7.0,7.0,foul,0.30942238600746,0.6905776139925399,New York Knicks,0,0,1.0
2025-26,0042500401,1,2026-06-03,San Antonio Spurs,New York Knicks,67,1,PT06M20.00S,380.0,2540.0,7.0,14.0,-7.0,7.0,missed_shot,0.3103867199443631,0.6896132800556369,New York Knicks,0,0,1.0
2025-26,0042500401,1,2026-06-03,San Antonio Spurs,New York Knicks,68,1,PT06M17.00S,377.0,2537.0,7.0,14.0,-7.0,7.0,rebound,0.3041191086128659,0.695880891387134,New York Knicks,0,0,1.0
2025-26,0042500401,1,2026-06-03,San Antonio Spurs,New York Knicks,70,1,PT06M15.00S,375.0,2535.0,7.0,14.0,-7.0,7.0,foul,0.3067704927941054,0.6932295072058946,New York Knicks,0,0,1.0
2025-26,0042500401,1,2026-06-03,San Antonio Spurs,New York Knicks,72,1,PT06M15.00S,375.0,2535.0,7.0,14.0,-7.0,7.0,substitution,0.3047017177629993,0.6952982822370006,New York Knicks,0,0,1.0
2025-26,0042500401,1,2026-06-03,San Antonio Spurs,New York Knicks,74,1,PT06M07.00S,367.0,2527.0,9.0,14.0,-5.0,5.0,made_shot,0.3684700391697652,0.6315299608302347,New York Knicks,0,0,1.0
2025-26,0042500401,1,2026-06-03,San Antonio Spurs,New York Knicks,75,1,PT05M55.00S,355.0,2515.0,9.0,14.0,-5.0,5.0,missed_shot,0.3697028522825646,0.6302971477174354,New York Knicks,0,0,1.0
2025-26,0042500401,1,2026-06-03,San Antonio Spurs,New York Knicks,76,1,PT05M55.00S,355.0,2515.0,9.0,14.0,-5.0,5.0,rebound,0.3693052984498228,0.6306947015501772,New York Knicks,0,0,1.0
2025-26,0042500401,1,2026-06-03,San Antonio Spurs,New York Knicks,77,1,PT05M47.00S,347.0,2507.0,9.0,14.0,-5.0,5.0,missed_shot,0.3730574149805018,0.6269425850194982,New York Knicks,0,0,1.0
2025-26,0042500401,1,2026-06-03,San Antonio Spurs,New York Knicks,78,1,PT05M45.00S,345.0,2505.0,9.0,14.0,-5.0,5.0,rebound,0.3694563294024638,0.6305436705975361,New York Knicks,0,0,1.0
2025-26,0042500401,1,2026-06-03,San Antonio Spurs,New York Knicks,79,1,PT05M33.00S,333.0,2493.0,9.0,14.0,-5.0,5.0,unknown,0.3669328220550577,0.6330671779449423,New York Knicks,0,0,1.0
2025-26,0042500401,1,2026-06-03,San Antonio Spurs,New York Knicks,81,1,PT05M27.00S,327.0,2487.0,9.0,14.0,-5.0,5.0,foul,0.3696448581007409,0.6303551418992591,New York Knicks,0,0,1.0
2025-26,0042500401,1,2026-06-03,San Antonio Spurs,New York Knicks,83,1,PT05M27.00S,327.0,2487.0,10.0,14.0,-4.0,4.0,free_throw,0.4041335904942436,0.5958664095057564,New York Knicks,0,0,1.0
2025-26,0042500401,1,2026-06-03,San Antonio Spurs,New York Knicks,84,1,PT05M27.00S,327.0,2487.0,10.0,14.0,-4.0,4.0,substitution,0.4048748300937071,0.5951251699062929,New York Knicks,0,0,1.0
2025-26,0042500401,1,2026-06-03,San Antonio Spurs,New York Knicks,85,1,PT05M27.00S,327.0,2487.0,10.0,14.0,-4.0,4.0,substitution,0.4048748300937071,0.5951251699062929,New York Knicks,0,0,1.0
2025-26,0042500401,1,2026-06-03,San Antonio Spurs,New York Knicks,88,1,PT05M27.00S,327.0,2487.0,11.0,14.0,-3.0,3.0,free_throw,0.4397598947067337,0.5602401052932662,New York Knicks,0,0,1.0
2025-26,0042500401,1,2026-06-03,San Antonio Spurs,New York Knicks,89,1,PT05M08.00S,308.0,2468.0,11.0,14.0,-3.0,3.0,missed_shot,0.4404563924983521,0.5595436075016478,New York Knicks,0,0,1.0
2025-26,0042500401,1,2026-06-03,San Antonio Spurs,New York Knicks,90,1,PT05M07.00S,307.0,2467.0,11.0,14.0,-3.0,3.0,rebound,0.4400518483174332,0.5599481516825668,New York Knicks,0,0,1.0
2025-26,0042500401,1,2026-06-03,San Antonio Spurs,New York Knicks,91,1,PT05M04.00S,304.0,2464.0,11.0,14.0,-3.0,3.0,missed_shot,0.447229533287131,0.552770466712869,New York Knicks,0,0,1.0
2025-26,0042500401,1,2026-06-03,San Antonio Spurs,New York Knicks,92,1,PT05M03.00S,303.0,2463.0,11.0,14.0,-3.0,3.0,rebound,0.4401157544975014,0.5598842455024986,New York Knicks,0,0,1.0
2025-26,0042500401,1,2026-06-03,San Antonio Spurs,New York Knicks,93,1,PT04M54.00S,294.0,2454.0,11.0,14.0,-3.0,3.0,missed_shot,0.4406801166079822,0.5593198833920179,New York Knicks,0,0,1.0
2025-26,0042500401,1,2026-06-03,San Antonio Spurs,New York Knicks,94,1,PT04M50.00S,290.0,2450.0,11.0,14.0,-3.0,3.0,rebound,0.4403234632814834,0.5596765367185166,New York Knicks,0,0,1.0
2025-26,0042500401,1,2026-06-03,San Antonio Spurs,New York Knicks,95,1,PT04M44.00S,284.0,2444.0,11.0,14.0,-3.0,3.0,missed_shot,0.4408814177607709,0.5591185822392291,New York Knicks,0,0,1.0
2025-26,0042500401,1,2026-06-03,San Antonio Spurs,New York Knicks,96,1,PT04M42.00S,282.0,2442.0,11.0,14.0,-3.0,3.0,rebound,0.4404512944626622,0.5595487055373378,New York Knicks,0,0,1.0
2025-26,0042500401,1,2026-06-03,San Antonio Spurs,New York Knicks,97,1,PT04M36.00S,276.0,2436.0,11.0,14.0,-3.0,3.0,missed_shot,0.4361618811228598,0.5638381188771402,New York Knicks,0,0,1.0
2025-26,0042500401,1,2026-06-03,San Antonio Spurs,New York Knicks,98,1,PT04M33.00S,273.0,2433.0,11.0,14.0,-3.0,3.0,rebound,0.440595113980156,0.559404886019844,New York Knicks,0,0,1.0
2025-26,0042500401,1,2026-06-03,San Antonio Spurs,New York Knicks,99,1,PT04M33.00S,273.0,2433.0,11.0,14.0,-3.0,3.0,foul,0.4470709409130864,0.5529290590869136,New York Knicks,0,0,1.0
2025-26,0042500401,1,2026-06-03,San Antonio Spurs,New York Knicks,101,1,PT04M33.00S,273.0,2433.0,11.0,14.0,-3.0,3.0,substitution,0.4412414110603092,0.5587585889396909,New York Knicks,0,0,1.0
2025-26,0042500401,1,2026-06-03,San Antonio Spurs,New York Knicks,102,1,PT04M33.00S,273.0,2433.0,11.0,14.0,-3.0,3.0,substitution,0.4412414110603092,0.5587585889396909,New York Knicks,0,0,1.0
2025-26,0042500401,1,2026-06-03,San Antonio Spurs,New York Knicks,105,1,PT04M15.00S,255.0,2415.0,11.0,14.0,-3.0,3.0,unknown,0.4380189310444595,0.5619810689555405,New York Knicks,0,0,1.0
2025-26,0042500401,1,2026-06-03,San Antonio Spurs,New York Knicks,107,1,PT04M13.00S,253.0,2413.0,11.0,14.0,-3.0,3.0,foul,0.4408265310854026,0.5591734689145973,New York Knicks,0,0,1.0
2025-26,0042500401,1,2026-06-03,San Antonio Spurs,New York Knicks,109,1,PT04M13.00S,253.0,2413.0,12.0,14.0,-2.0,2.0,free_throw,0.4769317313871928,0.5230682686128072,New York Knicks,0,0,1.0
2025-26,0042500401,1,2026-06-03,San Antonio Spurs,New York Knicks,110,1,PT04M13.00S,253.0,2413.0,12.0,14.0,-2.0,2.0,substitution,0.4776994499579797,0.5223005500420204,New York Knicks,0,0,1.0
2025-26,0042500401,1,2026-06-03,San Antonio Spurs,New York Knicks,111,1,PT04M13.00S,253.0,2413.0,12.0,14.0,-2.0,2.0,substitution,0.4776994499579797,0.5223005500420204,New York Knicks,0,0,1.0
2025-26,0042500401,1,2026-06-03,San Antonio Spurs,New York Knicks,114,1,PT04M13.00S,253.0,2413.0,13.0,14.0,-1.0,1.0,free_throw,0.5134457096117632,0.4865542903882368,San Antonio Spurs,1,0,0.0
2025-26,0042500401,1,2026-06-03,San Antonio Spurs,New York Knicks,115,1,PT04M01.00S,241.0,2401.0,13.0,14.0,-1.0,1.0,unknown,0.5107073899173137,0.4892926100826863,San Antonio Spurs,1,0,0.0
2025-26,0042500401,1,2026-06-03,San Antonio Spurs,New York Knicks,117,1,PT03M58.00S,238.0,2398.0,15.0,14.0,1.0,1.0,made_shot,0.5814129948116354,0.4185870051883645,San Antonio Spurs,1,0,0.0
2025-26,0042500401,1,2026-06-03,San Antonio Spurs,New York Knicks,118,1,PT03M58.00S,238.0,2398.0,15.0,14.0,1.0,1.0,foul,0.5867909959524685,0.4132090040475314,San Antonio Spurs,1,0,0.0
2025-26,0042500401,1,2026-06-03,San Antonio Spurs,New York Knicks,120,1,PT03M58.00S,238.0,2398.0,16.0,14.0,2.0,2.0,free_throw,0.6281988451044422,0.3718011548955577,San Antonio Spurs,1,0,0.0
2025-26,0042500401,1,2026-06-03,San Antonio Spurs,New York Knicks,121,1,PT03M36.00S,216.0,2376.0,16.0,14.0,2.0,2.0,missed_shot,0.6236465859524944,0.3763534140475055,San Antonio Spurs,1,0,0.0
2025-26,0042500401,1,2026-06-03,San Antonio Spurs,New York Knicks,122,1,PT03M32.00S,212.0,2372.0,16.0,14.0,2.0,2.0,rebound,0.6233068731075591,0.3766931268924409,San Antonio Spurs,1,0,0.0
2025-26,0042500401,1,2026-06-03,San Antonio Spurs,New York Knicks,123,1,PT03M25.00S,205.0,2365.0,19.0,14.0,5.0,5.0,made_shot,0.7218449832813161,0.2781550167186839,San Antonio Spurs,1,0,0.0
2025-26,0042500401,1,2026-06-03,San Antonio Spurs,New York Knicks,125,1,PT03M12.00S,192.0,2352.0,19.0,17.0,2.0,2.0,made_shot,0.6209052451103259,0.3790947548896741,San Antonio Spurs,1,0,0.0
2025-26,0042500401,1,2026-06-03,San Antonio Spurs,New York Knicks,127,1,PT03M01.00S,181.0,2341.0,22.0,17.0,5.0,5.0,made_shot,0.7204416447102192,0.2795583552897808,San Antonio Spurs,1,0,0.0
2025-26,0042500401,1,2026-06-03,San Antonio Spurs,New York Knicks,129,1,PT02M47.00S,167.0,2327.0,22.0,17.0,5.0,5.0,missed_shot,0.7271440669104519,0.2728559330895481,San Antonio Spurs,1,0,0.0
2025-26,0042500401,1,2026-06-03,San Antonio Spurs,New York Knicks,130,1,PT02M45.00S,165.0,2325.0,22.0,17.0,5.0,5.0,rebound,0.7212496468450914,0.2787503531549086,San Antonio Spurs,1,0,0.0
2025-26,0042500401,1,2026-06-03,San Antonio Spurs,New York Knicks,131,1,PT02M43.00S,163.0,2323.0,22.0,17.0,5.0,5.0,missed_shot,0.7182433262244392,0.2817566737755608,San Antonio Spurs,1,0,0.0
2025-26,0042500401,1,2026-06-03,San Antonio Spurs,New York Knicks,132,1,PT02M43.00S,163.0,2323.0,22.0,17.0,5.0,5.0,rebound,0.7212757169649386,0.2787242830350613,San Antonio Spurs,1,0,0.0
2025-26,0042500401,1,2026-06-03,San Antonio Spurs,New York Knicks,133,1,PT02M33.00S,153.0,2313.0,22.0,17.0,5.0,5.0,foul,0.723884972745833,0.276115027254167,San Antonio Spurs,1,0,0.0
2025-26,0042500401,1,2026-06-03,San Antonio Spurs,New York Knicks,135,1,PT02M33.00S,153.0,2313.0,22.0,17.0,5.0,5.0,timeout,0.7195700229401111,0.2804299770598889,San Antonio Spurs,1,0,0.0
2025-26,0042500401,1,2026-06-03,San Antonio Spurs,New York Knicks,136,1,PT02M33.00S,153.0,2313.0,22.0,17.0,5.0,5.0,substitution,0.7219326659785558,0.2780673340214442,San Antonio Spurs,1,0,0.0
2025-26,0042500401,1,2026-06-03,San Antonio Spurs,New York Knicks,137,1,PT02M33.00S,153.0,2313.0,22.0,17.0,5.0,5.0,substitution,0.7219326659785558,0.2780673340214442,San Antonio Spurs,1,0,0.0
2025-26,0042500401,1,2026-06-03,San Antonio Spurs,New York Knicks,140,1,PT02M19.00S,139.0,2299.0,22.0,17.0,5.0,5.0,missed_shot,0.7255338889397873,0.2744661110602127,San Antonio Spurs,1,0,0.0
2025-26,0042500401,1,2026-06-03,San Antonio Spurs,New York Knicks,141,1,PT02M16.00S,136.0,2296.0,22.0,17.0,5.0,5.0,rebound,0.7216275171192684,0.2783724828807316,San Antonio Spurs,1,0,0.0
2025-26,0042500401,1,2026-06-03,San Antonio Spurs,New York Knicks,142,1,PT02M03.00S,123.0,2283.0,25.0,17.0,8.0,8.0,made_shot,0.80265345748996,0.19734654251004,San Antonio Spurs,1,0,0.0
2025-26,0042500401,1,2026-06-03,San Antonio Spurs,New York Knicks,144,1,PT02M03.00S,123.0,2283.0,25.0,17.0,8.0,8.0,foul,0.807239902692229,0.192760097307771,San Antonio Spurs,1,0,0.0
2025-26,0042500401,1,2026-06-03,San Antonio Spurs,New York Knicks,147,1,PT02M03.00S,123.0,2283.0,25.0,17.0,8.0,8.0,free_throw,0.8073425194369311,0.1926574805630688,San Antonio Spurs,1,0,0.0
2025-26,0042500401,1,2026-06-03,San Antonio Spurs,New York Knicks,148,1,PT01M59.00S,119.0,2279.0,25.0,17.0,8.0,8.0,rebound,0.8031657506772397,0.1968342493227602,San Antonio Spurs,1,0,0.0
2025-26,0042500401,1,2026-06-03,San Antonio Spurs,New York Knicks,150,1,PT01M41.00S,101.0,2261.0,25.0,17.0,8.0,8.0,missed_shot,0.8036461888939799,0.1963538111060201,San Antonio Spurs,1,0,0.0
2025-26,0042500401,1,2026-06-03,San Antonio Spurs,New York Knicks,151,1,PT01M37.00S,97.0,2257.0,25.0,17.0,8.0,8.0,rebound,0.8033911565061402,0.1966088434938597,San Antonio Spurs,1,0,0.0
2025-26,0042500401,1,2026-06-03,San Antonio Spurs,New York Knicks,153,1,PT01M28.00S,88.0,2248.0,27.0,17.0,10.0,10.0,made_shot,0.8456666246118361,0.1543333753881639,San Antonio Spurs,1,0,0.0
2025-26,0042500401,1,2026-06-03,San Antonio Spurs,New York Knicks,155,1,PT01M27.00S,87.0,2247.0,27.0,17.0,10.0,10.0,timeout,0.8456464309657038,0.1543535690342962,San Antonio Spurs,1,0,0.0
2025-26,0042500401,1,2026-06-03,San Antonio Spurs,New York Knicks,157,1,PT01M27.00S,87.0,2247.0,27.0,17.0,10.0,10.0,substitution,0.8471724694684187,0.1528275305315812,San Antonio Spurs,1,0,0.0
2025-26,0042500401,1,2026-06-03,San Antonio Spurs,New York Knicks,158,1,PT01M27.00S,87.0,2247.0,27.0,17.0,10.0,10.0,substitution,0.8471724694684187,0.1528275305315812,San Antonio Spurs,1,0,0.0
2025-26,0042500401,1,2026-06-03,San Antonio Spurs,New York Knicks,159,1,PT01M27.00S,87.0,2247.0,27.0,17.0,10.0,10.0,substitution,0.8471724694684187,0.1528275305315812,San Antonio Spurs,1,0,0.0
2025-26,0042500401,1,2026-06-03,San Antonio Spurs,New York Knicks,163,1,PT01M16.00S,76.0,2236.0,27.0,17.0,10.0,10.0,missed_shot,0.8471462972436377,0.1528537027563623,San Antonio Spurs,1,0,0.0
2025-26,0042500401,1,2026-06-03,San Antonio Spurs,New York Knicks,164,1,PT01M15.00S,75.0,2235.0,27.0,17.0,10.0,10.0,rebound,0.8469336040956876,0.1530663959043123,San Antonio Spurs,1,0,0.0
2025-26,0042500401,1,2026-06-03,San Antonio Spurs,New York Knicks,165,1,PT01M15.00S,75.0,2235.0,27.0,19.0,8.0,8.0,made_shot,0.8110559834629582,0.1889440165370418,San Antonio Spurs,1,0,0.0
2025-26,0042500401,1,2026-06-03,San Antonio Spurs,New York Knicks,166,1,PT00M58.30S,58.3,2218.3,27.0,19.0,8.0,8.0,missed_shot,0.8009125255580433,0.1990874744419567,San Antonio Spurs,1,0,0.0
2025-26,0042500401,1,2026-06-03,San Antonio Spurs,New York Knicks,167,1,PT00M54.90S,54.9,2214.9,27.0,19.0,8.0,8.0,rebound,0.8029231830685305,0.1970768169314695,San Antonio Spurs,1,0,0.0
2025-26,0042500401,1,2026-06-03,San Antonio Spurs,New York Knicks,168,1,PT00M40.50S,40.5,2200.5,27.0,19.0,8.0,8.0,foul,0.8050195537257084,0.1949804462742915,San Antonio Spurs,1,0,0.0
2025-26,0042500401,1,2026-06-03,San Antonio Spurs,New York Knicks,170,1,PT00M40.50S,40.5,2200.5,27.0,19.0,8.0,8.0,substitution,0.8034851831704152,0.1965148168295848,San Antonio Spurs,1,0,0.0
2025-26,0042500401,1,2026-06-03,San Antonio Spurs,New York Knicks,172,1,PT00M27.50S,27.5,2187.5,27.0,19.0,8.0,8.0,missed_shot,0.8063034623280527,0.1936965376719472,San Antonio Spurs,1,0,0.0
2025-26,0042500401,1,2026-06-03,San Antonio Spurs,New York Knicks,173,1,PT00M25.90S,25.9,2185.9,27.0,19.0,8.0,8.0,rebound,0.8032205444491095,0.1967794555508905,San Antonio Spurs,1,0,0.0
2025-26,0042500401,1,2026-06-03,San Antonio Spurs,New York Knicks,174,1,PT00M02.30S,2.3,2162.3,27.0,19.0,8.0,8.0,missed_shot,0.8068710780462814,0.1931289219537185,San Antonio Spurs,1,0,0.0
2025-26,0042500401,1,2026-06-03,San Antonio Spurs,New York Knicks,175,1,PT00M02.30S,2.3,2162.3,27.0,19.0,8.0,8.0,rebound,0.8034622849838865,0.1965377150161135,San Antonio Spurs,1,0,0.0
2025-26,0042500401,1,2026-06-03,San Antonio Spurs,New York Knicks,176,1,PT00M00.00S,0.0,2160.0,27.0,19.0,8.0,8.0,end_period,0.7994675841261304,0.2005324158738696,San Antonio Spurs,1,0,0.0
2025-26,0042500401,1,2026-06-03,San Antonio Spurs,New York Knicks,181,2,PT12M00.00S,720.0,2160.0,27.0,19.0,8.0,8.0,start_period,0.8014558853080465,0.1985441146919535,San Antonio Spurs,1,0,0.0
2025-26,0042500401,1,2026-06-03,San Antonio Spurs,New York Knicks,182,2,PT11M36.00S,696.0,2136.0,27.0,19.0,8.0,8.0,missed_shot,0.8025718174084986,0.1974281825915014,San Antonio Spurs,1,0,0.0
2025-26,0042500401,1,2026-06-03,San Antonio Spurs,New York Knicks,183,2,PT11M34.00S,694.0,2134.0,27.0,19.0,8.0,8.0,rebound,0.8045285409244021,0.1954714590755979,San Antonio Spurs,1,0,0.0
2025-26,0042500401,1,2026-06-03,San Antonio Spurs,New York Knicks,184,2,PT11M31.00S,691.0,2131.0,27.0,19.0,8.0,8.0,turnover,0.8082330392909357,0.1917669607090643,San Antonio Spurs,1,0,0.0
2025-26,0042500401,1,2026-06-03,San Antonio Spurs,New York Knicks,186,2,PT11M25.00S,685.0,2125.0,27.0,19.0,8.0,8.0,foul,0.8065573269427,0.1934426730573,San Antonio Spurs,1,0,0.0
2025-26,0042500401,1,2026-06-03,San Antonio Spurs,New York Knicks,188,2,PT11M17.00S,677.0,2117.0,27.0,19.0,8.0,8.0,missed_shot,0.8049698638358911,0.1950301361641089,San Antonio Spurs,1,0,0.0
2025-26,0042500401,1,2026-06-03,San Antonio Spurs,New York Knicks,189,2,PT11M14.00S,674.0,2114.0,27.0,19.0,8.0,8.0,rebound,0.8047323895231953,0.1952676104768047,San Antonio Spurs,1,0,0.0
2025-26,0042500401,1,2026-06-03,San Antonio Spurs,New York Knicks,190,2,PT11M05.00S,665.0,2105.0,27.0,19.0,8.0,8.0,foul,0.8067595679891922,0.1932404320108077,San Antonio Spurs,1,0,0.0
2025-26,0042500401,1,2026-06-03,San Antonio Spurs,New York Knicks,192,2,PT10M54.00S,654.0,2094.0,27.0,22.0,5.0,5.0,made_shot,0.7217934410752341,0.2782065589247658,San Antonio Spurs,1,0,0.0
2025-26,0042500401,1,2026-06-03,San Antonio Spurs,New York Knicks,194,2,PT10M46.00S,646.0,2086.0,27.0,22.0,5.0,5.0,unknown,0.7201580844727957,0.2798419155272043,San Antonio Spurs,1,0,0.0
2025-26,0042500401,1,2026-06-03,San Antonio Spurs,New York Knicks,196,2,PT10M41.00S,641.0,2081.0,27.0,22.0,5.0,5.0,unknown,0.720223413179877,0.2797765868201229,San Antonio Spurs,1,0,0.0
2025-26,0042500401,1,2026-06-03,San Antonio Spurs,New York Knicks,198,2,PT10M40.00S,640.0,2080.0,27.0,22.0,5.0,5.0,rebound,0.722573046576495,0.277426953423505,San Antonio Spurs,1,0,0.0
2025-26,0042500401,1,2026-06-03,San Antonio Spurs,New York Knicks,200,2,PT10M32.00S,632.0,2072.0,27.0,24.0,3.0,3.0,made_shot,0.6535977326808472,0.3464022673191528,San Antonio Spurs,1,0,0.0
2025-26,0042500401,1,2026-06-03,San Antonio Spurs,New York Knicks,201,2,PT10M32.00S,632.0,2072.0,27.0,24.0,3.0,3.0,violation,0.6536820206801888,0.3463179793198112,San Antonio Spurs,1,0,0.0
2025-26,0042500401,1,2026-06-03,San Antonio Spurs,New York Knicks,202,2,PT10M24.00S,624.0,2064.0,27.0,24.0,3.0,3.0,foul,0.659996391277828,0.3400036087221719,San Antonio Spurs,1,0,0.0
2025-26,0042500401,1,2026-06-03,San Antonio Spurs,New York Knicks,204,2,PT10M15.00S,615.0,2055.0,29.0,24.0,5.0,5.0,made_shot,0.7120391942200242,0.2879608057799758,San Antonio Spurs,1,0,0.0
2025-26,0042500401,1,2026-06-03,San Antonio Spurs,New York Knicks,205,2,PT10M03.00S,603.0,2043.0,29.0,26.0,3.0,3.0,made_shot,0.6618476863211827,0.3381523136788172,San Antonio Spurs,1,0,0.0
2025-26,0042500401,1,2026-06-03,San Antonio Spurs,New York Knicks,206,2,PT09M58.00S,598.0,2038.0,29.0,26.0,3.0,3.0,foul,0.6562321737396933,0.3437678262603066,San Antonio Spurs,1,0,0.0
2025-26,0042500401,1,2026-06-03,San Antonio Spurs,New York Knicks,208,2,PT09M58.00S,598.0,2038.0,30.0,26.0,4.0,4.0,free_throw,0.6893966055263767,0.3106033944736233,San Antonio Spurs,1,0,0.0
2025-26,0042500401,1,2026-06-03,San Antonio Spurs,New York Knicks,209,2,PT09M58.00S,598.0,2038.0,30.0,26.0,4.0,4.0,substitution,0.6900551406194699,0.30994485938053,San Antonio Spurs,1,0,0.0
2025-26,0042500401,1,2026-06-03,San Antonio Spurs,New York Knicks,210,2,PT09M58.00S,598.0,2038.0,30.0,26.0,4.0,4.0,substitution,0.6900551406194699,0.30994485938053,San Antonio Spurs,1,0,0.0
2025-26,0042500401,1,2026-06-03,San Antonio Spurs,New York Knicks,213,2,PT09M58.00S,598.0,2038.0,31.0,26.0,5.0,5.0,free_throw,0.7208569629384864,0.2791430370615135,San Antonio Spurs,1,0,0.0
2025-26,0042500401,1,2026-06-03,San Antonio Spurs,New York Knicks,214,2,PT09M38.00S,578.0,2018.0,31.0,26.0,5.0,5.0,missed_shot,0.721472220783325,0.278527779216675,San Antonio Spurs,1,0,0.0
2025-26,0042500401,1,2026-06-03,San Antonio Spurs,New York Knicks,215,2,PT09M35.00S,575.0,2015.0,31.0,26.0,5.0,5.0,rebound,0.721134452863129,0.2788655471368709,San Antonio Spurs,1,0,0.0
2025-26,0042500401,1,2026-06-03,San Antonio Spurs,New York Knicks,216,2,PT09M33.00S,573.0,2013.0,31.0,26.0,5.0,5.0,missed_shot,0.7181273754071626,0.2818726245928373,San Antonio Spurs,1,0,0.0
2025-26,0042500401,1,2026-06-03,San Antonio Spurs,New York Knicks,217,2,PT09M31.00S,571.0,2011.0,31.0,26.0,5.0,5.0,rebound,0.7211866048239811,0.2788133951760189,San Antonio Spurs,1,0,0.0
2025-26,0042500401,1,2026-06-03,San Antonio Spurs,New York Knicks,218,2,PT09M19.00S,559.0,1999.0,31.0,28.0,3.0,3.0,made_shot,0.6453851677545274,0.3546148322454726,San Antonio Spurs,1,0,0.0
2025-26,0042500401,1,2026-06-03,San Antonio Spurs,New York Knicks,219,2,PT09M07.00S,547.0,1987.0,31.0,28.0,3.0,3.0,unknown,0.6531460739806694,0.3468539260193306,San Antonio Spurs,1,0,0.0
2025-26,0042500401,1,2026-06-03,San Antonio Spurs,New York Knicks,221,2,PT09M02.00S,542.0,1982.0,31.0,28.0,3.0,3.0,missed_shot,0.6524471375381312,0.3475528624618688,San Antonio Spurs,1,0,0.0
2025-26,0042500401,1,2026-06-03,San Antonio Spurs,New York Knicks,222,2,PT09M00.00S,540.0,1980.0,31.0,28.0,3.0,3.0,rebound,0.6558776197947842,0.3441223802052158,San Antonio Spurs,1,0,0.0
2025-26,0042500401,1,2026-06-03,San Antonio Spurs,New York Knicks,223,2,PT08M47.00S,527.0,1967.0,31.0,28.0,3.0,3.0,missed_shot,0.6462556501234353,0.3537443498765646,San Antonio Spurs,1,0,0.0
2025-26,0042500401,1,2026-06-03,San Antonio Spurs,New York Knicks,224,2,PT08M44.00S,524.0,1964.0,31.0,28.0,3.0,3.0,rebound,0.6561117243713187,0.3438882756286813,San Antonio Spurs,1,0,0.0
2025-26,0042500401,1,2026-06-03,San Antonio Spurs,New York Knicks,225,2,PT08M40.00S,520.0,1960.0,31.0,28.0,3.0,3.0,missed_shot,0.6527705217634382,0.3472294782365618,San Antonio Spurs,1,0,0.0
2025-26,0042500401,1,2026-06-03,San Antonio Spurs,New York Knicks,226,2,PT08M36.00S,516.0,1956.0,31.0,28.0,3.0,3.0,rebound,0.6562287482348996,0.3437712517651003,San Antonio Spurs,1,0,0.0
2025-26,0042500401,1,2026-06-03,San Antonio Spurs,New York Knicks,227,2,PT08M28.00S,508.0,1948.0,31.0,28.0,3.0,3.0,missed_shot,0.6567305512139596,0.3432694487860404,San Antonio Spurs,1,0,0.0
2025-26,0042500401,1,2026-06-03,San Antonio Spurs,New York Knicks,228,2,PT08M25.00S,505.0,1945.0,31.0,28.0,3.0,3.0,rebound,0.6563896250793497,0.3436103749206503,San Antonio Spurs,1,0,0.0
2025-26,0042500401,1,2026-06-03,San Antonio Spurs,New York Knicks,229,2,PT08M03.00S,483.0,1923.0,31.0,28.0,3.0,3.0,foul,0.6621021225521125,0.3378978774478874,San Antonio Spurs,1,0,0.0
2025-26,0042500401,1,2026-06-03,San Antonio Spurs,New York Knicks,231,2,PT08M03.00S,483.0,1923.0,31.0,28.0,3.0,3.0,timeout,0.6546529938293489,0.345347006170651,San Antonio Spurs,1,0,0.0
2025-26,0042500401,1,2026-06-03,San Antonio Spurs,New York Knicks,232,2,PT08M03.00S,483.0,1923.0,31.0,28.0,3.0,3.0,instant_replay,0.6633023244798584,0.3366976755201416,San Antonio Spurs,1,0,0.0
2025-26,0042500401,1,2026-06-03,San Antonio Spurs,New York Knicks,233,2,PT08M03.00S,483.0,1923.0,31.0,28.0,3.0,3.0,turnover,0.6571951451548897,0.3428048548451102,San Antonio Spurs,1,0,0.0
2025-26,0042500401,1,2026-06-03,San Antonio Spurs,New York Knicks,234,2,PT08M03.00S,483.0,1923.0,31.0,28.0,3.0,3.0,substitution,0.6573020897858156,0.3426979102141844,San Antonio Spurs,1,0,0.0
2025-26,0042500401,1,2026-06-03,San Antonio Spurs,New York Knicks,235,2,PT08M03.00S,483.0,1923.0,31.0,28.0,3.0,3.0,substitution,0.6573020897858156,0.3426979102141844,San Antonio Spurs,1,0,0.0
2025-26,0042500401,1,2026-06-03,San Antonio Spurs,New York Knicks,236,2,PT08M03.00S,483.0,1923.0,31.0,28.0,3.0,3.0,substitution,0.6573020897858156,0.3426979102141844,San Antonio Spurs,1,0,0.0
2025-26,0042500401,1,2026-06-03,San Antonio Spurs,New York Knicks,237,2,PT08M03.00S,483.0,1923.0,31.0,28.0,3.0,3.0,substitution,0.6573020897858156,0.3426979102141844,San Antonio Spurs,1,0,0.0
2025-26,0042500401,1,2026-06-03,San Antonio Spurs,New York Knicks,238,2,PT08M03.00S,483.0,1923.0,31.0,28.0,3.0,3.0,substitution,0.6573020897858156,0.3426979102141844,San Antonio Spurs,1,0,0.0
2025-26,0042500401,1,2026-06-03,San Antonio Spurs,New York Knicks,239,2,PT08M03.00S,483.0,1923.0,31.0,28.0,3.0,3.0,substitution,0.6573020897858156,0.3426979102141844,San Antonio Spurs,1,0,0.0
2025-26,0042500401,1,2026-06-03,San Antonio Spurs,New York Knicks,240,2,PT08M03.00S,483.0,1923.0,31.0,28.0,3.0,3.0,substitution,0.6573020897858156,0.3426979102141844,San Antonio Spurs,1,0,0.0
2025-26,0042500401,1,2026-06-03,San Antonio Spurs,New York Knicks,248,2,PT07M44.00S,464.0,1904.0,31.0,28.0,3.0,3.0,foul,0.6597707268814976,0.3402292731185024,San Antonio Spurs,1,0,0.0
2025-26,0042500401,1,2026-06-03,San Antonio Spurs,New York Knicks,250,2,PT07M36.00S,456.0,1896.0,31.0,28.0,3.0,3.0,missed_shot,0.6575281100403436,0.3424718899596564,San Antonio Spurs,1,0,0.0
2025-26,0042500401,1,2026-06-03,San Antonio Spurs,New York Knicks,251,2,PT07M35.00S,455.0,1895.0,31.0,28.0,3.0,3.0,rebound,0.6571204307769102,0.3428795692230898,San Antonio Spurs,1,0,0.0
2025-26,0042500401,1,2026-06-03,San Antonio Spurs,New York Knicks,252,2,PT07M26.00S,446.0,1886.0,31.0,30.0,1.0,1.0,made_shot,0.5778657087325121,0.4221342912674879,San Antonio Spurs,1,0,0.0
2025-26,0042500401,1,2026-06-03,San Antonio Spurs,New York Knicks,254,2,PT07M26.00S,446.0,1886.0,31.0,30.0,1.0,1.0,foul,0.5849980774958338,0.4150019225041662,San Antonio Spurs,1,0,0.0
2025-26,0042500401,1,2026-06-03,San Antonio Spurs,New York Knicks,256,2,PT07M26.00S,446.0,1886.0,31.0,30.0,1.0,1.0,substitution,0.5857212843220515,0.4142787156779485,San Antonio Spurs,1,0,0.0
2025-26,0042500401,1,2026-06-03,San Antonio Spurs,New York Knicks,257,2,PT07M26.00S,446.0,1886.0,31.0,30.0,1.0,1.0,substitution,0.5857212843220515,0.4142787156779485,San Antonio Spurs,1,0,0.0
2025-26,0042500401,1,2026-06-03,San Antonio Spurs,New York Knicks,260,2,PT07M26.00S,446.0,1886.0,31.0,30.0,1.0,1.0,free_throw,0.5915985490413703,0.4084014509586297,San Antonio Spurs,1,0,0.0
2025-26,0042500401,1,2026-06-03,San Antonio Spurs,New York Knicks,261,2,PT07M23.00S,443.0,1883.0,31.0,30.0,1.0,1.0,rebound,0.5851321770258229,0.4148678229741771,San Antonio Spurs,1,0,0.0
2025-26,0042500401,1,2026-06-03,San Antonio Spurs,New York Knicks,262,2,PT07M17.00S,437.0,1877.0,31.0,30.0,1.0,1.0,foul,0.5882256168701917,0.4117743831298083,San Antonio Spurs,1,0,0.0
2025-26,0042500401,1,2026-06-03,San Antonio Spurs,New York Knicks,264,2,PT07M17.00S,437.0,1877.0,31.0,30.0,1.0,1.0,free_throw,0.5861641635009491,0.4138358364990508,San Antonio Spurs,1,0,0.0
2025-26,0042500401,1,2026-06-03,San Antonio Spurs,New York Knicks,265,2,PT07M17.00S,437.0,1877.0,31.0,30.0,1.0,1.0,rebound,0.5950814995627265,0.4049185004372735,San Antonio Spurs,1,0,0.0
2025-26,0042500401,1,2026-06-03,San Antonio Spurs,New York Knicks,266,2,PT07M17.00S,437.0,1877.0,32.0,30.0,2.0,2.0,free_throw,0.6213372202981973,0.3786627797018027,San Antonio Spurs,1,0,0.0
2025-26,0042500401,1,2026-06-03,San Antonio Spurs,New York Knicks,267,2,PT07M02.00S,422.0,1862.0,32.0,30.0,2.0,2.0,missed_shot,0.6219410353392143,0.3780589646607857,San Antonio Spurs,1,0,0.0
2025-26,0042500401,1,2026-06-03,San Antonio Spurs,New York Knicks,268,2,PT06M59.00S,419.0,1859.0,32.0,30.0,2.0,2.0,rebound,0.6215854663918653,0.3784145336081347,San Antonio Spurs,1,0,0.0
2025-26,0042500401,1,2026-06-03,San Antonio Spurs,New York Knicks,269,2,PT06M47.00S,407.0,1847.0,32.0,30.0,2.0,2.0,missed_shot,0.6263960827562624,0.3736039172437376,San Antonio Spurs,1,0,0.0
2025-26,0042500401,1,2026-06-03,San Antonio Spurs,New York Knicks,270,2,PT06M44.00S,404.0,1844.0,32.0,30.0,2.0,2.0,rebound,0.6218142015822714,0.3781857984177286,San Antonio Spurs,1,0,0.0
2025-26,0042500401,1,2026-06-03,San Antonio Spurs,New York Knicks,271,2,PT06M41.00S,401.0,1841.0,32.0,30.0,2.0,2.0,missed_shot,0.6223006870943031,0.3776993129056969,San Antonio Spurs,1,0,0.0
2025-26,0042500401,1,2026-06-03,San Antonio Spurs,New York Knicks,272,2,PT06M40.00S,400.0,1840.0,32.0,30.0,2.0,2.0,rebound,0.6218751884845014,0.3781248115154986,San Antonio Spurs,1,0,0.0
2025-26,0042500401,1,2026-06-03,San Antonio Spurs,New York Knicks,273,2,PT06M33.00S,393.0,1833.0,32.0,30.0,2.0,2.0,missed_shot,0.6211340126597817,0.3788659873402182,San Antonio Spurs,1,0,0.0
2025-26,0042500401,1,2026-06-03,San Antonio Spurs,New York Knicks,274,2,PT06M32.00S,392.0,1832.0,32.0,30.0,2.0,2.0,rebound,0.6219971507215254,0.3780028492784746,San Antonio Spurs,1,0,0.0
2025-26,0042500401,1,2026-06-03,San Antonio Spurs,New York Knicks,275,2,PT06M32.00S,392.0,1832.0,32.0,30.0,2.0,2.0,missed_shot,0.6254291462403895,0.3745708537596105,San Antonio Spurs,1,0,0.0
2025-26,0042500401,1,2026-06-03,San Antonio Spurs,New York Knicks,276,2,PT06M31.00S,391.0,1831.0,32.0,30.0,2.0,2.0,rebound,0.6220123949161929,0.3779876050838071,San Antonio Spurs,1,0,0.0
2025-26,0042500401,1,2026-06-03,San Antonio Spurs,New York Knicks,277,2,PT06M25.00S,385.0,1825.0,34.0,30.0,4.0,4.0,made_shot,0.6882385399519607,0.3117614600480393,San Antonio Spurs,1,0,0.0
2025-26,0042500401,1,2026-06-03,San Antonio Spurs,New York Knicks,279,2,PT06M03.00S,363.0,1803.0,34.0,32.0,2.0,2.0,made_shot,0.6190049528442643,0.3809950471557357,San Antonio Spurs,1,0,0.0
2025-26,0042500401,1,2026-06-03,San Antonio Spurs,New York Knicks,280,2,PT05M55.00S,355.0,1795.0,37.0,32.0,5.0,5.0,made_shot,0.7199700234064776,0.2800299765935223,San Antonio Spurs,1,0,0.0
2025-26,0042500401,1,2026-06-03,San Antonio Spurs,New York Knicks,282,2,PT05M52.00S,352.0,1792.0,37.0,32.0,5.0,5.0,timeout,0.7187699662837489,0.2812300337162511,San Antonio Spurs,1,0,0.0
2025-26,0042500401,1,2026-06-03,San Antonio Spurs,New York Knicks,283,2,PT05M37.00S,337.0,1777.0,37.0,32.0,5.0,5.0,missed_shot,0.7199563203289253,0.2800436796710747,San Antonio Spurs,1,0,0.0
2025-26,0042500401,1,2026-06-03,San Antonio Spurs,New York Knicks,284,2,PT05M35.00S,335.0,1775.0,37.0,32.0,5.0,5.0,rebound,0.7208310530741975,0.2791689469258025,San Antonio Spurs,1,0,0.0
2025-26,0042500401,1,2026-06-03,San Antonio Spurs,New York Knicks,285,2,PT05M35.00S,335.0,1775.0,37.0,34.0,3.0,3.0,made_shot,0.6670168563659844,0.3329831436340156,San Antonio Spurs,1,0,0.0
2025-26,0042500401,1,2026-06-03,San Antonio Spurs,New York Knicks,286,2,PT05M22.00S,322.0,1762.0,37.0,34.0,3.0,3.0,foul,0.6606171724651848,0.3393828275348152,San Antonio Spurs,1,0,0.0
2025-26,0042500401,1,2026-06-03,San Antonio Spurs,New York Knicks,288,2,PT05M22.00S,322.0,1762.0,37.0,34.0,3.0,3.0,turnover,0.6556998443124508,0.3443001556875492,San Antonio Spurs,1,0,0.0
2025-26,0042500401,1,2026-06-03,San Antonio Spurs,New York Knicks,289,2,PT05M01.00S,301.0,1741.0,37.0,36.0,1.0,1.0,made_shot,0.5811163995503765,0.4188836004496234,San Antonio Spurs,1,0,0.0
2025-26,0042500401,1,2026-06-03,San Antonio Spurs,New York Knicks,290,2,PT04M44.00S,284.0,1724.0,37.0,36.0,1.0,1.0,missed_shot,0.5904930560713169,0.4095069439286831,San Antonio Spurs,1,0,0.0
2025-26,0042500401,1,2026-06-03,San Antonio Spurs,New York Knicks,291,2,PT04M40.00S,280.0,1720.0,37.0,36.0,1.0,1.0,rebound,0.5835532552329513,0.4164467447670487,San Antonio Spurs,1,0,0.0
2025-26,0042500401,1,2026-06-03,San Antonio Spurs,New York Knicks,292,2,PT04M20.00S,260.0,1700.0,37.0,38.0,-1.0,1.0,made_shot,0.5069171126798228,0.4930828873201772,San Antonio Spurs,1,0,0.0
2025-26,0042500401,1,2026-06-03,San Antonio Spurs,New York Knicks,293,2,PT04M11.00S,251.0,1691.0,39.0,38.0,1.0,1.0,made_shot,0.5716626141982937,0.4283373858017063,San Antonio Spurs,1,0,0.0
2025-26,0042500401,1,2026-06-03,San Antonio Spurs,New York Knicks,294,2,PT03M56.00S,236.0,1676.0,39.0,40.0,-1.0,1.0,made_shot,0.507405546930307,0.4925944530696929,San Antonio Spurs,1,0,0.0
2025-26,0042500401,1,2026-06-03,San Antonio Spurs,New York Knicks,295,2,PT03M45.00S,225.0,1665.0,39.0,40.0,-1.0,1.0,missed_shot,0.5087125449636157,0.4912874550363842,San Antonio Spurs,1,0,0.0
2025-26,0042500401,1,2026-06-03,San Antonio Spurs,New York Knicks,296,2,PT03M42.00S,222.0,1662.0,39.0,40.0,-1.0,1.0,rebound,0.5083346693730353,0.4916653306269647,San Antonio Spurs,1,0,0.0
2025-26,0042500401,1,2026-06-03,San Antonio Spurs,New York Knicks,297,2,PT03M37.00S,217.0,1657.0,39.0,40.0,-1.0,1.0,foul,0.5115064992936871,0.4884935007063129,San Antonio Spurs,1,0,0.0
2025-26,0042500401,1,2026-06-03,San Antonio Spurs,New York Knicks,299,2,PT03M37.00S,217.0,1657.0,39.0,40.0,-1.0,1.0,substitution,0.509070941604726,0.490929058395274,San Antonio Spurs,1,0,0.0
2025-26,0042500401,1,2026-06-03,San Antonio Spurs,New York Knicks,300,2,PT03M37.00S,217.0,1657.0,39.0,40.0,-1.0,1.0,substitution,0.509070941604726,0.490929058395274,San Antonio Spurs,1,0,0.0
2025-26,0042500401,1,2026-06-03,San Antonio Spurs,New York Knicks,301,2,PT03M37.00S,217.0,1657.0,39.0,40.0,-1.0,1.0,substitution,0.509070941604726,0.490929058395274,San Antonio Spurs,1,0,0.0
2025-26,0042500401,1,2026-06-03,San Antonio Spurs,New York Knicks,305,2,PT03M30.00S,210.0,1650.0,39.0,40.0,-1.0,1.0,turnover,0.5144092043925559,0.4855907956074441,San Antonio Spurs,1,0,0.0
2025-26,0042500401,1,2026-06-03,San Antonio Spurs,New York Knicks,306,2,PT03M19.00S,199.0,1639.0,42.0,40.0,2.0,2.0,made_shot,0.6175402486497557,0.3824597513502443,San Antonio Spurs,1,0,0.0
2025-26,0042500401,1,2026-06-03,San Antonio Spurs,New York Knicks,308,2,PT03M01.00S,181.0,1621.0,42.0,40.0,2.0,2.0,missed_shot,0.61896101903781,0.38103898096219,San Antonio Spurs,1,0,0.0
2025-26,0042500401,1,2026-06-03,San Antonio Spurs,New York Knicks,309,2,PT02M58.00S,178.0,1618.0,42.0,40.0,2.0,2.0,rebound,0.6185646605617108,0.3814353394382892,San Antonio Spurs,1,0,0.0
2025-26,0042500401,1,2026-06-03,San Antonio Spurs,New York Knicks,310,2,PT02M51.00S,171.0,1611.0,42.0,40.0,2.0,2.0,missed_shot,0.6190742395848542,0.3809257604151458,San Antonio Spurs,1,0,0.0
2025-26,0042500401,1,2026-06-03,San Antonio Spurs,New York Knicks,311,2,PT02M48.00S,168.0,1608.0,42.0,40.0,2.0,2.0,rebound,0.618717627327614,0.3812823726723859,San Antonio Spurs,1,0,0.0
2025-26,0042500401,1,2026-06-03,San Antonio Spurs,New York Knicks,312,2,PT02M32.00S,152.0,1592.0,42.0,43.0,-1.0,1.0,made_shot,0.5110948911969505,0.4889051088030495,San Antonio Spurs,1,0,0.0
2025-26,0042500401,1,2026-06-03,San Antonio Spurs,New York Knicks,314,2,PT02M24.00S,144.0,1584.0,42.0,43.0,-1.0,1.0,foul,0.5073761214946059,0.4926238785053941,San Antonio Spurs,1,0,0.0
2025-26,0042500401,1,2026-06-03,San Antonio Spurs,New York Knicks,316,2,PT02M24.00S,144.0,1584.0,43.0,43.0,0.0,0.0,free_throw,0.5436328070557043,0.4563671929442957,San Antonio Spurs,1,0,0.0
2025-26,0042500401,1,2026-06-03,San Antonio Spurs,New York Knicks,317,2,PT02M24.00S,144.0,1584.0,43.0,43.0,0.0,0.0,substitution,0.5443961477050813,0.4556038522949187,San Antonio Spurs,1,0,0.0
2025-26,0042500401,1,2026-06-03,San Antonio Spurs,New York Knicks,318,2,PT02M24.00S,144.0,1584.0,43.0,43.0,0.0,0.0,substitution,0.5443961477050813,0.4556038522949187,San Antonio Spurs,1,0,0.0
2025-26,0042500401,1,2026-06-03,San Antonio Spurs,New York Knicks,319,2,PT02M24.00S,144.0,1584.0,43.0,43.0,0.0,0.0,substitution,0.5443961477050813,0.4556038522949187,San Antonio Spurs,1,0,0.0
2025-26,0042500401,1,2026-06-03,San Antonio Spurs,New York Knicks,320,2,PT02M24.00S,144.0,1584.0,43.0,43.0,0.0,0.0,substitution,0.5443961477050813,0.4556038522949187,San Antonio Spurs,1,0,0.0
2025-26,0042500401,1,2026-06-03,San Antonio Spurs,New York Knicks,325,2,PT02M24.00S,144.0,1584.0,44.0,43.0,1.0,1.0,free_throw,0.5808814340693806,0.4191185659306193,San Antonio Spurs,1,0,0.0
2025-26,0042500401,1,2026-06-03,San Antonio Spurs,New York Knicks,326,2,PT02M10.00S,130.0,1570.0,44.0,43.0,1.0,1.0,missed_shot,0.5814905308089908,0.4185094691910092,San Antonio Spurs,1,0,0.0
2025-26,0042500401,1,2026-06-03,San Antonio Spurs,New York Knicks,327,2,PT02M08.00S,128.0,1568.0,44.0,43.0,1.0,1.0,rebound,0.5811067577420391,0.4188932422579609,San Antonio Spurs,1,0,0.0
2025-26,0042500401,1,2026-06-03,San Antonio Spurs,New York Knicks,328,2,PT01M59.00S,119.0,1559.0,47.0,43.0,4.0,4.0,made_shot,0.6851349742186778,0.3148650257813222,San Antonio Spurs,1,0,0.0
2025-26,0042500401,1,2026-06-03,San Antonio Spurs,New York Knicks,330,2,PT01M34.00S,94.0,1534.0,47.0,46.0,1.0,1.0,made_shot,0.5788392733513998,0.4211607266486001,San Antonio Spurs,1,0,0.0
2025-26,0042500401,1,2026-06-03,San Antonio Spurs,New York Knicks,332,2,PT01M22.00S,82.0,1522.0,50.0,46.0,4.0,4.0,made_shot,0.683809872583033,0.3161901274169669,San Antonio Spurs,1,0,0.0
2025-26,0042500401,1,2026-06-03,San Antonio Spurs,New York Knicks,334,2,PT01M14.00S,74.0,1514.0,50.0,46.0,4.0,4.0,foul,0.6872300287297023,0.3127699712702977,San Antonio Spurs,1,0,0.0
2025-26,0042500401,1,2026-06-03,San Antonio Spurs,New York Knicks,336,2,PT01M14.00S,74.0,1514.0,50.0,46.0,4.0,4.0,substitution,0.6851312813343825,0.3148687186656175,San Antonio Spurs,1,0,0.0
2025-26,0042500401,1,2026-06-03,San Antonio Spurs,New York Knicks,337,2,PT01M14.00S,74.0,1514.0,50.0,46.0,4.0,4.0,substitution,0.6851312813343825,0.3148687186656175,San Antonio Spurs,1,0,0.0
2025-26,0042500401,1,2026-06-03,San Antonio Spurs,New York Knicks,338,2,PT01M14.00S,74.0,1514.0,50.0,46.0,4.0,4.0,substitution,0.6851312813343825,0.3148687186656175,San Antonio Spurs,1,0,0.0
2025-26,0042500401,1,2026-06-03,San Antonio Spurs,New York Knicks,342,2,PT00M58.50S,58.5,1498.5,50.0,46.0,4.0,4.0,missed_shot,0.6890246389047914,0.3109753610952086,San Antonio Spurs,1,0,0.0
2025-26,0042500401,1,2026-06-03,San Antonio Spurs,New York Knicks,343,2,PT00M57.60S,57.6,1497.6,50.0,46.0,4.0,4.0,rebound,0.6847949822644411,0.3152050177355588,San Antonio Spurs,1,0,0.0
2025-26,0042500401,1,2026-06-03,San Antonio Spurs,New York Knicks,344,2,PT00M57.60S,57.6,1497.6,50.0,46.0,4.0,4.0,foul,0.6904301311479332,0.3095698688520668,San Antonio Spurs,1,0,0.0
2025-26,0042500401,1,2026-06-03,San Antonio Spurs,New York Knicks,346,2,PT00M57.60S,57.6,1497.6,50.0,47.0,3.0,3.0,free_throw,0.6506156962300864,0.3493843037699136,San Antonio Spurs,1,0,0.0
2025-26,0042500401,1,2026-06-03,San Antonio Spurs,New York Knicks,347,2,PT00M57.60S,57.6,1497.6,50.0,48.0,2.0,2.0,free_throw,0.6150570181037911,0.3849429818962089,San Antonio Spurs,1,0,0.0
2025-26,0042500401,1,2026-06-03,San Antonio Spurs,New York Knicks,348,2,PT00M47.80S,47.8,1487.8,50.0,48.0,2.0,2.0,missed_shot,0.6198399196298308,0.3801600803701692,San Antonio Spurs,1,0,0.0
2025-26,0042500401,1,2026-06-03,San Antonio Spurs,New York Knicks,349,2,PT00M45.10S,45.1,1485.1,50.0,48.0,2.0,2.0,rebound,0.6152224189261775,0.3847775810738225,San Antonio Spurs,1,0,0.0
2025-26,0042500401,1,2026-06-03,San Antonio Spurs,New York Knicks,350,2,PT00M39.20S,39.2,1479.2,50.0,48.0,2.0,2.0,unknown,0.6125574157710267,0.3874425842289732,San Antonio Spurs,1,0,0.0
2025-26,0042500401,1,2026-06-03,San Antonio Spurs,New York Knicks,352,2,PT00M37.40S,37.4,1477.4,52.0,48.0,4.0,4.0,made_shot,0.6876491573406405,0.3123508426593595,San Antonio Spurs,1,0,0.0
2025-26,0042500401,1,2026-06-03,San Antonio Spurs,New York Knicks,353,2,PT00M24.30S,24.3,1464.3,52.0,48.0,4.0,4.0,missed_shot,0.6831211227201863,0.3168788772798137,San Antonio Spurs,1,0,0.0
2025-26,0042500401,1,2026-06-03,San Antonio Spurs,New York Knicks,354,2,PT00M23.00S,23.0,1463.0,52.0,48.0,4.0,4.0,rebound,0.6840506127572187,0.3159493872427813,San Antonio Spurs,1,0,0.0
2025-26,0042500401,1,2026-06-03,San Antonio Spurs,New York Knicks,355,2,PT00M02.30S,2.3,1442.3,55.0,48.0,7.0,7.0,made_shot,0.7726546372823165,0.2273453627176834,San Antonio Spurs,1,0,0.0
2025-26,0042500401,1,2026-06-03,San Antonio Spurs,New York Knicks,357,2,PT00M00.30S,0.3,1440.3,55.0,48.0,7.0,7.0,unknown,0.7711548466821128,0.2288451533178872,San Antonio Spurs,1,0,0.0
2025-26,0042500401,1,2026-06-03,San Antonio Spurs,New York Knicks,359,2,PT00M00.10S,0.1,1440.1,55.0,48.0,7.0,7.0,rebound,0.773202337338027,0.226797662661973,San Antonio Spurs,1,0,0.0
2025-26,0042500401,1,2026-06-03,San Antonio Spurs,New York Knicks,360,2,PT00M00.00S,0.0,1440.0,55.0,48.0,7.0,7.0,end_period,0.7687442397568429,0.231255760243157,San Antonio Spurs,1,0,0.0
2025-26,0042500401,1,2026-06-03,San Antonio Spurs,New York Knicks,361,2,PT00M23.00S,23.0,1463.0,55.0,48.0,7.0,7.0,missed_shot,0.7829950570388524,0.2170049429611475,San Antonio Spurs,1,0,0.0
2025-26,0042500401,1,2026-06-03,San Antonio Spurs,New York Knicks,362,2,PT00M22.20S,22.2,1462.2,55.0,48.0,7.0,7.0,rebound,0.7729509644514045,0.2270490355485954,San Antonio Spurs,1,0,0.0
2025-26,0042500401,1,2026-06-03,San Antonio Spurs,New York Knicks,365,3,PT12M00.00S,720.0,1440.0,55.0,48.0,7.0,7.0,start_period,0.7709498901335672,0.2290501098664328,San Antonio Spurs,1,0,0.0
2025-26,0042500401,1,2026-06-03,San Antonio Spurs,New York Knicks,366,3,PT11M52.00S,712.0,1432.0,55.0,48.0,7.0,7.0,foul,0.7763128424978756,0.2236871575021244,San Antonio Spurs,1,0,0.0
2025-26,0042500401,1,2026-06-03,San Antonio Spurs,New York Knicks,368,3,PT11M43.00S,703.0,1423.0,55.0,48.0,7.0,7.0,missed_shot,0.7745872661220774,0.2254127338779226,San Antonio Spurs,1,0,0.0
2025-26,0042500401,1,2026-06-03,San Antonio Spurs,New York Knicks,369,3,PT11M41.00S,701.0,1421.0,55.0,48.0,7.0,7.0,rebound,0.7742824281948202,0.2257175718051798,San Antonio Spurs,1,0,0.0
2025-26,0042500401,1,2026-06-03,San Antonio Spurs,New York Knicks,370,3,PT11M19.00S,679.0,1399.0,55.0,48.0,7.0,7.0,missed_shot,0.7748294871383484,0.2251705128616515,San Antonio Spurs,1,0,0.0
2025-26,0042500401,1,2026-06-03,San Antonio Spurs,New York Knicks,371,3,PT11M16.00S,676.0,1396.0,55.0,48.0,7.0,7.0,rebound,0.7745655909295832,0.2254344090704167,San Antonio Spurs,1,0,0.0
2025-26,0042500401,1,2026-06-03,San Antonio Spurs,New York Knicks,372,3,PT11M10.00S,670.0,1390.0,55.0,48.0,7.0,7.0,turnover,0.782036698986009,0.2179633010139909,San Antonio Spurs,1,0,0.0
2025-26,0042500401,1,2026-06-03,San Antonio Spurs,New York Knicks,373,3,PT10M58.00S,658.0,1378.0,55.0,48.0,7.0,7.0,foul,0.7769202436966257,0.2230797563033743,San Antonio Spurs,1,0,0.0
2025-26,0042500401,1,2026-06-03,San Antonio Spurs,New York Knicks,375,3,PT10M44.00S,644.0,1364.0,55.0,48.0,7.0,7.0,missed_shot,0.7783494193341833,0.2216505806658166,San Antonio Spurs,1,0,0.0
2025-26,0042500401,1,2026-06-03,San Antonio Spurs,New York Knicks,376,3,PT10M41.00S,641.0,1361.0,55.0,48.0,7.0,7.0,rebound,0.7749615955046109,0.2250384044953891,San Antonio Spurs,1,0,0.0
2025-26,0042500401,1,2026-06-03,San Antonio Spurs,New York Knicks,377,3,PT10M31.00S,631.0,1351.0,55.0,48.0,7.0,7.0,foul,0.7750122530815685,0.2249877469184314,San Antonio Spurs,1,0,0.0
2025-26,0042500401,1,2026-06-03,San Antonio Spurs,New York Knicks,379,3,PT10M31.00S,631.0,1351.0,56.0,48.0,8.0,8.0,free_throw,0.8002063653602443,0.1997936346397557,San Antonio Spurs,1,0,0.0
2025-26,0042500401,1,2026-06-03,San Antonio Spurs,New York Knicks,380,3,PT10M31.00S,631.0,1351.0,57.0,48.0,9.0,9.0,free_throw,0.8233194757345187,0.1766805242654813,San Antonio Spurs,1,0,0.0
2025-26,0042500401,1,2026-06-03,San Antonio Spurs,New York Knicks,381,3,PT10M12.00S,612.0,1332.0,57.0,48.0,9.0,9.0,missed_shot,0.8237546962894741,0.1762453037105259,San Antonio Spurs,1,0,0.0
2025-26,0042500401,1,2026-06-03,San Antonio Spurs,New York Knicks,382,3,PT10M09.00S,609.0,1329.0,57.0,48.0,9.0,9.0,rebound,0.8235106229194858,0.1764893770805141,San Antonio Spurs,1,0,0.0
2025-26,0042500401,1,2026-06-03,San Antonio Spurs,New York Knicks,383,3,PT10M04.00S,604.0,1324.0,57.0,48.0,9.0,9.0,missed_shot,0.8213625245168726,0.1786374754831273,San Antonio Spurs,1,0,0.0
2025-26,0042500401,1,2026-06-03,San Antonio Spurs,New York Knicks,384,3,PT10M03.00S,603.0,1323.0,57.0,48.0,9.0,9.0,rebound,0.8235671568030044,0.1764328431969956,San Antonio Spurs,1,0,0.0
2025-26,0042500401,1,2026-06-03,San Antonio Spurs,New York Knicks,386,3,PT09M46.00S,586.0,1306.0,57.0,48.0,9.0,9.0,missed_shot,0.8265731463620914,0.1734268536379085,San Antonio Spurs,1,0,0.0
2025-26,0042500401,1,2026-06-03,San Antonio Spurs,New York Knicks,387,3,PT09M44.00S,584.0,1304.0,57.0,48.0,9.0,9.0,rebound,0.8237460868900485,0.1762539131099515,San Antonio Spurs,1,0,0.0
2025-26,0042500401,1,2026-06-03,San Antonio Spurs,New York Knicks,389,3,PT09M31.00S,571.0,1291.0,59.0,48.0,11.0,11.0,made_shot,0.8624252056285805,0.1375747943714195,San Antonio Spurs,1,0,0.0
2025-26,0042500401,1,2026-06-03,San Antonio Spurs,New York Knicks,394,3,PT09M22.00S,562.0,1282.0,59.0,48.0,11.0,11.0,foul,0.864997095254391,0.135002904745609,San Antonio Spurs,1,0,0.0
2025-26,0042500401,1,2026-06-03,San Antonio Spurs,New York Knicks,396,3,PT09M17.00S,557.0,1277.0,59.0,50.0,9.0,9.0,made_shot,0.8249397714479749,0.175060228552025,San Antonio Spurs,1,0,0.0
2025-26,0042500401,1,2026-06-03,San Antonio Spurs,New York Knicks,398,3,PT09M07.00S,547.0,1267.0,59.0,50.0,9.0,9.0,foul,0.8232157249500415,0.1767842750499585,San Antonio Spurs,1,0,0.0
2025-26,0042500401,1,2026-06-03,San Antonio Spurs,New York Knicks,400,3,PT09M07.00S,547.0,1267.0,60.0,50.0,10.0,10.0,free_throw,0.844097846352678,0.1559021536473219,San Antonio Spurs,1,0,0.0
2025-26,0042500401,1,2026-06-03,San Antonio Spurs,New York Knicks,401,3,PT09M07.00S,547.0,1267.0,61.0,50.0,11.0,11.0,free_throw,0.8630026691242364,0.1369973308757636,San Antonio Spurs,1,0,0.0
2025-26,0042500401,1,2026-06-03,San Antonio Spurs,New York Knicks,402,3,PT08M45.00S,525.0,1245.0,61.0,50.0,11.0,11.0,missed_shot,0.863379306284673,0.136620693715327,San Antonio Spurs,1,0,0.0
2025-26,0042500401,1,2026-06-03,San Antonio Spurs,New York Knicks,403,3,PT08M42.00S,522.0,1242.0,61.0,50.0,11.0,11.0,rebound,0.8631809929153071,0.1368190070846928,San Antonio Spurs,1,0,0.0
2025-26,0042500401,1,2026-06-03,San Antonio Spurs,New York Knicks,404,3,PT08M32.00S,512.0,1232.0,61.0,50.0,11.0,11.0,missed_shot,0.8634588590546732,0.1365411409453267,San Antonio Spurs,1,0,0.0
2025-26,0042500401,1,2026-06-03,San Antonio Spurs,New York Knicks,405,3,PT08M30.00S,510.0,1230.0,61.0,50.0,11.0,11.0,rebound,0.8632728539383775,0.1367271460616225,San Antonio Spurs,1,0,0.0
2025-26,0042500401,1,2026-06-03,San Antonio Spurs,New York Knicks,406,3,PT08M11.00S,491.0,1211.0,61.0,50.0,11.0,11.0,missed_shot,0.8657579812394551,0.1342420187605448,San Antonio Spurs,1,0,0.0
2025-26,0042500401,1,2026-06-03,San Antonio Spurs,New York Knicks,407,3,PT08M08.00S,488.0,1208.0,61.0,50.0,11.0,11.0,rebound,0.8634411309957952,0.1365588690042047,San Antonio Spurs,1,0,0.0
2025-26,0042500401,1,2026-06-03,San Antonio Spurs,New York Knicks,408,3,PT08M04.00S,484.0,1204.0,61.0,50.0,11.0,11.0,unknown,0.8620953458125014,0.1379046541874986,San Antonio Spurs,1,0,0.0
2025-26,0042500401,1,2026-06-03,San Antonio Spurs,New York Knicks,409,3,PT08M03.00S,483.0,1203.0,61.0,50.0,11.0,11.0,rebound,0.8634793514576511,0.1365206485423489,San Antonio Spurs,1,0,0.0
2025-26,0042500401,1,2026-06-03,San Antonio Spurs,New York Knicks,410,3,PT08M02.00S,482.0,1202.0,63.0,50.0,13.0,13.0,made_shot,0.9002298972090738,0.0997701027909262,San Antonio Spurs,1,0,0.0
2025-26,0042500401,1,2026-06-03,San Antonio Spurs,New York Knicks,411,3,PT07M53.00S,473.0,1193.0,63.0,50.0,13.0,13.0,missed_shot,0.8955487117222743,0.1044512882777256,San Antonio Spurs,1,0,0.0
2025-26,0042500401,1,2026-06-03,San Antonio Spurs,New York Knicks,412,3,PT07M51.00S,471.0,1191.0,63.0,50.0,13.0,13.0,rebound,0.8953853633008283,0.1046146366991717,San Antonio Spurs,1,0,0.0
2025-26,0042500401,1,2026-06-03,San Antonio Spurs,New York Knicks,413,3,PT07M46.00S,466.0,1186.0,63.0,50.0,13.0,13.0,foul,0.8965683094778167,0.1034316905221832,San Antonio Spurs,1,0,0.0
2025-26,0042500401,1,2026-06-03,San Antonio Spurs,New York Knicks,415,3,PT07M46.00S,466.0,1186.0,63.0,50.0,13.0,13.0,substitution,0.8956609933993744,0.1043390066006255,San Antonio Spurs,1,0,0.0
2025-26,0042500401,1,2026-06-03,San Antonio Spurs,New York Knicks,417,3,PT07M39.00S,459.0,1179.0,63.0,50.0,13.0,13.0,missed_shot,0.895617858962366,0.1043821410376339,San Antonio Spurs,1,0,0.0
2025-26,0042500401,1,2026-06-03,San Antonio Spurs,New York Knicks,418,3,PT07M35.00S,455.0,1175.0,63.0,50.0,13.0,13.0,rebound,0.8954824967341846,0.1045175032658154,San Antonio Spurs,1,0,0.0
2025-26,0042500401,1,2026-06-03,San Antonio Spurs,New York Knicks,419,3,PT07M33.00S,453.0,1173.0,63.0,50.0,13.0,13.0,missed_shot,0.8956542218034972,0.1043457781965028,San Antonio Spurs,1,0,0.0
2025-26,0042500401,1,2026-06-03,San Antonio Spurs,New York Knicks,420,3,PT07M33.00S,453.0,1173.0,63.0,50.0,13.0,13.0,rebound,0.8954946328106507,0.1045053671893493,San Antonio Spurs,1,0,0.0
2025-26,0042500401,1,2026-06-03,San Antonio Spurs,New York Knicks,421,3,PT07M15.00S,435.0,1155.0,63.0,50.0,13.0,13.0,missed_shot,0.8957632431838219,0.104236756816178,San Antonio Spurs,1,0,0.0
2025-26,0042500401,1,2026-06-03,San Antonio Spurs,New York Knicks,422,3,PT07M11.00S,431.0,1151.0,63.0,50.0,13.0,13.0,rebound,0.8956280475181672,0.1043719524818328,San Antonio Spurs,1,0,0.0
2025-26,0042500401,1,2026-06-03,San Antonio Spurs,New York Knicks,423,3,PT07M07.00S,427.0,1147.0,63.0,50.0,13.0,13.0,missed_shot,0.8939758176344789,0.1060241823655211,San Antonio Spurs,1,0,0.0
2025-26,0042500401,1,2026-06-03,San Antonio Spurs,New York Knicks,424,3,PT07M04.00S,424.0,1144.0,63.0,50.0,13.0,13.0,rebound,0.8956704660862258,0.1043295339137742,San Antonio Spurs,1,0,0.0
2025-26,0042500401,1,2026-06-03,San Antonio Spurs,New York Knicks,426,3,PT07M04.00S,424.0,1144.0,63.0,50.0,13.0,13.0,substitution,0.8959152054622699,0.1040847945377301,San Antonio Spurs,1,0,0.0
2025-26,0042500401,1,2026-06-03,San Antonio Spurs,New York Knicks,428,3,PT06M58.00S,418.0,1138.0,63.0,50.0,13.0,13.0,missed_shot,0.8958661153891542,0.1041338846108458,San Antonio Spurs,1,0,0.0
2025-26,0042500401,1,2026-06-03,San Antonio Spurs,New York Knicks,429,3,PT06M54.00S,414.0,1134.0,63.0,50.0,13.0,13.0,rebound,0.8957310376182509,0.1042689623817491,San Antonio Spurs,1,0,0.0
2025-26,0042500401,1,2026-06-03,San Antonio Spurs,New York Knicks,430,3,PT06M50.00S,410.0,1130.0,63.0,50.0,13.0,13.0,foul,0.8957218352359059,0.1042781647640941,San Antonio Spurs,1,0,0.0
2025-26,0042500401,1,2026-06-03,San Antonio Spurs,New York Knicks,432,3,PT06M50.00S,410.0,1130.0,63.0,50.0,13.0,13.0,timeout,0.8949008555286203,0.1050991444713796,San Antonio Spurs,1,0,0.0
2025-26,0042500401,1,2026-06-03,San Antonio Spurs,New York Knicks,433,3,PT06M50.00S,410.0,1130.0,63.0,50.0,13.0,13.0,free_throw,0.8961154908798182,0.1038845091201817,San Antonio Spurs,1,0,0.0
2025-26,0042500401,1,2026-06-03,San Antonio Spurs,New York Knicks,434,3,PT06M50.00S,410.0,1130.0,63.0,50.0,13.0,13.0,rebound,0.8994991150726415,0.1005008849273585,San Antonio Spurs,1,0,0.0
2025-26,0042500401,1,2026-06-03,San Antonio Spurs,New York Knicks,436,3,PT06M50.00S,410.0,1130.0,63.0,51.0,12.0,12.0,free_throw,0.8805178771383618,0.1194821228616381,San Antonio Spurs,1,0,0.0
2025-26,0042500401,1,2026-06-03,San Antonio Spurs,New York Knicks,437,3,PT06M31.00S,391.0,1111.0,65.0,51.0,14.0,14.0,made_shot,0.9081509955808962,0.0918490044191038,San Antonio Spurs,1,0,0.0
2025-26,0042500401,1,2026-06-03,San Antonio Spurs,New York Knicks,438,3,PT06M10.00S,370.0,1090.0,65.0,53.0,12.0,12.0,made_shot,0.8798833241375664,0.1201166758624335,San Antonio Spurs,1,0,0.0
2025-26,0042500401,1,2026-06-03,San Antonio Spurs,New York Knicks,439,3,PT06M10.00S,370.0,1090.0,65.0,53.0,12.0,12.0,foul,0.8829192812153093,0.1170807187846907,San Antonio Spurs,1,0,0.0
2025-26,0042500401,1,2026-06-03,San Antonio Spurs,New York Knicks,442,3,PT06M10.00S,370.0,1090.0,65.0,54.0,11.0,11.0,free_throw,0.8656481614303084,0.1343518385696915,San Antonio Spurs,1,0,0.0
2025-26,0042500401,1,2026-06-03,San Antonio Spurs,New York Knicks,443,3,PT06M10.00S,370.0,1090.0,65.0,54.0,11.0,11.0,substitution,0.8633105709067543,0.1366894290932456,San Antonio Spurs,1,0,0.0
2025-26,0042500401,1,2026-06-03,San Antonio Spurs,New York Knicks,444,3,PT06M10.00S,370.0,1090.0,65.0,54.0,11.0,11.0,substitution,0.8633105709067543,0.1366894290932456,San Antonio Spurs,1,0,0.0
2025-26,0042500401,1,2026-06-03,San Antonio Spurs,New York Knicks,447,3,PT05M58.00S,358.0,1078.0,67.0,54.0,13.0,13.0,made_shot,0.8947408029405425,0.1052591970594575,San Antonio Spurs,1,0,0.0
2025-26,0042500401,1,2026-06-03,San Antonio Spurs,New York Knicks,448,3,PT05M40.00S,340.0,1060.0,67.0,56.0,11.0,11.0,made_shot,0.8677496611380403,0.1322503388619597,San Antonio Spurs,1,0,0.0
2025-26,0042500401,1,2026-06-03,San Antonio Spurs,New York Knicks,449,3,PT05M33.00S,333.0,1053.0,67.0,56.0,11.0,11.0,missed_shot,0.8628134720904604,0.1371865279095395,San Antonio Spurs,1,0,0.0
2025-26,0042500401,1,2026-06-03,San Antonio Spurs,New York Knicks,450,3,PT05M31.00S,331.0,1051.0,67.0,56.0,11.0,11.0,rebound,0.8626267276622285,0.1373732723377715,San Antonio Spurs,1,0,0.0
2025-26,0042500401,1,2026-06-03,San Antonio Spurs,New York Knicks,451,3,PT05M21.00S,321.0,1041.0,67.0,58.0,9.0,9.0,made_shot,0.815418509440995,0.1845814905590049,San Antonio Spurs,1,0,0.0
2025-26,0042500401,1,2026-06-03,San Antonio Spurs,New York Knicks,452,3,PT05M21.00S,321.0,1041.0,67.0,58.0,9.0,9.0,foul,0.8220330068654913,0.1779669931345087,San Antonio Spurs,1,0,0.0
2025-26,0042500401,1,2026-06-03,San Antonio Spurs,New York Knicks,455,3,PT05M21.00S,321.0,1041.0,67.0,58.0,9.0,9.0,substitution,0.8224684988220333,0.1775315011779666,San Antonio Spurs,1,0,0.0
2025-26,0042500401,1,2026-06-03,San Antonio Spurs,New York Knicks,457,3,PT05M21.00S,321.0,1041.0,67.0,59.0,8.0,8.0,free_throw,0.8020920597039687,0.1979079402960313,San Antonio Spurs,1,0,0.0
2025-26,0042500401,1,2026-06-03,San Antonio Spurs,New York Knicks,458,3,PT05M07.00S,307.0,1027.0,67.0,59.0,8.0,8.0,unknown,0.7967538483473114,0.2032461516526885,San Antonio Spurs,1,0,0.0
2025-26,0042500401,1,2026-06-03,San Antonio Spurs,New York Knicks,460,3,PT05M04.00S,304.0,1024.0,67.0,59.0,8.0,8.0,rebound,0.7986613044082552,0.2013386955917447,San Antonio Spurs,1,0,0.0
2025-26,0042500401,1,2026-06-03,San Antonio Spurs,New York Knicks,461,3,PT04M58.00S,298.0,1018.0,67.0,61.0,6.0,6.0,made_shot,0.7468385566467364,0.2531614433532636,San Antonio Spurs,1,0,0.0
2025-26,0042500401,1,2026-06-03,San Antonio Spurs,New York Knicks,463,3,PT04M57.00S,297.0,1017.0,67.0,61.0,6.0,6.0,timeout,0.7430528960905786,0.2569471039094214,San Antonio Spurs,1,0,0.0
2025-26,0042500401,1,2026-06-03,San Antonio Spurs,New York Knicks,467,3,PT04M57.00S,297.0,1017.0,67.0,61.0,6.0,6.0,substitution,0.7452877270439181,0.2547122729560819,San Antonio Spurs,1,0,0.0
2025-26,0042500401,1,2026-06-03,San Antonio Spurs,New York Knicks,468,3,PT04M57.00S,297.0,1017.0,67.0,61.0,6.0,6.0,substitution,0.7452877270439181,0.2547122729560819,San Antonio Spurs,1,0,0.0
2025-26,0042500401,1,2026-06-03,San Antonio Spurs,New York Knicks,471,3,PT04M35.00S,275.0,995.0,69.0,61.0,8.0,8.0,made_shot,0.7955384216831731,0.2044615783168268,San Antonio Spurs,1,0,0.0
2025-26,0042500401,1,2026-06-03,San Antonio Spurs,New York Knicks,473,3,PT04M22.00S,262.0,982.0,69.0,61.0,8.0,8.0,missed_shot,0.7984856830504794,0.2015143169495206,San Antonio Spurs,1,0,0.0
2025-26,0042500401,1,2026-06-03,San Antonio Spurs,New York Knicks,474,3,PT04M20.00S,260.0,980.0,69.0,61.0,8.0,8.0,rebound,0.7982047444840294,0.2017952555159705,San Antonio Spurs,1,0,0.0
2025-26,0042500401,1,2026-06-03,San Antonio Spurs,New York Knicks,475,3,PT04M13.00S,253.0,973.0,69.0,61.0,8.0,8.0,unknown,0.7963992184190135,0.2036007815809865,San Antonio Spurs,1,0,0.0
2025-26,0042500401,1,2026-06-03,San Antonio Spurs,New York Knicks,477,3,PT04M08.00S,248.0,968.0,69.0,64.0,5.0,5.0,made_shot,0.7099392222014794,0.2900607777985206,San Antonio Spurs,1,0,0.0
2025-26,0042500401,1,2026-06-03,San Antonio Spurs,New York Knicks,479,3,PT03M50.00S,230.0,950.0,69.0,64.0,5.0,5.0,missed_shot,0.7145692939855296,0.2854307060144704,San Antonio Spurs,1,0,0.0
2025-26,0042500401,1,2026-06-03,San Antonio Spurs,New York Knicks,480,3,PT03M48.00S,228.0,948.0,69.0,64.0,5.0,5.0,rebound,0.714247585326277,0.285752414673723,San Antonio Spurs,1,0,0.0
2025-26,0042500401,1,2026-06-03,San Antonio Spurs,New York Knicks,481,3,PT03M40.00S,220.0,940.0,69.0,64.0,5.0,5.0,missed_shot,0.7147015176119517,0.2852984823880483,San Antonio Spurs,1,0,0.0
2025-26,0042500401,1,2026-06-03,San Antonio Spurs,New York Knicks,482,3,PT03M38.00S,218.0,938.0,69.0,64.0,5.0,5.0,rebound,0.714379898413468,0.2856201015865319,San Antonio Spurs,1,0,0.0
2025-26,0042500401,1,2026-06-03,San Antonio Spurs,New York Knicks,483,3,PT03M36.00S,216.0,936.0,69.0,66.0,3.0,3.0,made_shot,0.6464590659620271,0.3535409340379729,San Antonio Spurs,1,0,0.0
2025-26,0042500401,1,2026-06-03,San Antonio Spurs,New York Knicks,484,3,PT03M19.00S,199.0,919.0,71.0,66.0,5.0,5.0,made_shot,0.7128947221039766,0.2871052778960233,San Antonio Spurs,1,0,0.0
2025-26,0042500401,1,2026-06-03,San Antonio Spurs,New York Knicks,485,3,PT02M56.00S,176.0,896.0,71.0,66.0,5.0,5.0,missed_shot,0.7141227175852853,0.2858772824147146,San Antonio Spurs,1,0,0.0
2025-26,0042500401,1,2026-06-03,San Antonio Spurs,New York Knicks,486,3,PT02M53.00S,173.0,893.0,71.0,66.0,5.0,5.0,rebound,0.7138139525522568,0.2861860474477432,San Antonio Spurs,1,0,0.0
2025-26,0042500401,1,2026-06-03,San Antonio Spurs,New York Knicks,487,3,PT02M52.00S,172.0,892.0,71.0,68.0,3.0,3.0,made_shot,0.645810430047398,0.354189569952602,San Antonio Spurs,1,0,0.0
2025-26,0042500401,1,2026-06-03,San Antonio Spurs,New York Knicks,488,3,PT02M52.00S,172.0,892.0,71.0,68.0,3.0,3.0,foul,0.6470960747692428,0.3529039252307572,San Antonio Spurs,1,0,0.0
2025-26,0042500401,1,2026-06-03,San Antonio Spurs,New York Knicks,490,3,PT02M52.00S,172.0,892.0,71.0,69.0,2.0,2.0,free_throw,0.6166936602856273,0.3833063397143726,San Antonio Spurs,1,0,0.0
2025-26,0042500401,1,2026-06-03,San Antonio Spurs,New York Knicks,491,3,PT02M41.00S,161.0,881.0,71.0,69.0,2.0,2.0,missed_shot,0.6019101424975736,0.3980898575024264,San Antonio Spurs,1,0,0.0
2025-26,0042500401,1,2026-06-03,San Antonio Spurs,New York Knicks,492,3,PT02M39.00S,159.0,879.0,71.0,69.0,2.0,2.0,rebound,0.6115436533883627,0.3884563466116373,San Antonio Spurs,1,0,0.0
2025-26,0042500401,1,2026-06-03,San Antonio Spurs,New York Knicks,493,3,PT02M31.00S,151.0,871.0,71.0,69.0,2.0,2.0,missed_shot,0.6120721245363269,0.3879278754636731,San Antonio Spurs,1,0,0.0
2025-26,0042500401,1,2026-06-03,San Antonio Spurs,New York Knicks,494,3,PT02M29.00S,149.0,869.0,71.0,69.0,2.0,2.0,rebound,0.6116976682799475,0.3883023317200524,San Antonio Spurs,1,0,0.0
2025-26,0042500401,1,2026-06-03,San Antonio Spurs,New York Knicks,495,3,PT02M17.00S,137.0,857.0,71.0,69.0,2.0,2.0,foul,0.6175673252218635,0.3824326747781364,San Antonio Spurs,1,0,0.0
2025-26,0042500401,1,2026-06-03,San Antonio Spurs,New York Knicks,497,3,PT02M17.00S,137.0,857.0,71.0,69.0,2.0,2.0,turnover,0.6123922233262296,0.3876077766737704,San Antonio Spurs,1,0,0.0
2025-26,0042500401,1,2026-06-03,San Antonio Spurs,New York Knicks,498,3,PT02M01.00S,121.0,841.0,71.0,71.0,0.0,0.0,made_shot,0.5364530524524773,0.4635469475475227,San Antonio Spurs,1,0,0.0
2025-26,0042500401,1,2026-06-03,San Antonio Spurs,New York Knicks,499,3,PT01M56.00S,116.0,836.0,71.0,71.0,0.0,0.0,unknown,0.5343406816285493,0.4656593183714507,San Antonio Spurs,1,0,0.0
2025-26,0042500401,1,2026-06-03,San Antonio Spurs,New York Knicks,501,3,PT01M55.00S,115.0,835.0,71.0,71.0,0.0,0.0,rebound,0.5372483870064212,0.4627516129935788,San Antonio Spurs,1,0,0.0
2025-26,0042500401,1,2026-06-03,San Antonio Spurs,New York Knicks,503,3,PT01M55.00S,115.0,835.0,71.0,71.0,0.0,0.0,substitution,0.53790013434706,0.46209986565294,San Antonio Spurs,1,0,0.0
2025-26,0042500401,1,2026-06-03,San Antonio Spurs,New York Knicks,504,3,PT01M55.00S,115.0,835.0,71.0,71.0,0.0,0.0,substitution,0.53790013434706,0.46209986565294,San Antonio Spurs,1,0,0.0
2025-26,0042500401,1,2026-06-03,San Antonio Spurs,New York Knicks,505,3,PT01M55.00S,115.0,835.0,71.0,71.0,0.0,0.0,substitution,0.53790013434706,0.46209986565294,San Antonio Spurs,1,0,0.0
2025-26,0042500401,1,2026-06-03,San Antonio Spurs,New York Knicks,509,3,PT01M52.00S,112.0,832.0,73.0,71.0,2.0,2.0,made_shot,0.6135342691838708,0.3864657308161292,San Antonio Spurs,1,0,0.0
2025-26,0042500401,1,2026-06-03,San Antonio Spurs,New York Knicks,511,3,PT01M37.00S,97.0,817.0,73.0,71.0,2.0,2.0,foul,0.6110618532188627,0.3889381467811372,San Antonio Spurs,1,0,0.0
2025-26,0042500401,1,2026-06-03,San Antonio Spurs,New York Knicks,513,3,PT01M37.00S,97.0,817.0,73.0,72.0,1.0,1.0,free_throw,0.5739501486669094,0.4260498513330906,San Antonio Spurs,1,0,0.0
2025-26,0042500401,1,2026-06-03,San Antonio Spurs,New York Knicks,514,3,PT01M37.00S,97.0,817.0,73.0,73.0,0.0,0.0,free_throw,0.5361516212165329,0.4638483787834671,San Antonio Spurs,1,0,0.0
2025-26,0042500401,1,2026-06-03,San Antonio Spurs,New York Knicks,515,3,PT01M24.00S,84.0,804.0,73.0,73.0,0.0,0.0,missed_shot,0.5367577627962786,0.4632422372037214,San Antonio Spurs,1,0,0.0
2025-26,0042500401,1,2026-06-03,San Antonio Spurs,New York Knicks,516,3,PT01M19.00S,79.0,799.0,73.0,73.0,0.0,0.0,rebound,0.5364140461753155,0.4635859538246845,San Antonio Spurs,1,0,0.0
2025-26,0042500401,1,2026-06-03,San Antonio Spurs,New York Knicks,517,3,PT01M15.00S,75.0,795.0,73.0,73.0,0.0,0.0,missed_shot,0.541444585647734,0.458555414352266,San Antonio Spurs,1,0,0.0
2025-26,0042500401,1,2026-06-03,San Antonio Spurs,New York Knicks,518,3,PT01M13.00S,73.0,793.0,73.0,73.0,0.0,0.0,rebound,0.5365107848104677,0.4634892151895323,San Antonio Spurs,1,0,0.0
2025-26,0042500401,1,2026-06-03,San Antonio Spurs,New York Knicks,519,3,PT01M07.00S,67.0,787.0,73.0,73.0,0.0,0.0,foul,0.5365185304050918,0.4634814695949082,San Antonio Spurs,1,0,0.0
2025-26,0042500401,1,2026-06-03,San Antonio Spurs,New York Knicks,521,3,PT01M07.00S,67.0,787.0,74.0,73.0,1.0,1.0,free_throw,0.5737301195716885,0.4262698804283115,San Antonio Spurs,1,0,0.0
2025-26,0042500401,1,2026-06-03,San Antonio Spurs,New York Knicks,522,3,PT01M07.00S,67.0,787.0,74.0,73.0,1.0,1.0,free_throw,0.5749247113065937,0.4250752886934063,San Antonio Spurs,1,0,0.0
2025-26,0042500401,1,2026-06-03,San Antonio Spurs,New York Knicks,523,3,PT01M05.00S,65.0,785.0,74.0,73.0,1.0,1.0,rebound,0.5738732046465278,0.4261267953534722,San Antonio Spurs,1,0,0.0
2025-26,0042500401,1,2026-06-03,San Antonio Spurs,New York Knicks,524,3,PT00M43.20S,43.2,763.2,74.0,73.0,1.0,1.0,turnover,0.5799621339659183,0.4200378660340816,San Antonio Spurs,1,0,0.0
2025-26,0042500401,1,2026-06-03,San Antonio Spurs,New York Knicks,525,3,PT00M28.30S,28.3,748.3,76.0,73.0,3.0,3.0,made_shot,0.636657690157441,0.363342309842559,San Antonio Spurs,1,0,0.0
2025-26,0042500401,1,2026-06-03,San Antonio Spurs,New York Knicks,527,3,PT00M09.60S,9.6,729.6,76.0,76.0,0.0,0.0,made_shot,0.5311917661976986,0.4688082338023014,San Antonio Spurs,1,0,0.0
2025-26,0042500401,1,2026-06-03,San Antonio Spurs,New York Knicks,529,3,PT00M00.30S,0.3,720.3,76.0,76.0,0.0,0.0,missed_shot,0.5360268048573537,0.4639731951426463,San Antonio Spurs,1,0,0.0
2025-26,0042500401,1,2026-06-03,San Antonio Spurs,New York Knicks,530,3,PT00M00.30S,0.3,720.3,76.0,76.0,0.0,0.0,rebound,0.5355605213673512,0.4644394786326488,San Antonio Spurs,1,0,0.0
2025-26,0042500401,1,2026-06-03,San Antonio Spurs,New York Knicks,531,3,PT00M00.00S,0.0,720.0,76.0,76.0,0.0,0.0,end_period,0.5292782547212521,0.4707217452787479,San Antonio Spurs,1,0,0.0
2025-26,0042500401,1,2026-06-03,San Antonio Spurs,New York Knicks,540,4,PT12M00.00S,720.0,720.0,76.0,76.0,0.0,0.0,start_period,0.5323785479445068,0.4676214520554932,San Antonio Spurs,1,0,0.0
2025-26,0042500401,1,2026-06-03,San Antonio Spurs,New York Knicks,541,4,PT11M38.00S,698.0,698.0,76.0,76.0,0.0,0.0,missed_shot,0.5360987745149739,0.4639012254850261,San Antonio Spurs,1,0,0.0
2025-26,0042500401,1,2026-06-03,San Antonio Spurs,New York Knicks,542,4,PT11M33.00S,693.0,693.0,76.0,76.0,0.0,0.0,rebound,0.5372269755787115,0.4627730244212885,San Antonio Spurs,1,0,0.0
2025-26,0042500401,1,2026-06-03,San Antonio Spurs,New York Knicks,544,4,PT11M32.00S,692.0,692.0,76.0,78.0,-2.0,2.0,made_shot,0.4640403795658596,0.5359596204341404,New York Knicks,0,0,1.0
2025-26,0042500401,1,2026-06-03,San Antonio Spurs,New York Knicks,546,4,PT11M11.00S,671.0,671.0,76.0,78.0,-2.0,2.0,missed_shot,0.4624640651999964,0.5375359348000035,New York Knicks,0,0,1.0
2025-26,0042500401,1,2026-06-03,San Antonio Spurs,New York Knicks,547,4,PT11M09.00S,669.0,669.0,76.0,78.0,-2.0,2.0,rebound,0.4635437932758067,0.5364562067241934,New York Knicks,0,0,1.0
2025-26,0042500401,1,2026-06-03,San Antonio Spurs,New York Knicks,548,4,PT11M09.00S,669.0,669.0,76.0,78.0,-2.0,2.0,foul,0.4634548013537056,0.5365451986462944,New York Knicks,0,0,1.0
2025-26,0042500401,1,2026-06-03,San Antonio Spurs,New York Knicks,550,4,PT11M09.00S,669.0,669.0,76.0,78.0,-2.0,2.0,free_throw,0.4645047197909956,0.5354952802090044,New York Knicks,0,0,1.0
2025-26,0042500401,1,2026-06-03,San Antonio Spurs,New York Knicks,551,4,PT11M09.00S,669.0,669.0,76.0,78.0,-2.0,2.0,rebound,0.4736897421222444,0.5263102578777556,New York Knicks,0,0,1.0
2025-26,0042500401,1,2026-06-03,San Antonio Spurs,New York Knicks,552,4,PT11M09.00S,669.0,669.0,77.0,78.0,-1.0,1.0,free_throw,0.4998987393053069,0.5001012606946931,New York Knicks,0,0,1.0
2025-26,0042500401,1,2026-06-03,San Antonio Spurs,New York Knicks,553,4,PT10M45.00S,645.0,645.0,77.0,78.0,-1.0,1.0,missed_shot,0.500686422245497,0.499313577754503,San Antonio Spurs,1,0,0.0
2025-26,0042500401,1,2026-06-03,San Antonio Spurs,New York Knicks,554,4,PT10M44.00S,644.0,644.0,77.0,78.0,-1.0,1.0,rebound,0.5002760185796672,0.4997239814203328,San Antonio Spurs,1,0,0.0
2025-26,0042500401,1,2026-06-03,San Antonio Spurs,New York Knicks,555,4,PT10M44.00S,644.0,644.0,77.0,78.0,-1.0,1.0,foul,0.5068342797613327,0.4931657202386673,San Antonio Spurs,1,0,0.0
2025-26,0042500401,1,2026-06-03,San Antonio Spurs,New York Knicks,557,4,PT10M32.00S,632.0,632.0,77.0,80.0,-3.0,3.0,made_shot,0.4158405961068296,0.5841594038931703,New York Knicks,0,0,1.0
2025-26,0042500401,1,2026-06-03,San Antonio Spurs,New York Knicks,558,4,PT10M16.00S,616.0,616.0,77.0,80.0,-3.0,3.0,missed_shot,0.4319452631680734,0.5680547368319265,New York Knicks,0,0,1.0
2025-26,0042500401,1,2026-06-03,San Antonio Spurs,New York Knicks,559,4,PT10M13.00S,613.0,613.0,77.0,80.0,-3.0,3.0,rebound,0.427095815717332,0.572904184282668,New York Knicks,0,0,1.0
2025-26,0042500401,1,2026-06-03,San Antonio Spurs,New York Knicks,560,4,PT09M56.00S,596.0,596.0,77.0,80.0,-3.0,3.0,missed_shot,0.4168283822968335,0.5831716177031665,New York Knicks,0,0,1.0
2025-26,0042500401,1,2026-06-03,San Antonio Spurs,New York Knicks,561,4,PT09M53.00S,593.0,593.0,77.0,80.0,-3.0,3.0,rebound,0.4274131395986602,0.5725868604013398,New York Knicks,0,0,1.0
2025-26,0042500401,1,2026-06-03,San Antonio Spurs,New York Knicks,562,4,PT09M45.00S,585.0,585.0,77.0,80.0,-3.0,3.0,missed_shot,0.4348099419691433,0.5651900580308566,New York Knicks,0,0,1.0
2025-26,0042500401,1,2026-06-03,San Antonio Spurs,New York Knicks,563,4,PT09M44.00S,584.0,584.0,77.0,80.0,-3.0,3.0,rebound,0.4275559548513187,0.5724440451486812,New York Knicks,0,0,1.0
2025-26,0042500401,1,2026-06-03,San Antonio Spurs,New York Knicks,564,4,PT09M44.00S,584.0,584.0,79.0,80.0,-1.0,1.0,made_shot,0.4983303884505016,0.5016696115494984,New York Knicks,0,0,1.0
2025-26,0042500401,1,2026-06-03,San Antonio Spurs,New York Knicks,565,4,PT09M23.00S,563.0,563.0,79.0,83.0,-4.0,4.0,made_shot,0.3899439088845159,0.6100560911154841,New York Knicks,0,0,1.0
2025-26,0042500401,1,2026-06-03,San Antonio Spurs,New York Knicks,567,4,PT09M07.00S,547.0,547.0,81.0,83.0,-2.0,2.0,made_shot,0.4662134183463192,0.5337865816536808,New York Knicks,0,0,1.0
2025-26,0042500401,1,2026-06-03,San Antonio Spurs,New York Knicks,569,4,PT08M50.00S,530.0,530.0,81.0,86.0,-5.0,5.0,made_shot,0.354455771673473,0.6455442283265269,New York Knicks,0,0,1.0
2025-26,0042500401,1,2026-06-03,San Antonio Spurs,New York Knicks,570,4,PT08M32.00S,512.0,512.0,84.0,86.0,-2.0,2.0,made_shot,0.4596773950832148,0.5403226049167851,New York Knicks,0,0,1.0
2025-26,0042500401,1,2026-06-03,San Antonio Spurs,New York Knicks,573,4,PT08M07.00S,487.0,487.0,84.0,86.0,-2.0,2.0,missed_shot,0.459773242757332,0.540226757242668,New York Knicks,0,0,1.0
2025-26,0042500401,1,2026-06-03,San Antonio Spurs,New York Knicks,574,4,PT08M04.00S,484.0,484.0,84.0,86.0,-2.0,2.0,rebound,0.4608681845878278,0.5391318154121721,New York Knicks,0,0,1.0
2025-26,0042500401,1,2026-06-03,San Antonio Spurs,New York Knicks,575,4,PT08M00.00S,480.0,480.0,84.0,86.0,-2.0,2.0,missed_shot,0.4571993722743689,0.5428006277256311,New York Knicks,0,0,1.0
2025-26,0042500401,1,2026-06-03,San Antonio Spurs,New York Knicks,576,4,PT07M58.00S,478.0,478.0,84.0,86.0,-2.0,2.0,rebound,0.4609648461920609,0.5390351538079391,New York Knicks,0,0,1.0
2025-26,0042500401,1,2026-06-03,San Antonio Spurs,New York Knicks,577,4,PT07M56.00S,476.0,476.0,84.0,86.0,-2.0,2.0,missed_shot,0.4614211129701198,0.5385788870298802,New York Knicks,0,0,1.0
2025-26,0042500401,1,2026-06-03,San Antonio Spurs,New York Knicks,578,4,PT07M54.00S,474.0,474.0,84.0,86.0,-2.0,2.0,rebound,0.4610292888929767,0.5389707111070232,New York Knicks,0,0,1.0
2025-26,0042500401,1,2026-06-03,San Antonio Spurs,New York Knicks,579,4,PT07M46.00S,466.0,466.0,84.0,86.0,-2.0,2.0,missed_shot,0.4650261958857772,0.5349738041142227,New York Knicks,0,0,1.0
2025-26,0042500401,1,2026-06-03,San Antonio Spurs,New York Knicks,580,4,PT07M44.00S,464.0,464.0,84.0,86.0,-2.0,2.0,rebound,0.4611904013397468,0.5388095986602532,New York Knicks,0,0,1.0
2025-26,0042500401,1,2026-06-03,San Antonio Spurs,New York Knicks,581,4,PT07M41.00S,461.0,461.0,84.0,86.0,-2.0,2.0,missed_shot,0.4575051084753676,0.5424948915246324,New York Knicks,0,0,1.0
2025-26,0042500401,1,2026-06-03,San Antonio Spurs,New York Knicks,582,4,PT07M39.00S,459.0,459.0,84.0,86.0,-2.0,2.0,rebound,0.4612709606058492,0.5387290393941508,New York Knicks,0,0,1.0
2025-26,0042500401,1,2026-06-03,San Antonio Spurs,New York Knicks,583,4,PT07M38.00S,458.0,458.0,86.0,86.0,0.0,0.0,made_shot,0.5472328068999959,0.4527671931000041,San Antonio Spurs,1,0,0.0
2025-26,0042500401,1,2026-06-03,San Antonio Spurs,New York Knicks,584,4,PT07M37.00S,457.0,457.0,86.0,86.0,0.0,0.0,timeout,0.531687473972941,0.468312526027059,San Antonio Spurs,1,0,0.0
2025-26,0042500401,1,2026-06-03,San Antonio Spurs,New York Knicks,585,4,PT07M37.00S,457.0,457.0,86.0,86.0,0.0,0.0,substitution,0.5346092655771169,0.4653907344228831,San Antonio Spurs,1,0,0.0
2025-26,0042500401,1,2026-06-03,San Antonio Spurs,New York Knicks,586,4,PT07M37.00S,457.0,457.0,86.0,86.0,0.0,0.0,substitution,0.5346092655771169,0.4653907344228831,San Antonio Spurs,1,0,0.0
2025-26,0042500401,1,2026-06-03,San Antonio Spurs,New York Knicks,587,4,PT07M37.00S,457.0,457.0,86.0,86.0,0.0,0.0,substitution,0.5346092655771169,0.4653907344228831,San Antonio Spurs,1,0,0.0
2025-26,0042500401,1,2026-06-03,San Antonio Spurs,New York Knicks,588,4,PT07M37.00S,457.0,457.0,86.0,86.0,0.0,0.0,substitution,0.5346092655771169,0.4653907344228831,San Antonio Spurs,1,0,0.0
2025-26,0042500401,1,2026-06-03,San Antonio Spurs,New York Knicks,589,4,PT07M37.00S,457.0,457.0,86.0,86.0,0.0,0.0,substitution,0.5346092655771169,0.4653907344228831,San Antonio Spurs,1,0,0.0
2025-26,0042500401,1,2026-06-03,San Antonio Spurs,New York Knicks,590,4,PT07M37.00S,457.0,457.0,86.0,86.0,0.0,0.0,substitution,0.5346092655771169,0.4653907344228831,San Antonio Spurs,1,0,0.0
2025-26,0042500401,1,2026-06-03,San Antonio Spurs,New York Knicks,591,4,PT07M37.00S,457.0,457.0,86.0,86.0,0.0,0.0,substitution,0.5346092655771169,0.4653907344228831,San Antonio Spurs,1,0,0.0
2025-26,0042500401,1,2026-06-03,San Antonio Spurs,New York Knicks,599,4,PT07M22.00S,442.0,442.0,86.0,88.0,-2.0,2.0,made_shot,0.4489919504717031,0.551008049528297,New York Knicks,0,0,1.0
2025-26,0042500401,1,2026-06-03,San Antonio Spurs,New York Knicks,600,4,PT07M05.00S,425.0,425.0,86.0,88.0,-2.0,2.0,foul,0.4634791134972907,0.5365208865027092,New York Knicks,0,0,1.0
2025-26,0042500401,1,2026-06-03,San Antonio Spurs,New York Knicks,602,4,PT06M58.00S,418.0,418.0,86.0,88.0,-2.0,2.0,missed_shot,0.4609835473708221,0.5390164526291779,New York Knicks,0,0,1.0
2025-26,0042500401,1,2026-06-03,San Antonio Spurs,New York Knicks,603,4,PT06M56.00S,416.0,416.0,86.0,88.0,-2.0,2.0,rebound,0.4605499666858946,0.5394500333141053,New York Knicks,0,0,1.0
2025-26,0042500401,1,2026-06-03,San Antonio Spurs,New York Knicks,604,4,PT06M52.00S,412.0,412.0,86.0,88.0,-2.0,2.0,foul,0.4605254886280432,0.5394745113719568,New York Knicks,0,0,1.0
2025-26,0042500401,1,2026-06-03,San Antonio Spurs,New York Knicks,606,4,PT06M52.00S,412.0,412.0,86.0,89.0,-3.0,3.0,free_throw,0.4239114141769493,0.5760885858230507,New York Knicks,0,0,1.0
2025-26,0042500401,1,2026-06-03,San Antonio Spurs,New York Knicks,607,4,PT06M52.00S,412.0,412.0,86.0,89.0,-3.0,3.0,substitution,0.4246630763621436,0.5753369236378564,New York Knicks,0,0,1.0
2025-26,0042500401,1,2026-06-03,San Antonio Spurs,New York Knicks,608,4,PT06M52.00S,412.0,412.0,86.0,89.0,-3.0,3.0,substitution,0.4246630763621436,0.5753369236378564,New York Knicks,0,0,1.0
2025-26,0042500401,1,2026-06-03,San Antonio Spurs,New York Knicks,611,4,PT06M52.00S,412.0,412.0,86.0,90.0,-4.0,4.0,free_throw,0.3882719608882423,0.6117280391117577,New York Knicks,0,0,1.0
2025-26,0042500401,1,2026-06-03,San Antonio Spurs,New York Knicks,612,4,PT06M39.00S,399.0,399.0,86.0,90.0,-4.0,4.0,unknown,0.3856874191247367,0.6143125808752632,New York Knicks,0,0,1.0
2025-26,0042500401,1,2026-06-03,San Antonio Spurs,New York Knicks,614,4,PT06M34.00S,394.0,394.0,86.0,92.0,-6.0,6.0,made_shot,0.3231182637644732,0.6768817362355268,New York Knicks,0,0,1.0
2025-26,0042500401,1,2026-06-03,San Antonio Spurs,New York Knicks,615,4,PT06M34.00S,394.0,394.0,86.0,92.0,-6.0,6.0,timeout,0.3187618552665479,0.6812381447334521,New York Knicks,0,0,1.0
2025-26,0042500401,1,2026-06-03,San Antonio Spurs,New York Knicks,616,4,PT06M34.00S,394.0,394.0,86.0,92.0,-6.0,6.0,substitution,0.3213163722464858,0.6786836277535142,New York Knicks,0,0,1.0
2025-26,0042500401,1,2026-06-03,San Antonio Spurs,New York Knicks,619,4,PT06M28.00S,388.0,388.0,86.0,92.0,-6.0,6.0,jump_ball,0.3242570674982439,0.6757429325017561,New York Knicks,0,0,1.0
2025-26,0042500401,1,2026-06-03,San Antonio Spurs,New York Knicks,622,4,PT06M19.00S,379.0,379.0,86.0,92.0,-6.0,6.0,missed_shot,0.321328849622734,0.678671150377266,New York Knicks,0,0,1.0
2025-26,0042500401,1,2026-06-03,San Antonio Spurs,New York Knicks,623,4,PT06M15.00S,375.0,375.0,86.0,92.0,-6.0,6.0,rebound,0.3210133515747231,0.6789866484252769,New York Knicks,0,0,1.0
2025-26,0042500401,1,2026-06-03,San Antonio Spurs,New York Knicks,624,4,PT06M07.00S,367.0,367.0,86.0,94.0,-8.0,8.0,made_shot,0.2515516116519127,0.7484483883480872,New York Knicks,0,0,1.0
2025-26,0042500401,1,2026-06-03,San Antonio Spurs,New York Knicks,625,4,PT06M03.00S,363.0,363.0,86.0,94.0,-8.0,8.0,foul,0.2625422724401507,0.7374577275598493,New York Knicks,0,0,1.0
2025-26,0042500401,1,2026-06-03,San Antonio Spurs,New York Knicks,627,4,PT06M03.00S,363.0,363.0,86.0,94.0,-8.0,8.0,substitution,0.2606596111328501,0.7393403888671499,New York Knicks,0,0,1.0
2025-26,0042500401,1,2026-06-03,San Antonio Spurs,New York Knicks,629,4,PT05M46.00S,346.0,346.0,86.0,94.0,-8.0,8.0,turnover,0.2730523933614629,0.7269476066385371,New York Knicks,0,0,1.0
2025-26,0042500401,1,2026-06-03,San Antonio Spurs,New York Knicks,631,4,PT05M27.00S,327.0,327.0,86.0,94.0,-8.0,8.0,missed_shot,0.2609655844698524,0.7390344155301476,New York Knicks,0,0,1.0
2025-26,0042500401,1,2026-06-03,San Antonio Spurs,New York Knicks,632,4,PT05M25.00S,325.0,325.0,86.0,94.0,-8.0,8.0,rebound,0.2606291667762176,0.7393708332237824,New York Knicks,0,0,1.0
2025-26,0042500401,1,2026-06-03,San Antonio Spurs,New York Knicks,633,4,PT05M19.00S,319.0,319.0,86.0,94.0,-8.0,8.0,unknown,0.2584696276843293,0.7415303723156706,New York Knicks,0,0,1.0
2025-26,0042500401,1,2026-06-03,San Antonio Spurs,New York Knicks,635,4,PT04M58.00S,298.0,298.0,86.0,94.0,-8.0,8.0,missed_shot,0.2665760826437476,0.7334239173562525,New York Knicks,0,0,1.0
2025-26,0042500401,1,2026-06-03,San Antonio Spurs,New York Knicks,636,4,PT04M56.00S,296.0,296.0,86.0,94.0,-8.0,8.0,rebound,0.2609916627320636,0.7390083372679364,New York Knicks,0,0,1.0
2025-26,0042500401,1,2026-06-03,San Antonio Spurs,New York Knicks,637,4,PT04M50.00S,290.0,290.0,89.0,94.0,-5.0,5.0,made_shot,0.3528489253014973,0.6471510746985026,New York Knicks,0,0,1.0
2025-26,0042500401,1,2026-06-03,San Antonio Spurs,New York Knicks,638,4,PT04M48.00S,288.0,288.0,89.0,94.0,-5.0,5.0,timeout,0.3514395693476403,0.6485604306523597,New York Knicks,0,0,1.0
2025-26,0042500401,1,2026-06-03,San Antonio Spurs,New York Knicks,639,4,PT04M48.00S,288.0,288.0,89.0,94.0,-5.0,5.0,substitution,0.3541198340169914,0.6458801659830086,New York Knicks,0,0,1.0
2025-26,0042500401,1,2026-06-03,San Antonio Spurs,New York Knicks,640,4,PT04M48.00S,288.0,288.0,89.0,94.0,-5.0,5.0,substitution,0.3541198340169914,0.6458801659830086,New York Knicks,0,0,1.0
2025-26,0042500401,1,2026-06-03,San Antonio Spurs,New York Knicks,643,4,PT04M27.00S,267.0,267.0,89.0,94.0,-5.0,5.0,missed_shot,0.3542604007593173,0.6457395992406827,New York Knicks,0,0,1.0
2025-26,0042500401,1,2026-06-03,San Antonio Spurs,New York Knicks,644,4,PT04M25.00S,265.0,265.0,89.0,94.0,-5.0,5.0,rebound,0.3538613008401211,0.6461386991598789,New York Knicks,0,0,1.0
2025-26,0042500401,1,2026-06-03,San Antonio Spurs,New York Knicks,645,4,PT04M16.00S,256.0,256.0,89.0,94.0,-5.0,5.0,missed_shot,0.344179301946102,0.655820698053898,New York Knicks,0,0,1.0
2025-26,0042500401,1,2026-06-03,San Antonio Spurs,New York Knicks,646,4,PT04M15.00S,255.0,255.0,89.0,94.0,-5.0,5.0,rebound,0.3540095609824052,0.6459904390175948,New York Knicks,0,0,1.0
2025-26,0042500401,1,2026-06-03,San Antonio Spurs,New York Knicks,647,4,PT04M07.00S,247.0,247.0,89.0,94.0,-5.0,5.0,missed_shot,0.354518588853,0.645481411147,New York Knicks,0,0,1.0
2025-26,0042500401,1,2026-06-03,San Antonio Spurs,New York Knicks,648,4,PT04M05.00S,245.0,245.0,89.0,94.0,-5.0,5.0,rebound,0.3541578491948158,0.6458421508051841,New York Knicks,0,0,1.0
2025-26,0042500401,1,2026-06-03,San Antonio Spurs,New York Knicks,649,4,PT04M04.00S,244.0,244.0,89.0,94.0,-5.0,5.0,foul,0.35409082553883,0.64590917446117,New York Knicks,0,0,1.0
2025-26,0042500401,1,2026-06-03,San Antonio Spurs,New York Knicks,651,4,PT04M04.00S,244.0,244.0,90.0,94.0,-4.0,4.0,free_throw,0.3880216484919616,0.6119783515080384,New York Knicks,0,0,1.0
2025-26,0042500401,1,2026-06-03,San Antonio Spurs,New York Knicks,652,4,PT04M04.00S,244.0,244.0,90.0,94.0,-4.0,4.0,substitution,0.3887526164069126,0.6112473835930874,New York Knicks,0,0,1.0
2025-26,0042500401,1,2026-06-03,San Antonio Spurs,New York Knicks,654,4,PT04M04.00S,244.0,244.0,90.0,94.0,-4.0,4.0,free_throw,0.3891825980620742,0.6108174019379258,New York Knicks,0,0,1.0
2025-26,0042500401,1,2026-06-03,San Antonio Spurs,New York Knicks,655,4,PT04M01.00S,241.0,241.0,90.0,94.0,-4.0,4.0,rebound,0.3881759913860298,0.6118240086139701,New York Knicks,0,0,1.0
2025-26,0042500401,1,2026-06-03,San Antonio Spurs,New York Knicks,656,4,PT03M39.00S,219.0,219.0,90.0,94.0,-4.0,4.0,missed_shot,0.3889602906564641,0.6110397093435358,New York Knicks,0,0,1.0
2025-26,0042500401,1,2026-06-03,San Antonio Spurs,New York Knicks,657,4,PT03M38.00S,218.0,218.0,90.0,94.0,-4.0,4.0,rebound,0.3885302168864443,0.6114697831135557,New York Knicks,0,0,1.0
2025-26,0042500401,1,2026-06-03,San Antonio Spurs,New York Knicks,658,4,PT03M24.00S,204.0,204.0,92.0,94.0,-2.0,2.0,made_shot,0.4659290656689959,0.5340709343310042,New York Knicks,0,0,1.0
2025-26,0042500401,1,2026-06-03,San Antonio Spurs,New York Knicks,659,4,PT03M24.00S,204.0,204.0,92.0,94.0,-2.0,2.0,foul,0.4596354503898387,0.5403645496101612,New York Knicks,0,0,1.0
2025-26,0042500401,1,2026-06-03,San Antonio Spurs,New York Knicks,661,4,PT03M24.00S,204.0,204.0,93.0,94.0,-1.0,1.0,free_throw,0.5016724915182399,0.4983275084817601,San Antonio Spurs,1,0,0.0
2025-26,0042500401,1,2026-06-03,San Antonio Spurs,New York Knicks,662,4,PT03M03.00S,183.0,183.0,93.0,94.0,-1.0,1.0,missed_shot,0.5013004518254287,0.4986995481745713,San Antonio Spurs,1,0,0.0
2025-26,0042500401,1,2026-06-03,San Antonio Spurs,New York Knicks,663,4,PT03M00.00S,180.0,180.0,93.0,94.0,-1.0,1.0,rebound,0.4964177740813882,0.5035822259186118,New York Knicks,0,0,1.0
2025-26,0042500401,1,2026-06-03,San Antonio Spurs,New York Knicks,664,4,PT02M51.00S,171.0,171.0,93.0,94.0,-1.0,1.0,missed_shot,0.4955104634448853,0.5044895365551146,New York Knicks,0,0,1.0
2025-26,0042500401,1,2026-06-03,San Antonio Spurs,New York Knicks,665,4,PT02M49.00S,169.0,169.0,93.0,94.0,-1.0,1.0,rebound,0.4965960677598072,0.5034039322401928,New York Knicks,0,0,1.0
2025-26,0042500401,1,2026-06-03,San Antonio Spurs,New York Knicks,666,4,PT02M46.00S,166.0,166.0,93.0,94.0,-1.0,1.0,missed_shot,0.492886661473067,0.5071133385269331,New York Knicks,0,0,1.0
2025-26,0042500401,1,2026-06-03,San Antonio Spurs,New York Knicks,667,4,PT02M41.00S,161.0,161.0,93.0,94.0,-1.0,1.0,rebound,0.4967257364358979,0.5032742635641021,New York Knicks,0,0,1.0
2025-26,0042500401,1,2026-06-03,San Antonio Spurs,New York Knicks,668,4,PT02M35.00S,155.0,155.0,93.0,94.0,-1.0,1.0,missed_shot,0.4860268203989065,0.5139731796010935,New York Knicks,0,0,1.0
2025-26,0042500401,1,2026-06-03,San Antonio Spurs,New York Knicks,669,4,PT02M32.00S,152.0,152.0,93.0,94.0,-1.0,1.0,rebound,0.4968716142221033,0.5031283857778968,New York Knicks,0,0,1.0
2025-26,0042500401,1,2026-06-03,San Antonio Spurs,New York Knicks,670,4,PT02M18.00S,138.0,138.0,93.0,94.0,-1.0,1.0,missed_shot,0.4975251372918075,0.5024748627081925,New York Knicks,0,0,1.0
2025-26,0042500401,1,2026-06-03,San Antonio Spurs,New York Knicks,671,4,PT02M16.00S,136.0,136.0,93.0,94.0,-1.0,1.0,rebound,0.4971309538078733,0.5028690461921266,New York Knicks,0,0,1.0
2025-26,0042500401,1,2026-06-03,San Antonio Spurs,New York Knicks,672,4,PT02M16.00S,136.0,136.0,93.0,94.0,-1.0,1.0,foul,0.5002229655013728,0.4997770344986272,San Antonio Spurs,1,0,0.0
2025-26,0042500401,1,2026-06-03,San Antonio Spurs,New York Knicks,674,4,PT02M16.00S,136.0,136.0,94.0,94.0,0.0,0.0,free_throw,0.5333592410665868,0.4666407589334131,San Antonio Spurs,1,0,0.0
2025-26,0042500401,1,2026-06-03,San Antonio Spurs,New York Knicks,675,4,PT02M16.00S,136.0,136.0,94.0,94.0,0.0,0.0,substitution,0.5341250396133969,0.4658749603866031,San Antonio Spurs,1,0,0.0
2025-26,0042500401,1,2026-06-03,San Antonio Spurs,New York Knicks,677,4,PT02M16.00S,136.0,136.0,95.0,94.0,1.0,1.0,free_throw,0.570784350953679,0.429215649046321,San Antonio Spurs,1,0,0.0
2025-26,0042500401,1,2026-06-03,San Antonio Spurs,New York Knicks,678,4,PT01M57.00S,117.0,117.0,95.0,94.0,1.0,1.0,missed_shot,0.571476686607123,0.4285233133928769,San Antonio Spurs,1,0,0.0
2025-26,0042500401,1,2026-06-03,San Antonio Spurs,New York Knicks,679,4,PT01M52.00S,112.0,112.0,95.0,94.0,1.0,1.0,rebound,0.5711381482633054,0.4288618517366945,San Antonio Spurs,1,0,0.0
2025-26,0042500401,1,2026-06-03,San Antonio Spurs,New York Knicks,680,4,PT01M50.00S,110.0,110.0,95.0,97.0,-2.0,2.0,made_shot,0.4583789607310261,0.541621039268974,New York Knicks,0,0,1.0
2025-26,0042500401,1,2026-06-03,San Antonio Spurs,New York Knicks,682,4,PT01M31.00S,91.0,91.0,95.0,97.0,-2.0,2.0,missed_shot,0.4598899552180599,0.54011004478194,New York Knicks,0,0,1.0
2025-26,0042500401,1,2026-06-03,San Antonio Spurs,New York Knicks,683,4,PT01M28.00S,88.0,88.0,95.0,97.0,-2.0,2.0,rebound,0.4594726291263977,0.5405273708736023,New York Knicks,0,0,1.0
2025-26,0042500401,1,2026-06-03,San Antonio Spurs,New York Knicks,684,4,PT01M11.00S,71.0,71.0,95.0,97.0,-2.0,2.0,foul,0.4596575016189534,0.5403424983810465,New York Knicks,0,0,1.0
2025-26,0042500401,1,2026-06-03,San Antonio Spurs,New York Knicks,686,4,PT01M11.00S,71.0,71.0,95.0,98.0,-3.0,3.0,free_throw,0.4230583190665709,0.5769416809334291,New York Knicks,0,0,1.0
2025-26,0042500401,1,2026-06-03,San Antonio Spurs,New York Knicks,687,4,PT01M11.00S,71.0,71.0,95.0,99.0,-4.0,4.0,free_throw,0.3874423519502609,0.612557648049739,New York Knicks,0,0,1.0
2025-26,0042500401,1,2026-06-03,San Antonio Spurs,New York Knicks,688,4,PT00M57.30S,57.3,57.3,95.0,99.0,-4.0,4.0,unknown,0.3848706030929233,0.6151293969070767,New York Knicks,0,0,1.0
2025-26,0042500401,1,2026-06-03,San Antonio Spurs,New York Knicks,690,4,PT00M37.80S,37.8,37.8,95.0,101.0,-6.0,6.0,made_shot,0.3195873044126425,0.6804126955873575,New York Knicks,0,0,1.0
2025-26,0042500401,1,2026-06-03,San Antonio Spurs,New York Knicks,691,4,PT00M32.10S,32.1,32.1,95.0,101.0,-6.0,6.0,missed_shot,0.3206506447451262,0.6793493552548737,New York Knicks,0,0,1.0
2025-26,0042500401,1,2026-06-03,San Antonio Spurs,New York Knicks,692,4,PT00M29.40S,29.4,29.4,95.0,101.0,-6.0,6.0,rebound,0.3203171472401867,0.6796828527598133,New York Knicks,0,0,1.0
2025-26,0042500401,1,2026-06-03,San Antonio Spurs,New York Knicks,694,4,PT00M29.40S,29.4,29.4,95.0,101.0,-6.0,6.0,foul,0.3260555422000278,0.6739444577999721,New York Knicks,0,0,1.0
2025-26,0042500401,1,2026-06-03,San Antonio Spurs,New York Knicks,696,4,PT00M29.40S,29.4,29.4,95.0,102.0,-7.0,7.0,free_throw,0.2888076184585815,0.7111923815414185,New York Knicks,0,0,1.0
2025-26,0042500401,1,2026-06-03,San Antonio Spurs,New York Knicks,697,4,PT00M29.40S,29.4,29.4,95.0,102.0,-7.0,7.0,substitution,0.2894400808365982,0.7105599191634018,New York Knicks,0,0,1.0
2025-26,0042500401,1,2026-06-03,San Antonio Spurs,New York Knicks,699,4,PT00M29.40S,29.4,29.4,95.0,103.0,-8.0,8.0,free_throw,0.2594119823895718,0.7405880176104281,New York Knicks,0,0,1.0
2025-26,0042500401,1,2026-06-03,San Antonio Spurs,New York Knicks,701,4,PT00M21.10S,21.1,21.1,95.0,103.0,-8.0,8.0,timeout,0.257745848692046,0.7422541513079539,New York Knicks,0,0,1.0
2025-26,0042500401,1,2026-06-03,San Antonio Spurs,New York Knicks,702,4,PT00M21.10S,21.1,21.1,95.0,103.0,-8.0,8.0,instant_replay,0.2651778392262807,0.7348221607737193,New York Knicks,0,0,1.0
2025-26,0042500401,1,2026-06-03,San Antonio Spurs,New York Knicks,703,4,PT00M21.10S,21.1,21.1,95.0,103.0,-8.0,8.0,turnover,0.2640414460012792,0.7359585539987208,New York Knicks,0,0,1.0
2025-26,0042500401,1,2026-06-03,San Antonio Spurs,New York Knicks,704,4,PT00M21.10S,21.1,21.1,95.0,103.0,-8.0,8.0,timeout,0.257745848692046,0.7422541513079539,New York Knicks,0,0,1.0
2025-26,0042500401,1,2026-06-03,San Antonio Spurs,New York Knicks,705,4,PT00M21.10S,21.1,21.1,95.0,103.0,-8.0,8.0,substitution,0.2599980107708904,0.7400019892291096,New York Knicks,0,0,1.0
2025-26,0042500401,1,2026-06-03,San Antonio Spurs,New York Knicks,707,4,PT00M20.60S,20.6,20.6,95.0,103.0,-8.0,8.0,foul,0.2612054901249349,0.7387945098750651,New York Knicks,0,0,1.0
2025-26,0042500401,1,2026-06-03,San Antonio Spurs,New York Knicks,709,4,PT00M20.60S,20.6,20.6,95.0,104.0,-9.0,9.0,free_throw,0.2319316962391992,0.7680683037608007,New York Knicks,0,0,1.0
2025-26,0042500401,1,2026-06-03,San Antonio Spurs,New York Knicks,710,4,PT00M20.60S,20.6,20.6,95.0,104.0,-9.0,9.0,substitution,0.232480320449767,0.7675196795502329,New York Knicks,0,0,1.0
2025-26,0042500401,1,2026-06-03,San Antonio Spurs,New York Knicks,712,4,PT00M20.60S,20.6,20.6,95.0,105.0,-10.0,10.0,free_throw,0.2066430085419521,0.7933569914580478,New York Knicks,0,0,1.0
2025-26,0042500401,1,2026-06-03,San Antonio Spurs,New York Knicks,713,4,PT00M13.00S,13.0,13.0,95.0,105.0,-10.0,10.0,missed_shot,0.2069854304331633,0.7930145695668367,New York Knicks,0,0,1.0
2025-26,0042500401,1,2026-06-03,San Antonio Spurs,New York Knicks,714,4,PT00M09.60S,9.6,9.6,95.0,105.0,-10.0,10.0,rebound,0.2067416198033748,0.7932583801966252,New York Knicks,0,0,1.0
2025-26,0042500401,1,2026-06-03,San Antonio Spurs,New York Knicks,715,4,PT00M00.00S,0.0,0.0,95.0,105.0,-10.0,10.0,end_period,0.2027310737090489,0.7972689262909511,New York Knicks,0,0,1.0
2025-26,0042500402,2,2026-06-05,San Antonio Spurs,New York Knicks,2,1,PT12M00.00S,720.0,2880.0,0.0,0.0,0.0,0.0,start_period,0.5476208529306051,0.4523791470693948,San Antonio Spurs,1,0,0.0
2025-26,0042500402,2,2026-06-05,San Antonio Spurs,New York Knicks,4,1,PT12M00.00S,720.0,2880.0,0.0,0.0,0.0,0.0,jump_ball,0.5558869327782606,0.4441130672217394,San Antonio Spurs,1,0,0.0
2025-26,0042500402,2,2026-06-05,San Antonio Spurs,New York Knicks,7,1,PT11M36.00S,696.0,2856.0,3.0,0.0,3.0,3.0,made_shot,0.6592438043795052,0.3407561956204947,San Antonio Spurs,1,0,0.0
2025-26,0042500402,2,2026-06-05,San Antonio Spurs,New York Knicks,10,1,PT11M08.00S,668.0,2828.0,3.0,2.0,1.0,1.0,made_shot,0.5920320997585937,0.4079679002414063,San Antonio Spurs,1,0,0.0
2025-26,0042500402,2,2026-06-05,San Antonio Spurs,New York Knicks,11,1,PT10M55.00S,655.0,2815.0,3.0,2.0,1.0,1.0,foul,0.588511724697263,0.411488275302737,San Antonio Spurs,1,0,0.0
2025-26,0042500402,2,2026-06-05,San Antonio Spurs,New York Knicks,13,1,PT10M55.00S,655.0,2815.0,4.0,2.0,2.0,2.0,free_throw,0.6244707365588414,0.3755292634411585,San Antonio Spurs,1,0,0.0
2025-26,0042500402,2,2026-06-05,San Antonio Spurs,New York Knicks,14,1,PT10M55.00S,655.0,2815.0,5.0,2.0,3.0,3.0,free_throw,0.6592569247778001,0.3407430752221999,San Antonio Spurs,1,0,0.0
2025-26,0042500402,2,2026-06-05,San Antonio Spurs,New York Knicks,15,1,PT10M36.00S,636.0,2796.0,5.0,2.0,3.0,3.0,missed_shot,0.6585617976655695,0.3414382023344304,San Antonio Spurs,1,0,0.0
2025-26,0042500402,2,2026-06-05,San Antonio Spurs,New York Knicks,16,1,PT10M34.00S,634.0,2794.0,5.0,2.0,3.0,3.0,rebound,0.6595376133649344,0.3404623866350655,San Antonio Spurs,1,0,0.0
2025-26,0042500402,2,2026-06-05,San Antonio Spurs,New York Knicks,17,1,PT10M28.00S,628.0,2788.0,5.0,2.0,3.0,3.0,missed_shot,0.655614507840411,0.344385492159589,San Antonio Spurs,1,0,0.0
2025-26,0042500402,2,2026-06-05,San Antonio Spurs,New York Knicks,18,1,PT10M26.00S,626.0,2786.0,5.0,2.0,3.0,3.0,rebound,0.6596540761577471,0.3403459238422529,San Antonio Spurs,1,0,0.0
2025-26,0042500402,2,2026-06-05,San Antonio Spurs,New York Knicks,19,1,PT10M18.00S,618.0,2778.0,5.0,2.0,3.0,3.0,foul,0.6596901816865136,0.3403098183134864,San Antonio Spurs,1,0,0.0
2025-26,0042500402,2,2026-06-05,San Antonio Spurs,New York Knicks,21,1,PT10M18.00S,618.0,2778.0,5.0,3.0,2.0,2.0,free_throw,0.6379613712635918,0.3620386287364082,San Antonio Spurs,1,0,0.0
2025-26,0042500402,2,2026-06-05,San Antonio Spurs,New York Knicks,22,1,PT10M18.00S,618.0,2778.0,5.0,4.0,1.0,1.0,free_throw,0.6019533059535309,0.3980466940464691,San Antonio Spurs,1,0,0.0
2025-26,0042500402,2,2026-06-05,San Antonio Spurs,New York Knicks,23,1,PT10M18.00S,618.0,2778.0,5.0,5.0,0.0,0.0,free_throw,0.5647274151418371,0.4352725848581629,San Antonio Spurs,1,0,0.0
2025-26,0042500402,2,2026-06-05,San Antonio Spurs,New York Knicks,24,1,PT10M12.00S,612.0,2772.0,5.0,5.0,0.0,0.0,foul,0.5532835381393186,0.4467164618606813,San Antonio Spurs,1,0,0.0
2025-26,0042500402,2,2026-06-05,San Antonio Spurs,New York Knicks,26,1,PT09M59.00S,599.0,2759.0,8.0,5.0,3.0,3.0,made_shot,0.6574590132978276,0.3425409867021723,San Antonio Spurs,1,0,0.0
2025-26,0042500402,2,2026-06-05,San Antonio Spurs,New York Knicks,28,1,PT09M45.00S,585.0,2745.0,8.0,5.0,3.0,3.0,unknown,0.6557137429071402,0.3442862570928597,San Antonio Spurs,1,0,0.0
2025-26,0042500402,2,2026-06-05,San Antonio Spurs,New York Knicks,30,1,PT09M45.00S,585.0,2745.0,8.0,5.0,3.0,3.0,rebound,0.6583335626328028,0.3416664373671971,San Antonio Spurs,1,0,0.0
2025-26,0042500402,2,2026-06-05,San Antonio Spurs,New York Knicks,31,1,PT09M45.00S,585.0,2745.0,8.0,5.0,3.0,3.0,foul,0.6611100690937571,0.3388899309062428,San Antonio Spurs,1,0,0.0
2025-26,0042500402,2,2026-06-05,San Antonio Spurs,New York Knicks,33,1,PT09M34.00S,574.0,2734.0,10.0,5.0,5.0,5.0,made_shot,0.7130830505167988,0.2869169494832012,San Antonio Spurs,1,0,0.0
2025-26,0042500402,2,2026-06-05,San Antonio Spurs,New York Knicks,34,1,PT09M20.00S,560.0,2720.0,10.0,7.0,3.0,3.0,made_shot,0.6539184279285459,0.346081572071454,San Antonio Spurs,1,0,0.0
2025-26,0042500402,2,2026-06-05,San Antonio Spurs,New York Knicks,36,1,PT09M00.00S,540.0,2700.0,13.0,7.0,6.0,6.0,made_shot,0.748104925608226,0.251895074391774,San Antonio Spurs,1,0,0.0
2025-26,0042500402,2,2026-06-05,San Antonio Spurs,New York Knicks,37,1,PT08M41.00S,521.0,2681.0,13.0,10.0,3.0,3.0,made_shot,0.6554295868698707,0.3445704131301292,San Antonio Spurs,1,0,0.0
2025-26,0042500402,2,2026-06-05,San Antonio Spurs,New York Knicks,39,1,PT08M25.00S,505.0,2665.0,13.0,10.0,3.0,3.0,missed_shot,0.6566827225207513,0.3433172774792487,San Antonio Spurs,1,0,0.0
2025-26,0042500402,2,2026-06-05,San Antonio Spurs,New York Knicks,40,1,PT08M21.00S,501.0,2661.0,13.0,10.0,3.0,3.0,rebound,0.6563563981002468,0.3436436018997532,San Antonio Spurs,1,0,0.0
2025-26,0042500402,2,2026-06-05,San Antonio Spurs,New York Knicks,41,1,PT08M13.00S,493.0,2653.0,13.0,10.0,3.0,3.0,missed_shot,0.6473411098933896,0.3526588901066104,San Antonio Spurs,1,0,0.0
2025-26,0042500402,2,2026-06-05,San Antonio Spurs,New York Knicks,42,1,PT08M11.00S,491.0,2651.0,13.0,10.0,3.0,3.0,rebound,0.6565026253789166,0.3434973746210834,San Antonio Spurs,1,0,0.0
2025-26,0042500402,2,2026-06-05,San Antonio Spurs,New York Knicks,43,1,PT08M06.00S,486.0,2646.0,13.0,10.0,3.0,3.0,missed_shot,0.6600749699700639,0.3399250300299361,San Antonio Spurs,1,0,0.0
2025-26,0042500402,2,2026-06-05,San Antonio Spurs,New York Knicks,44,1,PT08M04.00S,484.0,2644.0,13.0,10.0,3.0,3.0,rebound,0.6566049668198848,0.3433950331801152,San Antonio Spurs,1,0,0.0
2025-26,0042500402,2,2026-06-05,San Antonio Spurs,New York Knicks,45,1,PT08M02.00S,482.0,2642.0,13.0,10.0,3.0,3.0,unknown,0.6540082027054854,0.3459917972945145,San Antonio Spurs,1,0,0.0
2025-26,0042500402,2,2026-06-05,San Antonio Spurs,New York Knicks,47,1,PT08M02.00S,482.0,2642.0,13.0,10.0,3.0,3.0,rebound,0.656634204559985,0.343365795440015,San Antonio Spurs,1,0,0.0
2025-26,0042500402,2,2026-06-05,San Antonio Spurs,New York Knicks,49,1,PT08M02.00S,482.0,2642.0,13.0,10.0,3.0,3.0,substitution,0.6572250866638689,0.3427749133361311,San Antonio Spurs,1,0,0.0
2025-26,0042500402,2,2026-06-05,San Antonio Spurs,New York Knicks,50,1,PT08M02.00S,482.0,2642.0,13.0,10.0,3.0,3.0,substitution,0.6572250866638689,0.3427749133361311,San Antonio Spurs,1,0,0.0
2025-26,0042500402,2,2026-06-05,San Antonio Spurs,New York Knicks,53,1,PT07M59.00S,479.0,2639.0,13.0,10.0,3.0,3.0,turnover,0.6635851018127974,0.3364148981872026,San Antonio Spurs,1,0,0.0
2025-26,0042500402,2,2026-06-05,San Antonio Spurs,New York Knicks,54,1,PT07M42.00S,462.0,2622.0,15.0,10.0,5.0,5.0,made_shot,0.7235932312158104,0.2764067687841895,San Antonio Spurs,1,0,0.0
2025-26,0042500402,2,2026-06-05,San Antonio Spurs,New York Knicks,56,1,PT07M29.00S,449.0,2609.0,15.0,10.0,5.0,5.0,missed_shot,0.7218938863298141,0.2781061136701859,San Antonio Spurs,1,0,0.0
2025-26,0042500402,2,2026-06-05,San Antonio Spurs,New York Knicks,57,1,PT07M26.00S,446.0,2606.0,15.0,10.0,5.0,5.0,rebound,0.7215902423870979,0.2784097576129021,San Antonio Spurs,1,0,0.0
2025-26,0042500402,2,2026-06-05,San Antonio Spurs,New York Knicks,58,1,PT07M20.00S,440.0,2600.0,15.0,10.0,5.0,5.0,missed_shot,0.7203393796176548,0.2796606203823452,San Antonio Spurs,1,0,0.0
2025-26,0042500402,2,2026-06-05,San Antonio Spurs,New York Knicks,59,1,PT07M18.00S,438.0,2598.0,15.0,10.0,5.0,5.0,rebound,0.7216944356455159,0.278305564354484,San Antonio Spurs,1,0,0.0
2025-26,0042500402,2,2026-06-05,San Antonio Spurs,New York Knicks,60,1,PT07M16.00S,436.0,2596.0,15.0,13.0,2.0,2.0,made_shot,0.6152495326888875,0.3847504673111125,San Antonio Spurs,1,0,0.0
2025-26,0042500402,2,2026-06-05,San Antonio Spurs,New York Knicks,61,1,PT06M56.00S,416.0,2576.0,17.0,13.0,4.0,4.0,made_shot,0.6791775773849517,0.3208224226150483,San Antonio Spurs,1,0,0.0
2025-26,0042500402,2,2026-06-05,San Antonio Spurs,New York Knicks,63,1,PT06M32.00S,392.0,2552.0,17.0,13.0,4.0,4.0,missed_shot,0.6895865893082979,0.3104134106917021,San Antonio Spurs,1,0,0.0
2025-26,0042500402,2,2026-06-05,San Antonio Spurs,New York Knicks,64,1,PT06M28.00S,388.0,2548.0,17.0,13.0,4.0,4.0,rebound,0.6892767415970937,0.3107232584029062,San Antonio Spurs,1,0,0.0
2025-26,0042500402,2,2026-06-05,San Antonio Spurs,New York Knicks,65,1,PT06M20.00S,380.0,2540.0,17.0,13.0,4.0,4.0,missed_shot,0.6897531110339108,0.3102468889660892,San Antonio Spurs,1,0,0.0
2025-26,0042500402,2,2026-06-05,San Antonio Spurs,New York Knicks,66,1,PT06M17.00S,377.0,2537.0,17.0,13.0,4.0,4.0,rebound,0.6894294721356125,0.3105705278643875,San Antonio Spurs,1,0,0.0
2025-26,0042500402,2,2026-06-05,San Antonio Spurs,New York Knicks,67,1,PT05M54.00S,354.0,2514.0,17.0,13.0,4.0,4.0,missed_shot,0.688846398474564,0.311153601525436,San Antonio Spurs,1,0,0.0
2025-26,0042500402,2,2026-06-05,San Antonio Spurs,New York Knicks,68,1,PT05M50.00S,350.0,2510.0,17.0,13.0,4.0,4.0,rebound,0.6898041811973726,0.3101958188026273,San Antonio Spurs,1,0,0.0
2025-26,0042500402,2,2026-06-05,San Antonio Spurs,New York Knicks,69,1,PT05M46.00S,346.0,2506.0,17.0,13.0,4.0,4.0,foul,0.6897830987730953,0.3102169012269047,San Antonio Spurs,1,0,0.0
2025-26,0042500402,2,2026-06-05,San Antonio Spurs,New York Knicks,71,1,PT05M46.00S,346.0,2506.0,17.0,13.0,4.0,4.0,timeout,0.687905691577527,0.312094308422473,San Antonio Spurs,1,0,0.0
2025-26,0042500402,2,2026-06-05,San Antonio Spurs,New York Knicks,72,1,PT05M46.00S,346.0,2506.0,17.0,13.0,4.0,4.0,substitution,0.6904203349620811,0.3095796650379189,San Antonio Spurs,1,0,0.0
2025-26,0042500402,2,2026-06-05,San Antonio Spurs,New York Knicks,73,1,PT05M46.00S,346.0,2506.0,17.0,13.0,4.0,4.0,substitution,0.6904203349620811,0.3095796650379189,San Antonio Spurs,1,0,0.0
2025-26,0042500402,2,2026-06-05,San Antonio Spurs,New York Knicks,74,1,PT05M46.00S,346.0,2506.0,17.0,13.0,4.0,4.0,substitution,0.6904203349620811,0.3095796650379189,San Antonio Spurs,1,0,0.0
2025-26,0042500402,2,2026-06-05,San Antonio Spurs,New York Knicks,75,1,PT05M46.00S,346.0,2506.0,17.0,13.0,4.0,4.0,substitution,0.6904203349620811,0.3095796650379189,San Antonio Spurs,1,0,0.0
2025-26,0042500402,2,2026-06-05,San Antonio Spurs,New York Knicks,80,1,PT05M46.00S,346.0,2506.0,17.0,13.0,4.0,4.0,free_throw,0.6906857189761288,0.3093142810238711,San Antonio Spurs,1,0,0.0
2025-26,0042500402,2,2026-06-05,San Antonio Spurs,New York Knicks,81,1,PT05M46.00S,346.0,2506.0,17.0,13.0,4.0,4.0,rebound,0.6985092484234655,0.3014907515765345,San Antonio Spurs,1,0,0.0
2025-26,0042500402,2,2026-06-05,San Antonio Spurs,New York Knicks,82,1,PT05M46.00S,346.0,2506.0,17.0,13.0,4.0,4.0,free_throw,0.6908068875507268,0.3091931124492731,San Antonio Spurs,1,0,0.0
2025-26,0042500402,2,2026-06-05,San Antonio Spurs,New York Knicks,83,1,PT05M46.00S,346.0,2506.0,17.0,13.0,4.0,4.0,rebound,0.6898596724880012,0.3101403275119988,San Antonio Spurs,1,0,0.0
2025-26,0042500402,2,2026-06-05,San Antonio Spurs,New York Knicks,85,1,PT05M45.00S,345.0,2505.0,17.0,13.0,4.0,4.0,foul,0.6925134575529291,0.3074865424470708,San Antonio Spurs,1,0,0.0
2025-26,0042500402,2,2026-06-05,San Antonio Spurs,New York Knicks,87,1,PT05M45.00S,345.0,2505.0,18.0,13.0,5.0,5.0,free_throw,0.7210995010937311,0.2789004989062689,San Antonio Spurs,1,0,0.0
2025-26,0042500402,2,2026-06-05,San Antonio Spurs,New York Knicks,88,1,PT05M45.00S,345.0,2505.0,18.0,13.0,5.0,5.0,free_throw,0.7220811567780822,0.2779188432219178,San Antonio Spurs,1,0,0.0
2025-26,0042500402,2,2026-06-05,San Antonio Spurs,New York Knicks,89,1,PT05M41.00S,341.0,2501.0,18.0,13.0,5.0,5.0,rebound,0.7212432277236631,0.2787567722763369,San Antonio Spurs,1,0,0.0
2025-26,0042500402,2,2026-06-05,San Antonio Spurs,New York Knicks,90,1,PT05M38.00S,338.0,2498.0,18.0,13.0,5.0,5.0,missed_shot,0.7243990119651871,0.2756009880348129,San Antonio Spurs,1,0,0.0
2025-26,0042500402,2,2026-06-05,San Antonio Spurs,New York Knicks,91,1,PT05M36.00S,336.0,2496.0,18.0,13.0,5.0,5.0,rebound,0.7213084011390349,0.278691598860965,San Antonio Spurs,1,0,0.0
2025-26,0042500402,2,2026-06-05,San Antonio Spurs,New York Knicks,92,1,PT05M27.00S,327.0,2487.0,20.0,13.0,7.0,7.0,made_shot,0.7707198298185334,0.2292801701814666,San Antonio Spurs,1,0,0.0
2025-26,0042500402,2,2026-06-05,San Antonio Spurs,New York Knicks,94,1,PT05M18.00S,318.0,2478.0,20.0,13.0,7.0,7.0,foul,0.7800906662757658,0.2199093337242341,San Antonio Spurs,1,0,0.0
2025-26,0042500402,2,2026-06-05,San Antonio Spurs,New York Knicks,96,1,PT05M11.00S,311.0,2471.0,20.0,16.0,4.0,4.0,made_shot,0.6878785873223418,0.3121214126776582,San Antonio Spurs,1,0,0.0
2025-26,0042500402,2,2026-06-05,San Antonio Spurs,New York Knicks,98,1,PT05M00.00S,300.0,2460.0,20.0,16.0,4.0,4.0,missed_shot,0.6890362930142178,0.3109637069857822,San Antonio Spurs,1,0,0.0
2025-26,0042500402,2,2026-06-05,San Antonio Spurs,New York Knicks,99,1,PT04M57.00S,297.0,2457.0,20.0,16.0,4.0,4.0,rebound,0.6887122438224023,0.3112877561775977,San Antonio Spurs,1,0,0.0
2025-26,0042500402,2,2026-06-05,San Antonio Spurs,New York Knicks,100,1,PT04M49.00S,289.0,2449.0,20.0,16.0,4.0,4.0,missed_shot,0.693035681645391,0.306964318354609,San Antonio Spurs,1,0,0.0
2025-26,0042500402,2,2026-06-05,San Antonio Spurs,New York Knicks,101,1,PT04M49.00S,289.0,2449.0,20.0,16.0,4.0,4.0,rebound,0.6888234353672557,0.3111765646327443,San Antonio Spurs,1,0,0.0
2025-26,0042500402,2,2026-06-05,San Antonio Spurs,New York Knicks,102,1,PT04M49.00S,289.0,2449.0,20.0,16.0,4.0,4.0,foul,0.6944187025182122,0.3055812974817877,San Antonio Spurs,1,0,0.0
2025-26,0042500402,2,2026-06-05,San Antonio Spurs,New York Knicks,104,1,PT04M49.00S,289.0,2449.0,20.0,16.0,4.0,4.0,substitution,0.689385127661214,0.310614872338786,San Antonio Spurs,1,0,0.0
2025-26,0042500402,2,2026-06-05,San Antonio Spurs,New York Knicks,105,1,PT04M49.00S,289.0,2449.0,20.0,16.0,4.0,4.0,substitution,0.689385127661214,0.310614872338786,San Antonio Spurs,1,0,0.0
2025-26,0042500402,2,2026-06-05,San Antonio Spurs,New York Knicks,108,1,PT04M41.00S,281.0,2441.0,20.0,16.0,4.0,4.0,turnover,0.6954936230511233,0.3045063769488767,San Antonio Spurs,1,0,0.0
2025-26,0042500402,2,2026-06-05,San Antonio Spurs,New York Knicks,109,1,PT04M30.00S,270.0,2430.0,20.0,16.0,4.0,4.0,unknown,0.6865911595048027,0.3134088404951973,San Antonio Spurs,1,0,0.0
2025-26,0042500402,2,2026-06-05,San Antonio Spurs,New York Knicks,111,1,PT04M16.00S,256.0,2416.0,20.0,18.0,2.0,2.0,made_shot,0.625821686954071,0.3741783130459289,San Antonio Spurs,1,0,0.0
2025-26,0042500402,2,2026-06-05,San Antonio Spurs,New York Knicks,112,1,PT04M05.00S,245.0,2405.0,20.0,18.0,2.0,2.0,missed_shot,0.6205293154617743,0.3794706845382257,San Antonio Spurs,1,0,0.0
2025-26,0042500402,2,2026-06-05,San Antonio Spurs,New York Knicks,113,1,PT04M02.00S,242.0,2402.0,20.0,18.0,2.0,2.0,rebound,0.620173229641265,0.379826770358735,San Antonio Spurs,1,0,0.0
2025-26,0042500402,2,2026-06-05,San Antonio Spurs,New York Knicks,115,1,PT03M55.00S,235.0,2395.0,20.0,18.0,2.0,2.0,foul,0.6231888792231495,0.3768111207768505,San Antonio Spurs,1,0,0.0
2025-26,0042500402,2,2026-06-05,San Antonio Spurs,New York Knicks,117,1,PT03M55.00S,235.0,2395.0,20.0,18.0,2.0,2.0,substitution,0.62089745807679,0.37910254192321,San Antonio Spurs,1,0,0.0
2025-26,0042500402,2,2026-06-05,San Antonio Spurs,New York Knicks,118,1,PT03M55.00S,235.0,2395.0,20.0,18.0,2.0,2.0,substitution,0.62089745807679,0.37910254192321,San Antonio Spurs,1,0,0.0
2025-26,0042500402,2,2026-06-05,San Antonio Spurs,New York Knicks,121,1,PT03M49.00S,229.0,2389.0,20.0,18.0,2.0,2.0,missed_shot,0.6208131797877254,0.3791868202122745,San Antonio Spurs,1,0,0.0
2025-26,0042500402,2,2026-06-05,San Antonio Spurs,New York Knicks,122,1,PT03M45.00S,225.0,2385.0,20.0,18.0,2.0,2.0,rebound,0.6204328354431026,0.3795671645568974,San Antonio Spurs,1,0,0.0
2025-26,0042500402,2,2026-06-05,San Antonio Spurs,New York Knicks,123,1,PT03M42.00S,222.0,2382.0,20.0,18.0,2.0,2.0,missed_shot,0.6251735128321464,0.3748264871678536,San Antonio Spurs,1,0,0.0
2025-26,0042500402,2,2026-06-05,San Antonio Spurs,New York Knicks,124,1,PT03M42.00S,222.0,2382.0,20.0,18.0,2.0,2.0,rebound,0.6204786410817115,0.3795213589182885,San Antonio Spurs,1,0,0.0
2025-26,0042500402,2,2026-06-05,San Antonio Spurs,New York Knicks,125,1,PT03M32.00S,212.0,2372.0,22.0,18.0,4.0,4.0,made_shot,0.6880712413183234,0.3119287586816766,San Antonio Spurs,1,0,0.0
2025-26,0042500402,2,2026-06-05,San Antonio Spurs,New York Knicks,126,1,PT03M25.00S,205.0,2365.0,22.0,18.0,4.0,4.0,foul,0.69066647604625,0.30933352395375,San Antonio Spurs,1,0,0.0
2025-26,0042500402,2,2026-06-05,San Antonio Spurs,New York Knicks,128,1,PT03M25.00S,205.0,2365.0,22.0,19.0,3.0,3.0,free_throw,0.6548058017935597,0.3451941982064402,San Antonio Spurs,1,0,0.0
2025-26,0042500402,2,2026-06-05,San Antonio Spurs,New York Knicks,129,1,PT03M25.00S,205.0,2365.0,22.0,19.0,3.0,3.0,free_throw,0.6559094515187623,0.3440905484812376,San Antonio Spurs,1,0,0.0
2025-26,0042500402,2,2026-06-05,San Antonio Spurs,New York Knicks,130,1,PT03M22.00S,202.0,2362.0,22.0,19.0,3.0,3.0,rebound,0.6549526928414435,0.3450473071585564,San Antonio Spurs,1,0,0.0
2025-26,0042500402,2,2026-06-05,San Antonio Spurs,New York Knicks,131,1,PT03M06.00S,186.0,2346.0,24.0,19.0,5.0,5.0,made_shot,0.7106797217547933,0.2893202782452067,San Antonio Spurs,1,0,0.0
2025-26,0042500402,2,2026-06-05,San Antonio Spurs,New York Knicks,133,1,PT02M56.00S,176.0,2336.0,24.0,19.0,5.0,5.0,foul,0.721742540949399,0.2782574590506009,San Antonio Spurs,1,0,0.0
2025-26,0042500402,2,2026-06-05,San Antonio Spurs,New York Knicks,135,1,PT02M56.00S,176.0,2336.0,24.0,19.0,5.0,5.0,timeout,0.718118700342094,0.281881299657906,San Antonio Spurs,1,0,0.0
2025-26,0042500402,2,2026-06-05,San Antonio Spurs,New York Knicks,136,1,PT02M56.00S,176.0,2336.0,24.0,19.0,5.0,5.0,free_throw,0.7207388551512752,0.2792611448487248,San Antonio Spurs,1,0,0.0
2025-26,0042500402,2,2026-06-05,San Antonio Spurs,New York Knicks,137,1,PT02M56.00S,176.0,2336.0,24.0,19.0,5.0,5.0,rebound,0.7281014859052712,0.2718985140947287,San Antonio Spurs,1,0,0.0
2025-26,0042500402,2,2026-06-05,San Antonio Spurs,New York Knicks,138,1,PT02M56.00S,176.0,2336.0,24.0,19.0,5.0,5.0,free_throw,0.7208530090103875,0.2791469909896125,San Antonio Spurs,1,0,0.0
2025-26,0042500402,2,2026-06-05,San Antonio Spurs,New York Knicks,139,1,PT02M53.00S,173.0,2333.0,24.0,19.0,5.0,5.0,rebound,0.719999741861062,0.280000258138938,San Antonio Spurs,1,0,0.0
2025-26,0042500402,2,2026-06-05,San Antonio Spurs,New York Knicks,140,1,PT02M38.00S,158.0,2318.0,27.0,19.0,8.0,8.0,made_shot,0.8013897049391032,0.1986102950608967,San Antonio Spurs,1,0,0.0
2025-26,0042500402,2,2026-06-05,San Antonio Spurs,New York Knicks,142,1,PT02M29.00S,149.0,2309.0,27.0,19.0,8.0,8.0,foul,0.8033587142630788,0.1966412857369212,San Antonio Spurs,1,0,0.0
2025-26,0042500402,2,2026-06-05,San Antonio Spurs,New York Knicks,144,1,PT02M29.00S,149.0,2309.0,27.0,20.0,7.0,7.0,free_throw,0.7763315257492441,0.2236684742507558,San Antonio Spurs,1,0,0.0
2025-26,0042500402,2,2026-06-05,San Antonio Spurs,New York Knicks,145,1,PT02M29.00S,149.0,2309.0,27.0,20.0,7.0,7.0,substitution,0.7768654006269768,0.2231345993730231,San Antonio Spurs,1,0,0.0
2025-26,0042500402,2,2026-06-05,San Antonio Spurs,New York Knicks,146,1,PT02M29.00S,149.0,2309.0,27.0,20.0,7.0,7.0,substitution,0.7768654006269768,0.2231345993730231,San Antonio Spurs,1,0,0.0
2025-26,0042500402,2,2026-06-05,San Antonio Spurs,New York Knicks,149,1,PT02M29.00S,149.0,2309.0,27.0,21.0,6.0,6.0,free_throw,0.7486241467276269,0.2513758532723731,San Antonio Spurs,1,0,0.0
2025-26,0042500402,2,2026-06-05,San Antonio Spurs,New York Knicks,150,1,PT02M18.00S,138.0,2298.0,29.0,21.0,8.0,8.0,made_shot,0.7939101235159791,0.2060898764840208,San Antonio Spurs,1,0,0.0
2025-26,0042500402,2,2026-06-05,San Antonio Spurs,New York Knicks,152,1,PT01M50.00S,110.0,2270.0,29.0,21.0,8.0,8.0,missed_shot,0.8007821841169649,0.1992178158830351,San Antonio Spurs,1,0,0.0
2025-26,0042500402,2,2026-06-05,San Antonio Spurs,New York Knicks,153,1,PT01M48.00S,108.0,2268.0,29.0,21.0,8.0,8.0,rebound,0.8014740688878889,0.1985259311121111,San Antonio Spurs,1,0,0.0
2025-26,0042500402,2,2026-06-05,San Antonio Spurs,New York Knicks,154,1,PT01M45.00S,105.0,2265.0,31.0,21.0,10.0,10.0,made_shot,0.8449588011291413,0.1550411988708586,San Antonio Spurs,1,0,0.0
2025-26,0042500402,2,2026-06-05,San Antonio Spurs,New York Knicks,156,1,PT01M20.00S,80.0,2240.0,31.0,23.0,8.0,8.0,made_shot,0.8078606290084498,0.1921393709915502,San Antonio Spurs,1,0,0.0
2025-26,0042500402,2,2026-06-05,San Antonio Spurs,New York Knicks,158,1,PT01M06.00S,66.0,2226.0,31.0,23.0,8.0,8.0,foul,0.8009445784318225,0.1990554215681774,San Antonio Spurs,1,0,0.0
2025-26,0042500402,2,2026-06-05,San Antonio Spurs,New York Knicks,160,1,PT01M06.00S,66.0,2226.0,31.0,23.0,8.0,8.0,free_throw,0.8016167806308713,0.1983832193691287,San Antonio Spurs,1,0,0.0
2025-26,0042500402,2,2026-06-05,San Antonio Spurs,New York Knicks,161,1,PT01M06.00S,66.0,2226.0,31.0,23.0,8.0,8.0,rebound,0.8074168519305458,0.1925831480694542,San Antonio Spurs,1,0,0.0
2025-26,0042500402,2,2026-06-05,San Antonio Spurs,New York Knicks,162,1,PT01M06.00S,66.0,2226.0,32.0,23.0,9.0,9.0,free_throw,0.82397692644185,0.1760230735581499,San Antonio Spurs,1,0,0.0
2025-26,0042500402,2,2026-06-05,San Antonio Spurs,New York Knicks,163,1,PT00M50.40S,50.4,2210.4,32.0,23.0,9.0,9.0,turnover,0.8273865794995965,0.1726134205004035,San Antonio Spurs,1,0,0.0
2025-26,0042500402,2,2026-06-05,San Antonio Spurs,New York Knicks,164,1,PT00M34.00S,34.0,2194.0,32.0,23.0,9.0,9.0,unknown,0.8225710312316636,0.1774289687683363,San Antonio Spurs,1,0,0.0
2025-26,0042500402,2,2026-06-05,San Antonio Spurs,New York Knicks,166,1,PT00M31.20S,31.2,2191.2,32.0,25.0,7.0,7.0,made_shot,0.7771537550246457,0.2228462449753543,San Antonio Spurs,1,0,0.0
2025-26,0042500402,2,2026-06-05,San Antonio Spurs,New York Knicks,168,1,PT00M12.30S,12.3,2172.3,34.0,25.0,9.0,9.0,made_shot,0.8272361918971901,0.1727638081028099,San Antonio Spurs,1,0,0.0
2025-26,0042500402,2,2026-06-05,San Antonio Spurs,New York Knicks,170,1,PT00M03.90S,3.9,2163.9,34.0,25.0,9.0,9.0,missed_shot,0.82656530356183,0.17343469643817,San Antonio Spurs,1,0,0.0
2025-26,0042500402,2,2026-06-05,San Antonio Spurs,New York Knicks,171,1,PT00M01.70S,1.7,2161.7,34.0,25.0,9.0,9.0,rebound,0.8237400262880414,0.1762599737119585,San Antonio Spurs,1,0,0.0
2025-26,0042500402,2,2026-06-05,San Antonio Spurs,New York Knicks,172,1,PT00M00.10S,0.1,2160.1,34.0,25.0,9.0,9.0,unknown,0.8151242540563953,0.1848757459436046,San Antonio Spurs,1,0,0.0
2025-26,0042500402,2,2026-06-05,San Antonio Spurs,New York Knicks,173,1,PT00M00.10S,0.1,2160.1,34.0,25.0,9.0,9.0,rebound,0.8237550879785688,0.1762449120214312,San Antonio Spurs,1,0,0.0
2025-26,0042500402,2,2026-06-05,San Antonio Spurs,New York Knicks,174,1,PT00M00.00S,0.0,2160.0,34.0,25.0,9.0,9.0,end_period,0.820059436229112,0.1799405637708879,San Antonio Spurs,1,0,0.0
2025-26,0042500402,2,2026-06-05,San Antonio Spurs,New York Knicks,183,2,PT12M00.00S,720.0,2160.0,34.0,25.0,9.0,9.0,start_period,0.8218890534334781,0.1781109465665219,San Antonio Spurs,1,0,0.0
2025-26,0042500402,2,2026-06-05,San Antonio Spurs,New York Knicks,184,2,PT11M46.00S,706.0,2146.0,34.0,25.0,9.0,9.0,missed_shot,0.8248488176521734,0.1751511823478265,San Antonio Spurs,1,0,0.0
2025-26,0042500402,2,2026-06-05,San Antonio Spurs,New York Knicks,185,2,PT11M42.00S,702.0,2142.0,34.0,25.0,9.0,9.0,rebound,0.824639651465336,0.1753603485346639,San Antonio Spurs,1,0,0.0
2025-26,0042500402,2,2026-06-05,San Antonio Spurs,New York Knicks,186,2,PT11M32.00S,692.0,2132.0,37.0,25.0,12.0,12.0,made_shot,0.8806207611488533,0.1193792388511466,San Antonio Spurs,1,0,0.0
2025-26,0042500402,2,2026-06-05,San Antonio Spurs,New York Knicks,188,2,PT11M15.00S,675.0,2115.0,37.0,28.0,9.0,9.0,made_shot,0.8258305020063502,0.1741694979936497,San Antonio Spurs,1,0,0.0
2025-26,0042500402,2,2026-06-05,San Antonio Spurs,New York Knicks,189,2,PT10M52.00S,652.0,2092.0,37.0,28.0,9.0,9.0,missed_shot,0.8241204426778135,0.1758795573221865,San Antonio Spurs,1,0,0.0
2025-26,0042500402,2,2026-06-05,San Antonio Spurs,New York Knicks,190,2,PT10M49.00S,649.0,2089.0,37.0,28.0,9.0,9.0,rebound,0.8239011854466108,0.1760988145533891,San Antonio Spurs,1,0,0.0
2025-26,0042500402,2,2026-06-05,San Antonio Spurs,New York Knicks,191,2,PT10M41.00S,641.0,2081.0,37.0,28.0,9.0,9.0,unknown,0.8222838567104882,0.1777161432895118,San Antonio Spurs,1,0,0.0
2025-26,0042500402,2,2026-06-05,San Antonio Spurs,New York Knicks,193,2,PT10M39.00S,639.0,2079.0,37.0,28.0,9.0,9.0,rebound,0.8239952367463644,0.1760047632536355,San Antonio Spurs,1,0,0.0
2025-26,0042500402,2,2026-06-05,San Antonio Spurs,New York Knicks,194,2,PT10M37.00S,637.0,2077.0,37.0,28.0,9.0,9.0,missed_shot,0.8214161056101258,0.1785838943898742,San Antonio Spurs,1,0,0.0
2025-26,0042500402,2,2026-06-05,San Antonio Spurs,New York Knicks,195,2,PT10M33.00S,633.0,2073.0,37.0,28.0,9.0,9.0,rebound,0.8240516485628516,0.1759483514371483,San Antonio Spurs,1,0,0.0
2025-26,0042500402,2,2026-06-05,San Antonio Spurs,New York Knicks,196,2,PT10M28.00S,628.0,2068.0,37.0,28.0,9.0,9.0,missed_shot,0.8215016892997536,0.1784983107002463,San Antonio Spurs,1,0,0.0
2025-26,0042500402,2,2026-06-05,San Antonio Spurs,New York Knicks,197,2,PT10M25.00S,625.0,2065.0,37.0,28.0,9.0,9.0,rebound,0.8241268421965432,0.1758731578034568,San Antonio Spurs,1,0,0.0
2025-26,0042500402,2,2026-06-05,San Antonio Spurs,New York Knicks,198,2,PT10M12.00S,612.0,2052.0,37.0,28.0,9.0,9.0,foul,0.8241971292347391,0.1758028707652609,San Antonio Spurs,1,0,0.0
2025-26,0042500402,2,2026-06-05,San Antonio Spurs,New York Knicks,200,2,PT10M12.00S,612.0,2052.0,37.0,29.0,8.0,8.0,free_throw,0.8007924799558698,0.1992075200441302,San Antonio Spurs,1,0,0.0
2025-26,0042500402,2,2026-06-05,San Antonio Spurs,New York Knicks,201,2,PT10M12.00S,612.0,2052.0,37.0,29.0,8.0,8.0,substitution,0.8012829139227045,0.1987170860772955,San Antonio Spurs,1,0,0.0
2025-26,0042500402,2,2026-06-05,San Antonio Spurs,New York Knicks,203,2,PT10M12.00S,612.0,2052.0,37.0,30.0,7.0,7.0,free_throw,0.7752379673358062,0.2247620326641938,San Antonio Spurs,1,0,0.0
2025-26,0042500402,2,2026-06-05,San Antonio Spurs,New York Knicks,204,2,PT10M01.00S,601.0,2041.0,37.0,30.0,7.0,7.0,foul,0.7794961734150067,0.2205038265849933,San Antonio Spurs,1,0,0.0
2025-26,0042500402,2,2026-06-05,San Antonio Spurs,New York Knicks,206,2,PT10M01.00S,601.0,2041.0,37.0,30.0,7.0,7.0,turnover,0.7757165075253761,0.2242834924746238,San Antonio Spurs,1,0,0.0
2025-26,0042500402,2,2026-06-05,San Antonio Spurs,New York Knicks,207,2,PT09M50.00S,590.0,2030.0,37.0,30.0,7.0,7.0,unknown,0.773436182124959,0.2265638178750409,San Antonio Spurs,1,0,0.0
2025-26,0042500402,2,2026-06-05,San Antonio Spurs,New York Knicks,209,2,PT09M50.00S,590.0,2030.0,37.0,30.0,7.0,7.0,rebound,0.7754669466571246,0.2245330533428754,San Antonio Spurs,1,0,0.0
2025-26,0042500402,2,2026-06-05,San Antonio Spurs,New York Knicks,211,2,PT09M45.00S,585.0,2025.0,37.0,32.0,5.0,5.0,made_shot,0.7092028092200885,0.2907971907799115,San Antonio Spurs,1,0,0.0
2025-26,0042500402,2,2026-06-05,San Antonio Spurs,New York Knicks,215,2,PT09M25.00S,565.0,2005.0,37.0,32.0,5.0,5.0,missed_shot,0.71816580555262,0.28183419444738,San Antonio Spurs,1,0,0.0
2025-26,0042500402,2,2026-06-05,San Antonio Spurs,New York Knicks,216,2,PT09M22.00S,562.0,2002.0,37.0,32.0,5.0,5.0,rebound,0.7178596820454151,0.2821403179545849,San Antonio Spurs,1,0,0.0
2025-26,0042500402,2,2026-06-05,San Antonio Spurs,New York Knicks,217,2,PT09M21.00S,561.0,2001.0,37.0,32.0,5.0,5.0,foul,0.7178003272438793,0.2821996727561207,San Antonio Spurs,1,0,0.0
2025-26,0042500402,2,2026-06-05,San Antonio Spurs,New York Knicks,220,2,PT09M21.00S,561.0,2001.0,38.0,32.0,6.0,6.0,free_throw,0.7473122000354946,0.2526877999645054,San Antonio Spurs,1,0,0.0
2025-26,0042500402,2,2026-06-05,San Antonio Spurs,New York Knicks,221,2,PT09M21.00S,561.0,2001.0,38.0,32.0,6.0,6.0,substitution,0.7478928475672042,0.2521071524327958,San Antonio Spurs,1,0,0.0
2025-26,0042500402,2,2026-06-05,San Antonio Spurs,New York Knicks,222,2,PT09M21.00S,561.0,2001.0,38.0,32.0,6.0,6.0,substitution,0.7478928475672042,0.2521071524327958,San Antonio Spurs,1,0,0.0
2025-26,0042500402,2,2026-06-05,San Antonio Spurs,New York Knicks,223,2,PT09M21.00S,561.0,2001.0,38.0,32.0,6.0,6.0,substitution,0.7478928475672042,0.2521071524327958,San Antonio Spurs,1,0,0.0
2025-26,0042500402,2,2026-06-05,San Antonio Spurs,New York Knicks,227,2,PT09M21.00S,561.0,2001.0,39.0,32.0,7.0,7.0,free_throw,0.7748224690549207,0.2251775309450793,San Antonio Spurs,1,0,0.0
2025-26,0042500402,2,2026-06-05,San Antonio Spurs,New York Knicks,228,2,PT09M04.00S,544.0,1984.0,39.0,34.0,5.0,5.0,made_shot,0.7062829831709085,0.2937170168290914,San Antonio Spurs,1,0,0.0
2025-26,0042500402,2,2026-06-05,San Antonio Spurs,New York Knicks,230,2,PT08M46.00S,526.0,1966.0,39.0,34.0,5.0,5.0,missed_shot,0.7175596621483632,0.2824403378516368,San Antonio Spurs,1,0,0.0
2025-26,0042500402,2,2026-06-05,San Antonio Spurs,New York Knicks,231,2,PT08M44.00S,524.0,1964.0,39.0,34.0,5.0,5.0,rebound,0.7172058589933482,0.2827941410066518,San Antonio Spurs,1,0,0.0
2025-26,0042500402,2,2026-06-05,San Antonio Spurs,New York Knicks,232,2,PT08M31.00S,511.0,1951.0,39.0,34.0,5.0,5.0,missed_shot,0.7177567267111783,0.2822432732888217,San Antonio Spurs,1,0,0.0
2025-26,0042500402,2,2026-06-05,San Antonio Spurs,New York Knicks,233,2,PT08M28.00S,508.0,1948.0,39.0,34.0,5.0,5.0,rebound,0.717416217841806,0.282583782158194,San Antonio Spurs,1,0,0.0
2025-26,0042500402,2,2026-06-05,San Antonio Spurs,New York Knicks,234,2,PT08M22.00S,502.0,1942.0,39.0,34.0,5.0,5.0,unknown,0.7151326019887362,0.2848673980112638,San Antonio Spurs,1,0,0.0
2025-26,0042500402,2,2026-06-05,San Antonio Spurs,New York Knicks,236,2,PT08M13.00S,493.0,1933.0,39.0,34.0,5.0,5.0,missed_shot,0.717959017955685,0.282040982044315,San Antonio Spurs,1,0,0.0
2025-26,0042500402,2,2026-06-05,San Antonio Spurs,New York Knicks,237,2,PT08M09.00S,489.0,1929.0,39.0,34.0,5.0,5.0,rebound,0.7176658957504766,0.2823341042495234,San Antonio Spurs,1,0,0.0
2025-26,0042500402,2,2026-06-05,San Antonio Spurs,New York Knicks,238,2,PT08M01.00S,481.0,1921.0,41.0,34.0,7.0,7.0,made_shot,0.7731585493733424,0.2268414506266576,San Antonio Spurs,1,0,0.0
2025-26,0042500402,2,2026-06-05,San Antonio Spurs,New York Knicks,239,2,PT08M01.00S,481.0,1921.0,41.0,34.0,7.0,7.0,foul,0.7746527626646856,0.2253472373353143,San Antonio Spurs,1,0,0.0
2025-26,0042500402,2,2026-06-05,San Antonio Spurs,New York Knicks,241,2,PT08M01.00S,481.0,1921.0,41.0,34.0,7.0,7.0,substitution,0.7751724857280281,0.2248275142719719,San Antonio Spurs,1,0,0.0
2025-26,0042500402,2,2026-06-05,San Antonio Spurs,New York Knicks,242,2,PT08M01.00S,481.0,1921.0,41.0,34.0,7.0,7.0,substitution,0.7751724857280281,0.2248275142719719,San Antonio Spurs,1,0,0.0
2025-26,0042500402,2,2026-06-05,San Antonio Spurs,New York Knicks,245,2,PT08M01.00S,481.0,1921.0,42.0,34.0,8.0,8.0,free_throw,0.8035378951384917,0.1964621048615082,San Antonio Spurs,1,0,0.0
2025-26,0042500402,2,2026-06-05,San Antonio Spurs,New York Knicks,246,2,PT07M38.00S,458.0,1898.0,42.0,34.0,8.0,8.0,foul,0.8001309392649144,0.1998690607350856,San Antonio Spurs,1,0,0.0
2025-26,0042500402,2,2026-06-05,San Antonio Spurs,New York Knicks,248,2,PT07M38.00S,458.0,1898.0,42.0,35.0,7.0,7.0,free_throw,0.7844391693506778,0.2155608306493222,San Antonio Spurs,1,0,0.0
2025-26,0042500402,2,2026-06-05,San Antonio Spurs,New York Knicks,249,2,PT07M38.00S,458.0,1898.0,42.0,35.0,7.0,7.0,free_throw,0.7852997940061601,0.2147002059938398,San Antonio Spurs,1,0,0.0
2025-26,0042500402,2,2026-06-05,San Antonio Spurs,New York Knicks,250,2,PT07M38.00S,458.0,1898.0,42.0,35.0,7.0,7.0,rebound,0.7815159260956788,0.2184840739043212,San Antonio Spurs,1,0,0.0
2025-26,0042500402,2,2026-06-05,San Antonio Spurs,New York Knicks,251,2,PT07M38.00S,458.0,1898.0,42.0,35.0,7.0,7.0,substitution,0.7749364923439861,0.2250635076560139,San Antonio Spurs,1,0,0.0
2025-26,0042500402,2,2026-06-05,San Antonio Spurs,New York Knicks,253,2,PT07M38.00S,458.0,1898.0,42.0,36.0,6.0,6.0,free_throw,0.757544464638937,0.242455535361063,San Antonio Spurs,1,0,0.0
2025-26,0042500402,2,2026-06-05,San Antonio Spurs,New York Knicks,254,2,PT07M22.00S,442.0,1882.0,42.0,36.0,6.0,6.0,missed_shot,0.7504184746175241,0.2495815253824759,San Antonio Spurs,1,0,0.0
2025-26,0042500402,2,2026-06-05,San Antonio Spurs,New York Knicks,255,2,PT07M19.00S,439.0,1879.0,42.0,36.0,6.0,6.0,rebound,0.7467426468533408,0.2532573531466592,San Antonio Spurs,1,0,0.0
2025-26,0042500402,2,2026-06-05,San Antonio Spurs,New York Knicks,256,2,PT07M03.00S,423.0,1863.0,42.0,39.0,3.0,3.0,made_shot,0.6498298603282396,0.3501701396717603,San Antonio Spurs,1,0,0.0
2025-26,0042500402,2,2026-06-05,San Antonio Spurs,New York Knicks,258,2,PT07M01.00S,421.0,1861.0,42.0,39.0,3.0,3.0,timeout,0.648461199276952,0.351538800723048,San Antonio Spurs,1,0,0.0
2025-26,0042500402,2,2026-06-05,San Antonio Spurs,New York Knicks,259,2,PT09M33.00S,573.0,2013.0,42.0,39.0,3.0,3.0,unknown,0.6456375197975216,0.3543624802024784,San Antonio Spurs,1,0,0.0
2025-26,0042500402,2,2026-06-05,San Antonio Spurs,New York Knicks,261,2,PT09M33.00S,573.0,2013.0,42.0,39.0,3.0,3.0,rebound,0.6482928877764584,0.3517071122235415,San Antonio Spurs,1,0,0.0
2025-26,0042500402,2,2026-06-05,San Antonio Spurs,New York Knicks,262,2,PT07M01.00S,421.0,1861.0,42.0,39.0,3.0,3.0,substitution,0.6511324804782099,0.34886751952179,San Antonio Spurs,1,0,0.0
2025-26,0042500402,2,2026-06-05,San Antonio Spurs,New York Knicks,263,2,PT07M01.00S,421.0,1861.0,42.0,39.0,3.0,3.0,substitution,0.6511324804782099,0.34886751952179,San Antonio Spurs,1,0,0.0
2025-26,0042500402,2,2026-06-05,San Antonio Spurs,New York Knicks,264,2,PT07M01.00S,421.0,1861.0,42.0,39.0,3.0,3.0,substitution,0.6511324804782099,0.34886751952179,San Antonio Spurs,1,0,0.0
2025-26,0042500402,2,2026-06-05,San Antonio Spurs,New York Knicks,265,2,PT07M01.00S,421.0,1861.0,42.0,39.0,3.0,3.0,substitution,0.6511324804782099,0.34886751952179,San Antonio Spurs,1,0,0.0
2025-26,0042500402,2,2026-06-05,San Antonio Spurs,New York Knicks,270,2,PT06M49.00S,409.0,1849.0,44.0,39.0,5.0,5.0,made_shot,0.7126676827902352,0.2873323172097648,San Antonio Spurs,1,0,0.0
2025-26,0042500402,2,2026-06-05,San Antonio Spurs,New York Knicks,272,2,PT06M24.00S,384.0,1824.0,44.0,39.0,5.0,5.0,turnover,0.722506058319249,0.277493941680751,San Antonio Spurs,1,0,0.0
2025-26,0042500402,2,2026-06-05,San Antonio Spurs,New York Knicks,273,2,PT06M13.00S,373.0,1813.0,44.0,39.0,5.0,5.0,missed_shot,0.7222904295419843,0.2777095704580157,San Antonio Spurs,1,0,0.0
2025-26,0042500402,2,2026-06-05,San Antonio Spurs,New York Knicks,274,2,PT06M11.00S,371.0,1811.0,44.0,39.0,5.0,5.0,rebound,0.7163320617971675,0.2836679382028325,San Antonio Spurs,1,0,0.0
2025-26,0042500402,2,2026-06-05,San Antonio Spurs,New York Knicks,275,2,PT06M03.00S,363.0,1803.0,44.0,39.0,5.0,5.0,missed_shot,0.7167839957930414,0.2832160042069586,San Antonio Spurs,1,0,0.0
2025-26,0042500402,2,2026-06-05,San Antonio Spurs,New York Knicks,276,2,PT06M00.00S,360.0,1800.0,44.0,39.0,5.0,5.0,rebound,0.7164769639237729,0.2835230360762271,San Antonio Spurs,1,0,0.0
2025-26,0042500402,2,2026-06-05,San Antonio Spurs,New York Knicks,277,2,PT05M56.00S,356.0,1796.0,44.0,39.0,5.0,5.0,missed_shot,0.7134661312475562,0.2865338687524438,San Antonio Spurs,1,0,0.0
2025-26,0042500402,2,2026-06-05,San Antonio Spurs,New York Knicks,278,2,PT05M52.00S,352.0,1792.0,44.0,39.0,5.0,5.0,rebound,0.7165823191902467,0.2834176808097532,San Antonio Spurs,1,0,0.0
2025-26,0042500402,2,2026-06-05,San Antonio Spurs,New York Knicks,279,2,PT05M46.00S,346.0,1786.0,44.0,39.0,5.0,5.0,unknown,0.7142946481502602,0.2857053518497398,San Antonio Spurs,1,0,0.0
2025-26,0042500402,2,2026-06-05,San Antonio Spurs,New York Knicks,281,2,PT05M42.00S,342.0,1782.0,44.0,39.0,5.0,5.0,unknown,0.7143475725666154,0.2856524274333846,San Antonio Spurs,1,0,0.0
2025-26,0042500402,2,2026-06-05,San Antonio Spurs,New York Knicks,283,2,PT05M40.00S,340.0,1780.0,44.0,39.0,5.0,5.0,rebound,0.7167403077091608,0.2832596922908392,San Antonio Spurs,1,0,0.0
2025-26,0042500402,2,2026-06-05,San Antonio Spurs,New York Knicks,284,2,PT05M37.00S,337.0,1777.0,44.0,42.0,2.0,2.0,made_shot,0.6094414711348148,0.3905585288651851,San Antonio Spurs,1,0,0.0
2025-26,0042500402,2,2026-06-05,San Antonio Spurs,New York Knicks,286,2,PT05M21.00S,321.0,1761.0,44.0,42.0,2.0,2.0,missed_shot,0.6154323711038276,0.3845676288961723,San Antonio Spurs,1,0,0.0
2025-26,0042500402,2,2026-06-05,San Antonio Spurs,New York Knicks,287,2,PT05M21.00S,321.0,1761.0,44.0,42.0,2.0,2.0,rebound,0.6150284161197797,0.3849715838802203,San Antonio Spurs,1,0,0.0
2025-26,0042500402,2,2026-06-05,San Antonio Spurs,New York Knicks,289,2,PT05M21.00S,321.0,1761.0,44.0,42.0,2.0,2.0,substitution,0.615648987177448,0.384351012822552,San Antonio Spurs,1,0,0.0
2025-26,0042500402,2,2026-06-05,San Antonio Spurs,New York Knicks,290,2,PT05M21.00S,321.0,1761.0,44.0,42.0,2.0,2.0,substitution,0.615648987177448,0.384351012822552,San Antonio Spurs,1,0,0.0
2025-26,0042500402,2,2026-06-05,San Antonio Spurs,New York Knicks,291,2,PT05M21.00S,321.0,1761.0,44.0,42.0,2.0,2.0,substitution,0.615648987177448,0.384351012822552,San Antonio Spurs,1,0,0.0
2025-26,0042500402,2,2026-06-05,San Antonio Spurs,New York Knicks,296,2,PT05M14.00S,314.0,1754.0,44.0,42.0,2.0,2.0,instant_replay,0.6197270623059924,0.3802729376940076,San Antonio Spurs,1,0,0.0
2025-26,0042500402,2,2026-06-05,San Antonio Spurs,New York Knicks,297,2,PT05M14.00S,314.0,1754.0,44.0,42.0,2.0,2.0,foul,0.6189398853695889,0.3810601146304111,San Antonio Spurs,1,0,0.0
2025-26,0042500402,2,2026-06-05,San Antonio Spurs,New York Knicks,299,2,PT05M14.00S,314.0,1754.0,44.0,42.0,2.0,2.0,turnover,0.6156440480563897,0.3843559519436103,San Antonio Spurs,1,0,0.0
2025-26,0042500402,2,2026-06-05,San Antonio Spurs,New York Knicks,300,2,PT05M14.00S,314.0,1754.0,45.0,42.0,3.0,3.0,free_throw,0.6593901146176935,0.3406098853823065,San Antonio Spurs,1,0,0.0
2025-26,0042500402,2,2026-06-05,San Antonio Spurs,New York Knicks,301,2,PT05M14.00S,314.0,1754.0,45.0,42.0,3.0,3.0,substitution,0.650769623558161,0.3492303764418389,San Antonio Spurs,1,0,0.0
2025-26,0042500402,2,2026-06-05,San Antonio Spurs,New York Knicks,303,2,PT05M14.00S,314.0,1754.0,46.0,42.0,4.0,4.0,free_throw,0.692484057676117,0.307515942323883,San Antonio Spurs,1,0,0.0
2025-26,0042500402,2,2026-06-05,San Antonio Spurs,New York Knicks,305,2,PT04M56.00S,296.0,1736.0,46.0,42.0,4.0,4.0,missed_shot,0.6842829072670191,0.3157170927329809,San Antonio Spurs,1,0,0.0
2025-26,0042500402,2,2026-06-05,San Antonio Spurs,New York Knicks,306,2,PT04M56.00S,296.0,1736.0,46.0,42.0,4.0,4.0,rebound,0.6839141294954914,0.3160858705045086,San Antonio Spurs,1,0,0.0
2025-26,0042500402,2,2026-06-05,San Antonio Spurs,New York Knicks,307,2,PT04M56.00S,296.0,1736.0,46.0,42.0,4.0,4.0,foul,0.6895578870516188,0.3104421129483812,San Antonio Spurs,1,0,0.0
2025-26,0042500402,2,2026-06-05,San Antonio Spurs,New York Knicks,309,2,PT04M56.00S,296.0,1736.0,46.0,42.0,4.0,4.0,foul,0.6903343037749663,0.3096656962250337,San Antonio Spurs,1,0,0.0
2025-26,0042500402,2,2026-06-05,San Antonio Spurs,New York Knicks,310,2,PT04M56.00S,296.0,1736.0,47.0,42.0,5.0,5.0,free_throw,0.726552051220827,0.273447948779173,San Antonio Spurs,1,0,0.0
2025-26,0042500402,2,2026-06-05,San Antonio Spurs,New York Knicks,311,2,PT04M56.00S,296.0,1736.0,47.0,42.0,5.0,5.0,substitution,0.7161186568821336,0.2838813431178664,San Antonio Spurs,1,0,0.0
2025-26,0042500402,2,2026-06-05,San Antonio Spurs,New York Knicks,313,2,PT04M47.00S,287.0,1727.0,47.0,42.0,5.0,5.0,unknown,0.7133326416792574,0.2866673583207426,San Antonio Spurs,1,0,0.0
2025-26,0042500402,2,2026-06-05,San Antonio Spurs,New York Knicks,315,2,PT04M45.00S,285.0,1725.0,47.0,42.0,5.0,5.0,foul,0.7156576762123085,0.2843423237876915,San Antonio Spurs,1,0,0.0
2025-26,0042500402,2,2026-06-05,San Antonio Spurs,New York Knicks,317,2,PT04M45.00S,285.0,1725.0,47.0,43.0,4.0,4.0,free_throw,0.6833546044468054,0.3166453955531946,San Antonio Spurs,1,0,0.0
2025-26,0042500402,2,2026-06-05,San Antonio Spurs,New York Knicks,318,2,PT04M45.00S,285.0,1725.0,47.0,44.0,3.0,3.0,free_throw,0.6493320545960454,0.3506679454039546,San Antonio Spurs,1,0,0.0
2025-26,0042500402,2,2026-06-05,San Antonio Spurs,New York Knicks,319,2,PT04M28.00S,268.0,1708.0,47.0,44.0,3.0,3.0,foul,0.6494760713299098,0.3505239286700902,San Antonio Spurs,1,0,0.0
2025-26,0042500402,2,2026-06-05,San Antonio Spurs,New York Knicks,321,2,PT04M28.00S,268.0,1708.0,47.0,44.0,3.0,3.0,free_throw,0.6504365367149139,0.3495634632850861,San Antonio Spurs,1,0,0.0
2025-26,0042500402,2,2026-06-05,San Antonio Spurs,New York Knicks,322,2,PT04M28.00S,268.0,1708.0,47.0,44.0,3.0,3.0,rebound,0.6587751499576021,0.3412248500423979,San Antonio Spurs,1,0,0.0
2025-26,0042500402,2,2026-06-05,San Antonio Spurs,New York Knicks,323,2,PT04M28.00S,268.0,1708.0,48.0,44.0,4.0,4.0,free_throw,0.6831002160365878,0.3168997839634122,San Antonio Spurs,1,0,0.0
2025-26,0042500402,2,2026-06-05,San Antonio Spurs,New York Knicks,324,2,PT04M02.00S,242.0,1682.0,48.0,47.0,1.0,1.0,made_shot,0.5758034705964804,0.4241965294035196,San Antonio Spurs,1,0,0.0
2025-26,0042500402,2,2026-06-05,San Antonio Spurs,New York Knicks,326,2,PT03M49.00S,229.0,1669.0,48.0,47.0,1.0,1.0,missed_shot,0.5771529699288169,0.422847030071183,San Antonio Spurs,1,0,0.0
2025-26,0042500402,2,2026-06-05,San Antonio Spurs,New York Knicks,327,2,PT03M44.00S,224.0,1664.0,48.0,47.0,1.0,1.0,rebound,0.5768155952219544,0.4231844047780456,San Antonio Spurs,1,0,0.0
2025-26,0042500402,2,2026-06-05,San Antonio Spurs,New York Knicks,328,2,PT03M39.00S,219.0,1659.0,48.0,49.0,-1.0,1.0,made_shot,0.4999108779412135,0.5000891220587864,New York Knicks,0,0,1.0
2025-26,0042500402,2,2026-06-05,San Antonio Spurs,New York Knicks,330,2,PT03M20.00S,200.0,1640.0,48.0,49.0,-1.0,1.0,missed_shot,0.5012378636592849,0.4987621363407151,San Antonio Spurs,1,0,0.0
2025-26,0042500402,2,2026-06-05,San Antonio Spurs,New York Knicks,331,2,PT03M18.00S,198.0,1638.0,48.0,49.0,-1.0,1.0,rebound,0.5023235218489858,0.4976764781510142,San Antonio Spurs,1,0,0.0
2025-26,0042500402,2,2026-06-05,San Antonio Spurs,New York Knicks,332,2,PT03M15.00S,195.0,1635.0,51.0,49.0,2.0,2.0,made_shot,0.6115367469022597,0.3884632530977403,San Antonio Spurs,1,0,0.0
2025-26,0042500402,2,2026-06-05,San Antonio Spurs,New York Knicks,334,2,PT03M15.00S,195.0,1635.0,51.0,49.0,2.0,2.0,foul,0.6121589954192693,0.3878410045807307,San Antonio Spurs,1,0,0.0
2025-26,0042500402,2,2026-06-05,San Antonio Spurs,New York Knicks,336,2,PT03M15.00S,195.0,1635.0,51.0,49.0,2.0,2.0,substitution,0.6128661930395702,0.3871338069604297,San Antonio Spurs,1,0,0.0
2025-26,0042500402,2,2026-06-05,San Antonio Spurs,New York Knicks,338,2,PT03M15.00S,195.0,1635.0,51.0,49.0,2.0,2.0,substitution,0.6128661930395702,0.3871338069604297,San Antonio Spurs,1,0,0.0
2025-26,0042500402,2,2026-06-05,San Antonio Spurs,New York Knicks,340,2,PT03M15.00S,195.0,1635.0,52.0,49.0,3.0,3.0,free_throw,0.6525300408424702,0.3474699591575297,San Antonio Spurs,1,0,0.0
2025-26,0042500402,2,2026-06-05,San Antonio Spurs,New York Knicks,341,2,PT03M03.00S,183.0,1623.0,52.0,51.0,1.0,1.0,made_shot,0.563668396020693,0.436331603979307,San Antonio Spurs,1,0,0.0
2025-26,0042500402,2,2026-06-05,San Antonio Spurs,New York Knicks,342,2,PT02M45.00S,165.0,1605.0,52.0,51.0,1.0,1.0,missed_shot,0.5821978122061326,0.4178021877938673,San Antonio Spurs,1,0,0.0
2025-26,0042500402,2,2026-06-05,San Antonio Spurs,New York Knicks,343,2,PT02M43.00S,163.0,1603.0,52.0,51.0,1.0,1.0,rebound,0.5750022894488647,0.4249977105511353,San Antonio Spurs,1,0,0.0
2025-26,0042500402,2,2026-06-05,San Antonio Spurs,New York Knicks,344,2,PT02M40.00S,160.0,1600.0,52.0,51.0,1.0,1.0,missed_shot,0.5713719582543044,0.4286280417456956,San Antonio Spurs,1,0,0.0
2025-26,0042500402,2,2026-06-05,San Antonio Spurs,New York Knicks,345,2,PT02M37.00S,157.0,1597.0,52.0,51.0,1.0,1.0,rebound,0.5750973541288475,0.4249026458711524,San Antonio Spurs,1,0,0.0
2025-26,0042500402,2,2026-06-05,San Antonio Spurs,New York Knicks,346,2,PT02M14.00S,134.0,1574.0,52.0,51.0,1.0,1.0,missed_shot,0.5758785594696839,0.4241214405303161,San Antonio Spurs,1,0,0.0
2025-26,0042500402,2,2026-06-05,San Antonio Spurs,New York Knicks,347,2,PT02M12.00S,132.0,1572.0,52.0,51.0,1.0,1.0,rebound,0.5754933970990301,0.4245066029009698,San Antonio Spurs,1,0,0.0
2025-26,0042500402,2,2026-06-05,San Antonio Spurs,New York Knicks,348,2,PT02M07.00S,127.0,1567.0,52.0,51.0,1.0,1.0,unknown,0.5727300435906026,0.4272699564093973,San Antonio Spurs,1,0,0.0
2025-26,0042500402,2,2026-06-05,San Antonio Spurs,New York Knicks,350,2,PT02M07.00S,127.0,1567.0,52.0,51.0,1.0,1.0,rebound,0.5755725940787343,0.4244274059212657,San Antonio Spurs,1,0,0.0
2025-26,0042500402,2,2026-06-05,San Antonio Spurs,New York Knicks,352,2,PT02M07.00S,127.0,1567.0,52.0,51.0,1.0,1.0,timeout,0.5733438932069271,0.4266561067930728,San Antonio Spurs,1,0,0.0
2025-26,0042500402,2,2026-06-05,San Antonio Spurs,New York Knicks,353,2,PT02M07.00S,127.0,1567.0,52.0,51.0,1.0,1.0,substitution,0.5762129421438399,0.4237870578561601,San Antonio Spurs,1,0,0.0
2025-26,0042500402,2,2026-06-05,San Antonio Spurs,New York Knicks,355,2,PT01M54.00S,114.0,1554.0,52.0,51.0,1.0,1.0,unknown,0.5729362933632015,0.4270637066367985,San Antonio Spurs,1,0,0.0
2025-26,0042500402,2,2026-06-05,San Antonio Spurs,New York Knicks,357,2,PT01M47.00S,107.0,1547.0,52.0,51.0,1.0,1.0,missed_shot,0.5763060746678038,0.4236939253321962,San Antonio Spurs,1,0,0.0
2025-26,0042500402,2,2026-06-05,San Antonio Spurs,New York Knicks,358,2,PT01M43.00S,103.0,1543.0,52.0,51.0,1.0,1.0,rebound,0.5759526854965387,0.4240473145034613,San Antonio Spurs,1,0,0.0
2025-26,0042500402,2,2026-06-05,San Antonio Spurs,New York Knicks,359,2,PT01M22.00S,82.0,1522.0,52.0,51.0,1.0,1.0,missed_shot,0.5767018202613703,0.4232981797386297,San Antonio Spurs,1,0,0.0
2025-26,0042500402,2,2026-06-05,San Antonio Spurs,New York Knicks,360,2,PT01M20.00S,80.0,1520.0,52.0,51.0,1.0,1.0,rebound,0.5763168554792396,0.4236831445207604,San Antonio Spurs,1,0,0.0
2025-26,0042500402,2,2026-06-05,San Antonio Spurs,New York Knicks,361,2,PT01M14.00S,74.0,1514.0,52.0,51.0,1.0,1.0,turnover,0.5819664648315805,0.4180335351684194,San Antonio Spurs,1,0,0.0
2025-26,0042500402,2,2026-06-05,San Antonio Spurs,New York Knicks,362,2,PT01M09.00S,69.0,1509.0,52.0,51.0,1.0,1.0,foul,0.5795077805563611,0.4204922194436389,San Antonio Spurs,1,0,0.0
2025-26,0042500402,2,2026-06-05,San Antonio Spurs,New York Knicks,364,2,PT01M09.00S,69.0,1509.0,52.0,51.0,1.0,1.0,substitution,0.5771309749062272,0.4228690250937728,San Antonio Spurs,1,0,0.0
2025-26,0042500402,2,2026-06-05,San Antonio Spurs,New York Knicks,366,2,PT01M00.00S,60.0,1500.0,52.0,51.0,1.0,1.0,missed_shot,0.581504891947236,0.418495108052764,San Antonio Spurs,1,0,0.0
2025-26,0042500402,2,2026-06-05,San Antonio Spurs,New York Knicks,367,2,PT00M58.20S,58.2,1498.2,52.0,51.0,1.0,1.0,rebound,0.5766619487870829,0.4233380512129171,San Antonio Spurs,1,0,0.0
2025-26,0042500402,2,2026-06-05,San Antonio Spurs,New York Knicks,368,2,PT00M55.20S,55.2,1495.2,52.0,51.0,1.0,1.0,foul,0.5760288216952871,0.4239711783047128,San Antonio Spurs,1,0,0.0
2025-26,0042500402,2,2026-06-05,San Antonio Spurs,New York Knicks,370,2,PT00M55.20S,55.2,1495.2,52.0,51.0,1.0,1.0,turnover,0.5772334778165092,0.4227665221834907,San Antonio Spurs,1,0,0.0
2025-26,0042500402,2,2026-06-05,San Antonio Spurs,New York Knicks,371,2,PT00M38.30S,38.3,1478.3,52.0,53.0,-1.0,1.0,made_shot,0.4972384195105658,0.5027615804894342,New York Knicks,0,0,1.0
2025-26,0042500402,2,2026-06-05,San Antonio Spurs,New York Knicks,373,2,PT00M24.60S,24.6,1464.6,52.0,53.0,-1.0,1.0,unknown,0.499382893423215,0.5006171065767849,New York Knicks,0,0,1.0
2025-26,0042500402,2,2026-06-05,San Antonio Spurs,New York Knicks,375,2,PT00M10.40S,10.4,1450.4,52.0,56.0,-4.0,4.0,made_shot,0.392185216509253,0.607814783490747,New York Knicks,0,0,1.0
2025-26,0042500402,2,2026-06-05,San Antonio Spurs,New York Knicks,377,2,PT00M00.00S,0.0,1440.0,52.0,56.0,-4.0,4.0,missed_shot,0.3935035093103409,0.606496490689659,New York Knicks,0,0,1.0
2025-26,0042500402,2,2026-06-05,San Antonio Spurs,New York Knicks,378,2,PT00M00.00S,0.0,1440.0,52.0,56.0,-4.0,4.0,rebound,0.3930561757224006,0.6069438242775993,New York Knicks,0,0,1.0
2025-26,0042500402,2,2026-06-05,San Antonio Spurs,New York Knicks,379,2,PT00M00.00S,0.0,1440.0,52.0,56.0,-4.0,4.0,end_period,0.3870478263805285,0.6129521736194715,New York Knicks,0,0,1.0
2025-26,0042500402,2,2026-06-05,San Antonio Spurs,New York Knicks,384,3,PT12M00.00S,720.0,1440.0,52.0,56.0,-4.0,4.0,start_period,0.3900052600732718,0.6099947399267281,New York Knicks,0,0,1.0
2025-26,0042500402,2,2026-06-05,San Antonio Spurs,New York Knicks,386,3,PT11M39.00S,699.0,1419.0,52.0,56.0,-4.0,4.0,missed_shot,0.3949661380263441,0.6050338619736559,New York Knicks,0,0,1.0
2025-26,0042500402,2,2026-06-05,San Antonio Spurs,New York Knicks,387,3,PT11M37.00S,697.0,1417.0,52.0,56.0,-4.0,4.0,rebound,0.3945894009395574,0.6054105990604426,New York Knicks,0,0,1.0
2025-26,0042500402,2,2026-06-05,San Antonio Spurs,New York Knicks,388,3,PT11M37.00S,697.0,1417.0,52.0,58.0,-6.0,6.0,made_shot,0.3250041983549217,0.6749958016450783,New York Knicks,0,0,1.0
2025-26,0042500402,2,2026-06-05,San Antonio Spurs,New York Knicks,389,3,PT11M20.00S,680.0,1400.0,52.0,58.0,-6.0,6.0,foul,0.3292862748436987,0.6707137251563013,New York Knicks,0,0,1.0
2025-26,0042500402,2,2026-06-05,San Antonio Spurs,New York Knicks,391,3,PT11M17.00S,677.0,1397.0,52.0,58.0,-6.0,6.0,unknown,0.3240514876640668,0.6759485123359332,New York Knicks,0,0,1.0
2025-26,0042500402,2,2026-06-05,San Antonio Spurs,New York Knicks,393,3,PT11M04.00S,664.0,1384.0,52.0,58.0,-6.0,6.0,missed_shot,0.3258624763826221,0.6741375236173779,New York Knicks,0,0,1.0
2025-26,0042500402,2,2026-06-05,San Antonio Spurs,New York Knicks,394,3,PT11M02.00S,662.0,1382.0,52.0,58.0,-6.0,6.0,rebound,0.3268171820568795,0.6731828179431205,New York Knicks,0,0,1.0
2025-26,0042500402,2,2026-06-05,San Antonio Spurs,New York Knicks,395,3,PT10M46.00S,646.0,1366.0,54.0,58.0,-4.0,4.0,made_shot,0.3933496044950639,0.606650395504936,New York Knicks,0,0,1.0
2025-26,0042500402,2,2026-06-05,San Antonio Spurs,New York Knicks,396,3,PT10M28.00S,628.0,1348.0,54.0,61.0,-7.0,7.0,made_shot,0.2936979143649263,0.7063020856350737,New York Knicks,0,0,1.0
2025-26,0042500402,2,2026-06-05,San Antonio Spurs,New York Knicks,398,3,PT10M19.00S,619.0,1339.0,54.0,61.0,-7.0,7.0,unknown,0.2920278232822373,0.7079721767177627,New York Knicks,0,0,1.0
2025-26,0042500402,2,2026-06-05,San Antonio Spurs,New York Knicks,400,3,PT10M17.00S,617.0,1337.0,54.0,61.0,-7.0,7.0,rebound,0.2944641950910902,0.7055358049089098,New York Knicks,0,0,1.0
2025-26,0042500402,2,2026-06-05,San Antonio Spurs,New York Knicks,402,3,PT10M05.00S,605.0,1325.0,54.0,61.0,-7.0,7.0,unknown,0.2922155278643162,0.7077844721356837,New York Knicks,0,0,1.0
2025-26,0042500402,2,2026-06-05,San Antonio Spurs,New York Knicks,404,3,PT10M00.00S,600.0,1320.0,54.0,61.0,-7.0,7.0,unknown,0.2922825823798634,0.7077174176201366,New York Knicks,0,0,1.0
2025-26,0042500402,2,2026-06-05,San Antonio Spurs,New York Knicks,406,3,PT09M59.00S,599.0,1319.0,54.0,61.0,-7.0,7.0,rebound,0.2947067179341357,0.7052932820658643,New York Knicks,0,0,1.0
2025-26,0042500402,2,2026-06-05,San Antonio Spurs,New York Knicks,408,3,PT09M59.00S,599.0,1319.0,54.0,61.0,-7.0,7.0,foul,0.2972840115462937,0.7027159884537062,New York Knicks,0,0,1.0
2025-26,0042500402,2,2026-06-05,San Antonio Spurs,New York Knicks,410,3,PT09M43.00S,583.0,1303.0,54.0,61.0,-7.0,7.0,missed_shot,0.2952773608784403,0.7047226391215596,New York Knicks,0,0,1.0
2025-26,0042500402,2,2026-06-05,San Antonio Spurs,New York Knicks,411,3,PT09M39.00S,579.0,1299.0,54.0,61.0,-7.0,7.0,rebound,0.2949763240879219,0.705023675912078,New York Knicks,0,0,1.0
2025-26,0042500402,2,2026-06-05,San Antonio Spurs,New York Knicks,412,3,PT09M30.00S,570.0,1290.0,54.0,61.0,-7.0,7.0,missed_shot,0.295452785723047,0.704547214276953,New York Knicks,0,0,1.0
2025-26,0042500402,2,2026-06-05,San Antonio Spurs,New York Knicks,413,3,PT09M25.00S,565.0,1285.0,54.0,61.0,-7.0,7.0,rebound,0.2951651337222219,0.7048348662777781,New York Knicks,0,0,1.0
2025-26,0042500402,2,2026-06-05,San Antonio Spurs,New York Knicks,414,3,PT09M21.00S,561.0,1281.0,54.0,64.0,-10.0,10.0,made_shot,0.2078553030140842,0.7921446969859157,New York Knicks,0,0,1.0
2025-26,0042500402,2,2026-06-05,San Antonio Spurs,New York Knicks,416,3,PT09M20.00S,560.0,1280.0,54.0,64.0,-10.0,10.0,timeout,0.2100776241855893,0.7899223758144107,New York Knicks,0,0,1.0
2025-26,0042500402,2,2026-06-05,San Antonio Spurs,New York Knicks,417,3,PT09M11.00S,551.0,1271.0,54.0,64.0,-10.0,10.0,turnover,0.2155201240562411,0.7844798759437589,New York Knicks,0,0,1.0
2025-26,0042500402,2,2026-06-05,San Antonio Spurs,New York Knicks,418,3,PT08M59.00S,539.0,1259.0,54.0,64.0,-10.0,10.0,unknown,0.2098872902430397,0.7901127097569602,New York Knicks,0,0,1.0
2025-26,0042500402,2,2026-06-05,San Antonio Spurs,New York Knicks,420,3,PT08M56.00S,536.0,1256.0,56.0,64.0,-8.0,8.0,made_shot,0.2601581863406649,0.739841813659335,New York Knicks,0,0,1.0
2025-26,0042500402,2,2026-06-05,San Antonio Spurs,New York Knicks,421,3,PT08M56.00S,536.0,1256.0,56.0,64.0,-8.0,8.0,foul,0.2644419041660789,0.7355580958339212,New York Knicks,0,0,1.0
2025-26,0042500402,2,2026-06-05,San Antonio Spurs,New York Knicks,423,3,PT08M56.00S,536.0,1256.0,56.0,64.0,-8.0,8.0,substitution,0.265021893670825,0.7349781063291749,New York Knicks,0,0,1.0
2025-26,0042500402,2,2026-06-05,San Antonio Spurs,New York Knicks,426,3,PT08M56.00S,536.0,1256.0,57.0,64.0,-7.0,7.0,free_throw,0.2984881363505559,0.7015118636494441,New York Knicks,0,0,1.0
2025-26,0042500402,2,2026-06-05,San Antonio Spurs,New York Knicks,427,3,PT08M33.00S,513.0,1233.0,57.0,67.0,-10.0,10.0,made_shot,0.2131927269335483,0.7868072730664517,New York Knicks,0,0,1.0
2025-26,0042500402,2,2026-06-05,San Antonio Spurs,New York Knicks,429,3,PT08M09.00S,489.0,1209.0,57.0,67.0,-10.0,10.0,foul,0.2149624484476588,0.7850375515523411,New York Knicks,0,0,1.0
2025-26,0042500402,2,2026-06-05,San Antonio Spurs,New York Knicks,431,3,PT08M09.00S,489.0,1209.0,57.0,67.0,-10.0,10.0,turnover,0.2112970755453762,0.7887029244546238,New York Knicks,0,0,1.0
2025-26,0042500402,2,2026-06-05,San Antonio Spurs,New York Knicks,432,3,PT07M46.00S,466.0,1186.0,57.0,67.0,-10.0,10.0,turnover,0.2164711887459453,0.7835288112540547,New York Knicks,0,0,1.0
2025-26,0042500402,2,2026-06-05,San Antonio Spurs,New York Knicks,433,3,PT07M30.00S,450.0,1170.0,59.0,67.0,-8.0,8.0,made_shot,0.2565293057375362,0.7434706942624638,New York Knicks,0,0,1.0
2025-26,0042500402,2,2026-06-05,San Antonio Spurs,New York Knicks,435,3,PT07M07.00S,427.0,1147.0,59.0,70.0,-11.0,11.0,made_shot,0.18658848768024,0.8134115123197599,New York Knicks,0,0,1.0
2025-26,0042500402,2,2026-06-05,San Antonio Spurs,New York Knicks,437,3,PT06M50.00S,410.0,1130.0,59.0,70.0,-11.0,11.0,missed_shot,0.1874683417697068,0.8125316582302932,New York Knicks,0,0,1.0
2025-26,0042500402,2,2026-06-05,San Antonio Spurs,New York Knicks,438,3,PT06M49.00S,409.0,1129.0,59.0,70.0,-11.0,11.0,rebound,0.1872184125575299,0.81278158744247,New York Knicks,0,0,1.0
2025-26,0042500402,2,2026-06-05,San Antonio Spurs,New York Knicks,439,3,PT06M49.00S,409.0,1129.0,59.0,70.0,-11.0,11.0,missed_shot,0.1962375284414533,0.8037624715585467,New York Knicks,0,0,1.0
2025-26,0042500402,2,2026-06-05,San Antonio Spurs,New York Knicks,440,3,PT06M49.00S,409.0,1129.0,59.0,70.0,-11.0,11.0,rebound,0.1872184125575299,0.81278158744247,New York Knicks,0,0,1.0
2025-26,0042500402,2,2026-06-05,San Antonio Spurs,New York Knicks,441,3,PT06M48.00S,408.0,1128.0,61.0,70.0,-9.0,9.0,made_shot,0.2453694678630063,0.7546305321369936,New York Knicks,0,0,1.0
2025-26,0042500402,2,2026-06-05,San Antonio Spurs,New York Knicks,442,3,PT06M38.00S,398.0,1118.0,61.0,70.0,-9.0,9.0,foul,0.2379465364724926,0.7620534635275074,New York Knicks,0,0,1.0
2025-26,0042500402,2,2026-06-05,San Antonio Spurs,New York Knicks,444,3,PT06M38.00S,398.0,1118.0,61.0,70.0,-9.0,9.0,substitution,0.2361837618078238,0.7638162381921763,New York Knicks,0,0,1.0
2025-26,0042500402,2,2026-06-05,San Antonio Spurs,New York Knicks,445,3,PT06M38.00S,398.0,1118.0,61.0,70.0,-9.0,9.0,substitution,0.2361837618078238,0.7638162381921763,New York Knicks,0,0,1.0
2025-26,0042500402,2,2026-06-05,San Antonio Spurs,New York Knicks,448,3,PT06M29.00S,389.0,1109.0,61.0,72.0,-11.0,11.0,made_shot,0.1903677684955908,0.8096322315044091,New York Knicks,0,0,1.0
2025-26,0042500402,2,2026-06-05,San Antonio Spurs,New York Knicks,449,3,PT06M17.00S,377.0,1097.0,61.0,72.0,-11.0,11.0,foul,0.1866146325097248,0.8133853674902751,New York Knicks,0,0,1.0
2025-26,0042500402,2,2026-06-05,San Antonio Spurs,New York Knicks,451,3,PT06M17.00S,377.0,1097.0,62.0,72.0,-10.0,10.0,free_throw,0.2097074664239827,0.7902925335760173,New York Knicks,0,0,1.0
2025-26,0042500402,2,2026-06-05,San Antonio Spurs,New York Knicks,452,3,PT06M17.00S,377.0,1097.0,62.0,72.0,-10.0,10.0,free_throw,0.210518431003808,0.7894815689961919,New York Knicks,0,0,1.0
2025-26,0042500402,2,2026-06-05,San Antonio Spurs,New York Knicks,453,3,PT06M14.00S,374.0,1094.0,62.0,72.0,-10.0,10.0,rebound,0.2098151989227633,0.7901848010772367,New York Knicks,0,0,1.0
2025-26,0042500402,2,2026-06-05,San Antonio Spurs,New York Knicks,454,3,PT06M01.00S,361.0,1081.0,62.0,72.0,-10.0,10.0,foul,0.2139642527175702,0.7860357472824298,New York Knicks,0,0,1.0
2025-26,0042500402,2,2026-06-05,San Antonio Spurs,New York Knicks,456,3,PT06M01.00S,361.0,1081.0,62.0,72.0,-10.0,10.0,turnover,0.2103113404982178,0.7896886595017821,New York Knicks,0,0,1.0
2025-26,0042500402,2,2026-06-05,San Antonio Spurs,New York Knicks,457,3,PT06M01.00S,361.0,1081.0,62.0,72.0,-10.0,10.0,substitution,0.2103901953477351,0.7896098046522649,New York Knicks,0,0,1.0
2025-26,0042500402,2,2026-06-05,San Antonio Spurs,New York Knicks,459,3,PT05M48.00S,348.0,1068.0,62.0,72.0,-10.0,10.0,missed_shot,0.2103781583788356,0.7896218416211644,New York Knicks,0,0,1.0
2025-26,0042500402,2,2026-06-05,San Antonio Spurs,New York Knicks,460,3,PT05M47.00S,347.0,1067.0,62.0,72.0,-10.0,10.0,rebound,0.2101055840707405,0.7898944159292595,New York Knicks,0,0,1.0
2025-26,0042500402,2,2026-06-05,San Antonio Spurs,New York Knicks,461,3,PT05M45.00S,345.0,1065.0,64.0,72.0,-8.0,8.0,made_shot,0.2613414324047846,0.7386585675952154,New York Knicks,0,0,1.0
2025-26,0042500402,2,2026-06-05,San Antonio Spurs,New York Knicks,462,3,PT05M20.00S,320.0,1040.0,64.0,72.0,-8.0,8.0,missed_shot,0.2545286817464216,0.7454713182535784,New York Knicks,0,0,1.0
2025-26,0042500402,2,2026-06-05,San Antonio Spurs,New York Knicks,463,3,PT05M18.00S,318.0,1038.0,64.0,72.0,-8.0,8.0,rebound,0.2628371097652641,0.7371628902347359,New York Knicks,0,0,1.0
2025-26,0042500402,2,2026-06-05,San Antonio Spurs,New York Knicks,464,3,PT05M10.00S,310.0,1030.0,67.0,72.0,-5.0,5.0,made_shot,0.3550230071155739,0.6449769928844261,New York Knicks,0,0,1.0
2025-26,0042500402,2,2026-06-05,San Antonio Spurs,New York Knicks,466,3,PT04M53.00S,293.0,1013.0,67.0,72.0,-5.0,5.0,missed_shot,0.356387756491108,0.643612243508892,New York Knicks,0,0,1.0
2025-26,0042500402,2,2026-06-05,San Antonio Spurs,New York Knicks,467,3,PT04M52.00S,292.0,1012.0,67.0,72.0,-5.0,5.0,rebound,0.3559727167044552,0.6440272832955447,New York Knicks,0,0,1.0
2025-26,0042500402,2,2026-06-05,San Antonio Spurs,New York Knicks,468,3,PT04M51.00S,291.0,1011.0,67.0,72.0,-5.0,5.0,missed_shot,0.3694414730943965,0.6305585269056035,New York Knicks,0,0,1.0
2025-26,0042500402,2,2026-06-05,San Antonio Spurs,New York Knicks,469,3,PT04M50.00S,290.0,1010.0,67.0,72.0,-5.0,5.0,rebound,0.3560024459260463,0.6439975540739536,New York Knicks,0,0,1.0
2025-26,0042500402,2,2026-06-05,San Antonio Spurs,New York Knicks,470,3,PT04M41.00S,281.0,1001.0,67.0,72.0,-5.0,5.0,missed_shot,0.352014473501733,0.647985526498267,New York Knicks,0,0,1.0
2025-26,0042500402,2,2026-06-05,San Antonio Spurs,New York Knicks,471,3,PT04M39.00S,279.0,999.0,67.0,72.0,-5.0,5.0,rebound,0.3561659764859566,0.6438340235140434,New York Knicks,0,0,1.0
2025-26,0042500402,2,2026-06-05,San Antonio Spurs,New York Knicks,472,3,PT04M33.00S,273.0,993.0,67.0,74.0,-7.0,7.0,made_shot,0.2873688250005745,0.7126311749994255,New York Knicks,0,0,1.0
2025-26,0042500402,2,2026-06-05,San Antonio Spurs,New York Knicks,474,3,PT04M17.00S,257.0,977.0,67.0,74.0,-7.0,7.0,unknown,0.2892421098432381,0.7107578901567619,New York Knicks,0,0,1.0
2025-26,0042500402,2,2026-06-05,San Antonio Spurs,New York Knicks,476,3,PT03M55.00S,235.0,955.0,67.0,74.0,-7.0,7.0,missed_shot,0.2923204657339432,0.7076795342660568,New York Knicks,0,0,1.0
2025-26,0042500402,2,2026-06-05,San Antonio Spurs,New York Knicks,477,3,PT03M53.00S,233.0,953.0,67.0,74.0,-7.0,7.0,rebound,0.2919595959326619,0.708040404067338,New York Knicks,0,0,1.0
2025-26,0042500402,2,2026-06-05,San Antonio Spurs,New York Knicks,478,3,PT03M45.00S,225.0,945.0,70.0,74.0,-4.0,4.0,made_shot,0.389010105263587,0.610989894736413,New York Knicks,0,0,1.0
2025-26,0042500402,2,2026-06-05,San Antonio Spurs,New York Knicks,479,3,PT03M30.00S,210.0,930.0,70.0,76.0,-6.0,6.0,made_shot,0.3274899267866292,0.6725100732133709,New York Knicks,0,0,1.0
2025-26,0042500402,2,2026-06-05,San Antonio Spurs,New York Knicks,481,3,PT03M19.00S,199.0,919.0,72.0,76.0,-4.0,4.0,made_shot,0.3781050232690909,0.6218949767309091,New York Knicks,0,0,1.0
2025-26,0042500402,2,2026-06-05,San Antonio Spurs,New York Knicks,482,3,PT03M19.00S,199.0,919.0,72.0,76.0,-4.0,4.0,timeout,0.3865621370195234,0.6134378629804766,New York Knicks,0,0,1.0
2025-26,0042500402,2,2026-06-05,San Antonio Spurs,New York Knicks,483,3,PT03M19.00S,199.0,919.0,72.0,76.0,-4.0,4.0,substitution,0.3893494589708697,0.6106505410291303,New York Knicks,0,0,1.0
2025-26,0042500402,2,2026-06-05,San Antonio Spurs,New York Knicks,484,3,PT03M19.00S,199.0,919.0,72.0,76.0,-4.0,4.0,substitution,0.3893494589708697,0.6106505410291303,New York Knicks,0,0,1.0
2025-26,0042500402,2,2026-06-05,San Antonio Spurs,New York Knicks,485,3,PT03M19.00S,199.0,919.0,72.0,76.0,-4.0,4.0,substitution,0.3893494589708697,0.6106505410291303,New York Knicks,0,0,1.0
2025-26,0042500402,2,2026-06-05,San Antonio Spurs,New York Knicks,486,3,PT03M19.00S,199.0,919.0,72.0,76.0,-4.0,4.0,substitution,0.3893494589708697,0.6106505410291303,New York Knicks,0,0,1.0
2025-26,0042500402,2,2026-06-05,San Antonio Spurs,New York Knicks,491,3,PT03M06.00S,186.0,906.0,72.0,76.0,-4.0,4.0,unknown,0.3861671383790878,0.6138328616209122,New York Knicks,0,0,1.0
2025-26,0042500402,2,2026-06-05,San Antonio Spurs,New York Knicks,493,3,PT02M49.00S,169.0,889.0,72.0,76.0,-4.0,4.0,missed_shot,0.3896343438616438,0.6103656561383561,New York Knicks,0,0,1.0
2025-26,0042500402,2,2026-06-05,San Antonio Spurs,New York Knicks,494,3,PT02M44.00S,164.0,884.0,72.0,76.0,-4.0,4.0,rebound,0.3892656548106212,0.6107343451893787,New York Knicks,0,0,1.0
2025-26,0042500402,2,2026-06-05,San Antonio Spurs,New York Knicks,495,3,PT02M26.00S,146.0,866.0,72.0,78.0,-6.0,6.0,made_shot,0.3249717984951893,0.6750282015048107,New York Knicks,0,0,1.0
2025-26,0042500402,2,2026-06-05,San Antonio Spurs,New York Knicks,496,3,PT02M03.00S,123.0,843.0,72.0,78.0,-6.0,6.0,missed_shot,0.321087436838012,0.6789125631619879,New York Knicks,0,0,1.0
2025-26,0042500402,2,2026-06-05,San Antonio Spurs,New York Knicks,497,3,PT02M01.00S,121.0,841.0,72.0,78.0,-6.0,6.0,rebound,0.3220348356156653,0.6779651643843347,New York Knicks,0,0,1.0
2025-26,0042500402,2,2026-06-05,San Antonio Spurs,New York Knicks,498,3,PT01M50.00S,110.0,830.0,72.0,80.0,-8.0,8.0,made_shot,0.2605028174123102,0.7394971825876897,New York Knicks,0,0,1.0
2025-26,0042500402,2,2026-06-05,San Antonio Spurs,New York Knicks,499,3,PT01M35.00S,95.0,815.0,72.0,80.0,-8.0,8.0,foul,0.2611630334396643,0.7388369665603357,New York Knicks,0,0,1.0
2025-26,0042500402,2,2026-06-05,San Antonio Spurs,New York Knicks,501,3,PT01M35.00S,95.0,815.0,72.0,80.0,-8.0,8.0,free_throw,0.2619784382772368,0.7380215617227632,New York Knicks,0,0,1.0
2025-26,0042500402,2,2026-06-05,San Antonio Spurs,New York Knicks,502,3,PT01M35.00S,95.0,815.0,72.0,80.0,-8.0,8.0,rebound,0.2691717540234576,0.7308282459765423,New York Knicks,0,0,1.0
2025-26,0042500402,2,2026-06-05,San Antonio Spurs,New York Knicks,503,3,PT01M35.00S,95.0,815.0,72.0,80.0,-8.0,8.0,substitution,0.2617383904991947,0.7382616095008052,New York Knicks,0,0,1.0
2025-26,0042500402,2,2026-06-05,San Antonio Spurs,New York Knicks,504,3,PT01M35.00S,95.0,815.0,72.0,80.0,-8.0,8.0,substitution,0.2617383904991947,0.7382616095008052,New York Knicks,0,0,1.0
2025-26,0042500402,2,2026-06-05,San Antonio Spurs,New York Knicks,507,3,PT01M35.00S,95.0,815.0,73.0,80.0,-7.0,7.0,free_throw,0.2903065829158479,0.7096934170841521,New York Knicks,0,0,1.0
2025-26,0042500402,2,2026-06-05,San Antonio Spurs,New York Knicks,508,3,PT01M15.00S,75.0,795.0,73.0,82.0,-9.0,9.0,made_shot,0.2328399012147468,0.7671600987852532,New York Knicks,0,0,1.0
2025-26,0042500402,2,2026-06-05,San Antonio Spurs,New York Knicks,509,3,PT00M56.30S,56.3,776.3,73.0,82.0,-9.0,9.0,missed_shot,0.2338647408751396,0.7661352591248604,New York Knicks,0,0,1.0
2025-26,0042500402,2,2026-06-05,San Antonio Spurs,New York Knicks,510,3,PT00M54.30S,54.3,774.3,73.0,82.0,-9.0,9.0,rebound,0.2335823447445236,0.7664176552554763,New York Knicks,0,0,1.0
2025-26,0042500402,2,2026-06-05,San Antonio Spurs,New York Knicks,513,3,PT00M40.20S,40.2,760.2,73.0,82.0,-9.0,9.0,missed_shot,0.2340518268184834,0.7659481731815165,New York Knicks,0,0,1.0
2025-26,0042500402,2,2026-06-05,San Antonio Spurs,New York Knicks,514,3,PT00M40.20S,40.2,760.2,73.0,82.0,-9.0,9.0,rebound,0.2337460470663766,0.7662539529336233,New York Knicks,0,0,1.0
2025-26,0042500402,2,2026-06-05,San Antonio Spurs,New York Knicks,516,3,PT00M35.00S,35.0,755.0,73.0,84.0,-11.0,11.0,made_shot,0.180430929404439,0.819569070595561,New York Knicks,0,0,1.0
2025-26,0042500402,2,2026-06-05,San Antonio Spurs,New York Knicks,518,3,PT00M19.60S,19.6,739.6,75.0,84.0,-9.0,9.0,made_shot,0.2324654032524961,0.7675345967475039,New York Knicks,0,0,1.0
2025-26,0042500402,2,2026-06-05,San Antonio Spurs,New York Knicks,520,3,PT00M04.90S,4.9,724.9,75.0,84.0,-9.0,9.0,missed_shot,0.2334426832798657,0.7665573167201343,New York Knicks,0,0,1.0
2025-26,0042500402,2,2026-06-05,San Antonio Spurs,New York Knicks,521,3,PT00M01.20S,1.2,721.2,75.0,84.0,-9.0,9.0,rebound,0.2331803498371212,0.7668196501628788,New York Knicks,0,0,1.0
2025-26,0042500402,2,2026-06-05,San Antonio Spurs,New York Knicks,522,3,PT00M01.20S,1.2,721.2,75.0,84.0,-9.0,9.0,missed_shot,0.2324278790700135,0.7675721209299864,New York Knicks,0,0,1.0
2025-26,0042500402,2,2026-06-05,San Antonio Spurs,New York Knicks,523,3,PT00M00.80S,0.8,720.8,75.0,84.0,-9.0,9.0,rebound,0.2331849872165616,0.7668150127834383,New York Knicks,0,0,1.0
2025-26,0042500402,2,2026-06-05,San Antonio Spurs,New York Knicks,524,3,PT00M00.00S,0.0,720.0,75.0,84.0,-9.0,9.0,end_period,0.2287087688283266,0.7712912311716733,New York Knicks,0,0,1.0
2025-26,0042500402,2,2026-06-05,San Antonio Spurs,New York Knicks,531,4,PT12M00.00S,720.0,720.0,75.0,84.0,-9.0,9.0,start_period,0.23091211674205,0.76908788325795,New York Knicks,0,0,1.0
2025-26,0042500402,2,2026-06-05,San Antonio Spurs,New York Knicks,532,4,PT11M44.00S,704.0,704.0,75.0,84.0,-9.0,9.0,foul,0.2364891861837306,0.7635108138162694,New York Knicks,0,0,1.0
2025-26,0042500402,2,2026-06-05,San Antonio Spurs,New York Knicks,534,4,PT11M34.00S,694.0,694.0,75.0,84.0,-9.0,9.0,unknown,0.2322997954463767,0.7677002045536233,New York Knicks,0,0,1.0
2025-26,0042500402,2,2026-06-05,San Antonio Spurs,New York Knicks,536,4,PT11M31.00S,691.0,691.0,75.0,84.0,-9.0,9.0,rebound,0.2344144803264238,0.7655855196735761,New York Knicks,0,0,1.0
2025-26,0042500402,2,2026-06-05,San Antonio Spurs,New York Knicks,537,4,PT11M12.00S,672.0,672.0,75.0,84.0,-9.0,9.0,missed_shot,0.2349724729612095,0.7650275270387904,New York Knicks,0,0,1.0
2025-26,0042500402,2,2026-06-05,San Antonio Spurs,New York Knicks,538,4,PT11M12.00S,672.0,672.0,75.0,84.0,-9.0,9.0,rebound,0.2346356360885357,0.7653643639114642,New York Knicks,0,0,1.0
2025-26,0042500402,2,2026-06-05,San Antonio Spurs,New York Knicks,539,4,PT11M07.00S,667.0,667.0,75.0,84.0,-9.0,9.0,missed_shot,0.2350004984046188,0.7649995015953812,New York Knicks,0,0,1.0
2025-26,0042500402,2,2026-06-05,San Antonio Spurs,New York Knicks,540,4,PT11M04.00S,664.0,664.0,75.0,84.0,-9.0,9.0,rebound,0.2347287975777088,0.7652712024222912,New York Knicks,0,0,1.0
2025-26,0042500402,2,2026-06-05,San Antonio Spurs,New York Knicks,541,4,PT11M01.00S,661.0,661.0,75.0,87.0,-12.0,12.0,made_shot,0.1638551366233152,0.8361448633766848,New York Knicks,0,0,1.0
2025-26,0042500402,2,2026-06-05,San Antonio Spurs,New York Knicks,543,4,PT10M44.00S,644.0,644.0,78.0,87.0,-9.0,9.0,made_shot,0.2328986962282415,0.7671013037717584,New York Knicks,0,0,1.0
2025-26,0042500402,2,2026-06-05,San Antonio Spurs,New York Knicks,545,4,PT10M25.00S,625.0,625.0,78.0,87.0,-9.0,9.0,missed_shot,0.2390010953360241,0.7609989046639758,New York Knicks,0,0,1.0
2025-26,0042500402,2,2026-06-05,San Antonio Spurs,New York Knicks,546,4,PT10M22.00S,622.0,622.0,78.0,87.0,-9.0,9.0,rebound,0.2336864977788359,0.766313502221164,New York Knicks,0,0,1.0
2025-26,0042500402,2,2026-06-05,San Antonio Spurs,New York Knicks,548,4,PT10M15.00S,615.0,615.0,78.0,87.0,-9.0,9.0,substitution,0.2342377285406723,0.7657622714593277,New York Knicks,0,0,1.0
2025-26,0042500402,2,2026-06-05,San Antonio Spurs,New York Knicks,549,4,PT10M15.00S,615.0,615.0,78.0,87.0,-9.0,9.0,substitution,0.2342377285406723,0.7657622714593277,New York Knicks,0,0,1.0
2025-26,0042500402,2,2026-06-05,San Antonio Spurs,New York Knicks,550,4,PT10M15.00S,615.0,615.0,78.0,87.0,-9.0,9.0,substitution,0.2342377285406723,0.7657622714593277,New York Knicks,0,0,1.0
2025-26,0042500402,2,2026-06-05,San Antonio Spurs,New York Knicks,551,4,PT10M15.00S,615.0,615.0,78.0,87.0,-9.0,9.0,substitution,0.2342377285406723,0.7657622714593277,New York Knicks,0,0,1.0
2025-26,0042500402,2,2026-06-05,San Antonio Spurs,New York Knicks,556,4,PT10M11.00S,611.0,611.0,80.0,87.0,-7.0,7.0,made_shot,0.2921978385938737,0.7078021614061263,New York Knicks,0,0,1.0
2025-26,0042500402,2,2026-06-05,San Antonio Spurs,New York Knicks,558,4,PT09M50.00S,590.0,590.0,80.0,87.0,-7.0,7.0,unknown,0.2878133973917767,0.7121866026082233,New York Knicks,0,0,1.0
2025-26,0042500402,2,2026-06-05,San Antonio Spurs,New York Knicks,560,4,PT09M48.00S,588.0,588.0,80.0,87.0,-7.0,7.0,rebound,0.2902290224108187,0.7097709775891813,New York Knicks,0,0,1.0
2025-26,0042500402,2,2026-06-05,San Antonio Spurs,New York Knicks,561,4,PT09M46.00S,586.0,586.0,80.0,87.0,-7.0,7.0,unknown,0.2878665608406652,0.7121334391593348,New York Knicks,0,0,1.0
2025-26,0042500402,2,2026-06-05,San Antonio Spurs,New York Knicks,563,4,PT09M35.00S,575.0,575.0,80.0,87.0,-7.0,7.0,foul,0.2929579721102103,0.7070420278897898,New York Knicks,0,0,1.0
2025-26,0042500402,2,2026-06-05,San Antonio Spurs,New York Knicks,565,4,PT09M23.00S,563.0,563.0,80.0,87.0,-7.0,7.0,missed_shot,0.2909149288360355,0.7090850711639645,New York Knicks,0,0,1.0
2025-26,0042500402,2,2026-06-05,San Antonio Spurs,New York Knicks,566,4,PT09M20.00S,560.0,560.0,80.0,87.0,-7.0,7.0,rebound,0.2906031389115223,0.7093968610884778,New York Knicks,0,0,1.0
2025-26,0042500402,2,2026-06-05,San Antonio Spurs,New York Knicks,567,4,PT09M17.00S,557.0,557.0,80.0,87.0,-7.0,7.0,missed_shot,0.2909951844413307,0.7090048155586692,New York Knicks,0,0,1.0
2025-26,0042500402,2,2026-06-05,San Antonio Spurs,New York Knicks,568,4,PT09M16.00S,556.0,556.0,80.0,87.0,-7.0,7.0,rebound,0.2906566073610793,0.7093433926389207,New York Knicks,0,0,1.0
2025-26,0042500402,2,2026-06-05,San Antonio Spurs,New York Knicks,569,4,PT09M11.00S,551.0,551.0,82.0,87.0,-5.0,5.0,made_shot,0.3522810314041354,0.6477189685958646,New York Knicks,0,0,1.0
2025-26,0042500402,2,2026-06-05,San Antonio Spurs,New York Knicks,570,4,PT08M51.00S,531.0,531.0,82.0,87.0,-5.0,5.0,missed_shot,0.3589978560288669,0.6410021439711331,New York Knicks,0,0,1.0
2025-26,0042500402,2,2026-06-05,San Antonio Spurs,New York Knicks,571,4,PT08M49.00S,529.0,529.0,82.0,87.0,-5.0,5.0,rebound,0.35450106954384,0.64549893045616,New York Knicks,0,0,1.0
2025-26,0042500402,2,2026-06-05,San Antonio Spurs,New York Knicks,572,4,PT08M40.00S,520.0,520.0,82.0,87.0,-5.0,5.0,missed_shot,0.3585043736414036,0.6414956263585965,New York Knicks,0,0,1.0
2025-26,0042500402,2,2026-06-05,San Antonio Spurs,New York Knicks,573,4,PT08M38.00S,518.0,518.0,82.0,87.0,-5.0,5.0,rebound,0.3546642902550563,0.6453357097449437,New York Knicks,0,0,1.0
2025-26,0042500402,2,2026-06-05,San Antonio Spurs,New York Knicks,574,4,PT08M19.00S,499.0,499.0,82.0,90.0,-8.0,8.0,made_shot,0.260074524166819,0.739925475833181,New York Knicks,0,0,1.0
2025-26,0042500402,2,2026-06-05,San Antonio Spurs,New York Knicks,576,4,PT08M18.00S,498.0,498.0,82.0,90.0,-8.0,8.0,timeout,0.2589073385791721,0.741092661420828,New York Knicks,0,0,1.0
2025-26,0042500402,2,2026-06-05,San Antonio Spurs,New York Knicks,577,4,PT08M18.00S,498.0,498.0,82.0,90.0,-8.0,8.0,substitution,0.2611660786804451,0.7388339213195549,New York Knicks,0,0,1.0
2025-26,0042500402,2,2026-06-05,San Antonio Spurs,New York Knicks,579,4,PT08M04.00S,484.0,484.0,82.0,90.0,-8.0,8.0,foul,0.260766476599984,0.739233523400016,New York Knicks,0,0,1.0
2025-26,0042500402,2,2026-06-05,San Antonio Spurs,New York Knicks,581,4,PT08M04.00S,484.0,484.0,82.0,90.0,-8.0,8.0,free_throw,0.2615810816591029,0.7384189183408971,New York Knicks,0,0,1.0
2025-26,0042500402,2,2026-06-05,San Antonio Spurs,New York Knicks,582,4,PT08M04.00S,484.0,484.0,82.0,90.0,-8.0,8.0,rebound,0.2687674602238952,0.7312325397761048,New York Knicks,0,0,1.0
2025-26,0042500402,2,2026-06-05,San Antonio Spurs,New York Knicks,583,4,PT08M04.00S,484.0,484.0,83.0,90.0,-7.0,7.0,free_throw,0.2898831361722887,0.7101168638277113,New York Knicks,0,0,1.0
2025-26,0042500402,2,2026-06-05,San Antonio Spurs,New York Knicks,584,4,PT07M47.00S,467.0,467.0,83.0,90.0,-7.0,7.0,missed_shot,0.290438604315618,0.709561395684382,New York Knicks,0,0,1.0
2025-26,0042500402,2,2026-06-05,San Antonio Spurs,New York Knicks,585,4,PT07M45.00S,465.0,465.0,83.0,90.0,-7.0,7.0,rebound,0.2901137627542399,0.70988623724576,New York Knicks,0,0,1.0
2025-26,0042500402,2,2026-06-05,San Antonio Spurs,New York Knicks,586,4,PT07M45.00S,465.0,465.0,83.0,90.0,-7.0,7.0,foul,0.2955463523341076,0.7044536476658925,New York Knicks,0,0,1.0
2025-26,0042500402,2,2026-06-05,San Antonio Spurs,New York Knicks,588,4,PT07M45.00S,465.0,465.0,83.0,90.0,-7.0,7.0,substitution,0.2906540127266777,0.7093459872733223,New York Knicks,0,0,1.0
2025-26,0042500402,2,2026-06-05,San Antonio Spurs,New York Knicks,590,4,PT07M45.00S,465.0,465.0,83.0,90.0,-7.0,7.0,substitution,0.2906540127266777,0.7093459872733223,New York Knicks,0,0,1.0
2025-26,0042500402,2,2026-06-05,San Antonio Spurs,New York Knicks,592,4,PT07M45.00S,465.0,465.0,83.0,90.0,-7.0,7.0,substitution,0.2906540127266777,0.7093459872733223,New York Knicks,0,0,1.0
2025-26,0042500402,2,2026-06-05,San Antonio Spurs,New York Knicks,594,4,PT07M32.00S,452.0,452.0,83.0,90.0,-7.0,7.0,unknown,0.2878980539670451,0.7121019460329548,New York Knicks,0,0,1.0
2025-26,0042500402,2,2026-06-05,San Antonio Spurs,New York Knicks,596,4,PT07M26.00S,446.0,446.0,83.0,92.0,-9.0,9.0,made_shot,0.2317042666488621,0.7682957333511379,New York Knicks,0,0,1.0
2025-26,0042500402,2,2026-06-05,San Antonio Spurs,New York Knicks,598,4,PT07M12.00S,432.0,432.0,83.0,92.0,-9.0,9.0,foul,0.2355653938274509,0.7644346061725491,New York Knicks,0,0,1.0
2025-26,0042500402,2,2026-06-05,San Antonio Spurs,New York Knicks,600,4,PT06M58.00S,418.0,418.0,83.0,92.0,-9.0,9.0,missed_shot,0.2338436309503976,0.7661563690496024,New York Knicks,0,0,1.0
2025-26,0042500402,2,2026-06-05,San Antonio Spurs,New York Knicks,601,4,PT06M56.00S,416.0,416.0,83.0,92.0,-9.0,9.0,rebound,0.2335311285593308,0.7664688714406692,New York Knicks,0,0,1.0
2025-26,0042500402,2,2026-06-05,San Antonio Spurs,New York Knicks,602,4,PT06M52.00S,412.0,412.0,83.0,92.0,-9.0,9.0,missed_shot,0.2338831803685049,0.766116819631495,New York Knicks,0,0,1.0
2025-26,0042500402,2,2026-06-05,San Antonio Spurs,New York Knicks,603,4,PT06M47.00S,407.0,407.0,83.0,92.0,-9.0,9.0,rebound,0.2336355942752583,0.7663644057247416,New York Knicks,0,0,1.0
2025-26,0042500402,2,2026-06-05,San Antonio Spurs,New York Knicks,604,4,PT06M45.00S,405.0,405.0,83.0,95.0,-12.0,12.0,made_shot,0.1630128516817231,0.8369871483182768,New York Knicks,0,0,1.0
2025-26,0042500402,2,2026-06-05,San Antonio Spurs,New York Knicks,606,4,PT06M45.00S,405.0,405.0,83.0,95.0,-12.0,12.0,timeout,0.1621769776115816,0.8378230223884183,New York Knicks,0,0,1.0
2025-26,0042500402,2,2026-06-05,San Antonio Spurs,New York Knicks,607,4,PT10M22.00S,622.0,622.0,83.0,95.0,-12.0,12.0,unknown,0.1599369455342321,0.8400630544657679,New York Knicks,0,0,1.0
2025-26,0042500402,2,2026-06-05,San Antonio Spurs,New York Knicks,609,4,PT06M45.00S,405.0,405.0,83.0,95.0,-12.0,12.0,substitution,0.1637783255237874,0.8362216744762125,New York Knicks,0,0,1.0
2025-26,0042500402,2,2026-06-05,San Antonio Spurs,New York Knicks,611,4,PT06M25.00S,385.0,385.0,83.0,95.0,-12.0,12.0,missed_shot,0.1676934338134085,0.8323065661865914,New York Knicks,0,0,1.0
2025-26,0042500402,2,2026-06-05,San Antonio Spurs,New York Knicks,612,4,PT06M23.00S,383.0,383.0,83.0,95.0,-12.0,12.0,rebound,0.1636146785093708,0.8363853214906292,New York Knicks,0,0,1.0
2025-26,0042500402,2,2026-06-05,San Antonio Spurs,New York Knicks,613,4,PT06M04.00S,364.0,364.0,83.0,97.0,-14.0,14.0,made_shot,0.1226006000172942,0.8773993999827058,New York Knicks,0,0,1.0
2025-26,0042500402,2,2026-06-05,San Antonio Spurs,New York Knicks,614,4,PT05M59.00S,359.0,359.0,83.0,97.0,-14.0,14.0,foul,0.1270606898167696,0.8729393101832303,New York Knicks,0,0,1.0
2025-26,0042500402,2,2026-06-05,San Antonio Spurs,New York Knicks,616,4,PT05M59.00S,359.0,359.0,84.0,97.0,-13.0,13.0,free_throw,0.1440894583928363,0.8559105416071636,New York Knicks,0,0,1.0
2025-26,0042500402,2,2026-06-05,San Antonio Spurs,New York Knicks,617,4,PT05M59.00S,359.0,359.0,85.0,97.0,-12.0,12.0,free_throw,0.1630650592250447,0.8369349407749553,New York Knicks,0,0,1.0
2025-26,0042500402,2,2026-06-05,San Antonio Spurs,New York Knicks,618,4,PT05M37.00S,337.0,337.0,85.0,97.0,-12.0,12.0,unknown,0.1616627069358519,0.8383372930641481,New York Knicks,0,0,1.0
2025-26,0042500402,2,2026-06-05,San Antonio Spurs,New York Knicks,620,4,PT05M36.00S,336.0,336.0,85.0,97.0,-12.0,12.0,rebound,0.1632534059725708,0.8367465940274292,New York Knicks,0,0,1.0
2025-26,0042500402,2,2026-06-05,San Antonio Spurs,New York Knicks,621,4,PT05M35.00S,335.0,335.0,85.0,97.0,-12.0,12.0,turnover,0.1676014206446757,0.8323985793553244,New York Knicks,0,0,1.0
2025-26,0042500402,2,2026-06-05,San Antonio Spurs,New York Knicks,622,4,PT05M27.00S,327.0,327.0,88.0,97.0,-9.0,9.0,made_shot,0.2347122834353088,0.7652877165646912,New York Knicks,0,0,1.0
2025-26,0042500402,2,2026-06-05,San Antonio Spurs,New York Knicks,623,4,PT05M26.00S,326.0,326.0,88.0,97.0,-9.0,9.0,timeout,0.2304122945820619,0.7695877054179381,New York Knicks,0,0,1.0
2025-26,0042500402,2,2026-06-05,San Antonio Spurs,New York Knicks,626,4,PT05M00.00S,300.0,300.0,88.0,97.0,-9.0,9.0,missed_shot,0.2362316183779977,0.7637683816220022,New York Knicks,0,0,1.0
2025-26,0042500402,2,2026-06-05,San Antonio Spurs,New York Knicks,627,4,PT04M58.00S,298.0,298.0,88.0,97.0,-9.0,9.0,rebound,0.23235657311753,0.76764342688247,New York Knicks,0,0,1.0
2025-26,0042500402,2,2026-06-05,San Antonio Spurs,New York Knicks,628,4,PT04M48.00S,288.0,288.0,90.0,97.0,-7.0,7.0,made_shot,0.2935276524905523,0.7064723475094477,New York Knicks,0,0,1.0
2025-26,0042500402,2,2026-06-05,San Antonio Spurs,New York Knicks,629,4,PT04M35.00S,275.0,275.0,90.0,97.0,-7.0,7.0,missed_shot,0.288937120837247,0.711062879162753,New York Knicks,0,0,1.0
2025-26,0042500402,2,2026-06-05,San Antonio Spurs,New York Knicks,630,4,PT04M32.00S,272.0,272.0,90.0,97.0,-7.0,7.0,rebound,0.288592035912409,0.711407964087591,New York Knicks,0,0,1.0
2025-26,0042500402,2,2026-06-05,San Antonio Spurs,New York Knicks,631,4,PT04M17.00S,257.0,257.0,92.0,97.0,-5.0,5.0,made_shot,0.3500583880522298,0.6499416119477701,New York Knicks,0,0,1.0
2025-26,0042500402,2,2026-06-05,San Antonio Spurs,New York Knicks,632,4,PT04M17.00S,257.0,257.0,92.0,97.0,-5.0,5.0,timeout,0.3499538607047349,0.650046139295265,New York Knicks,0,0,1.0
2025-26,0042500402,2,2026-06-05,San Antonio Spurs,New York Knicks,633,4,PT04M17.00S,257.0,257.0,92.0,97.0,-5.0,5.0,substitution,0.3526289552450262,0.6473710447549738,New York Knicks,0,0,1.0
2025-26,0042500402,2,2026-06-05,San Antonio Spurs,New York Knicks,635,4,PT04M01.00S,241.0,241.0,92.0,97.0,-5.0,5.0,unknown,0.3496191801998342,0.6503808198001657,New York Knicks,0,0,1.0
2025-26,0042500402,2,2026-06-05,San Antonio Spurs,New York Knicks,637,4,PT03M59.00S,239.0,239.0,92.0,97.0,-5.0,5.0,rebound,0.3522969391244125,0.6477030608755875,New York Knicks,0,0,1.0
2025-26,0042500402,2,2026-06-05,San Antonio Spurs,New York Knicks,638,4,PT03M55.00S,235.0,235.0,95.0,97.0,-2.0,2.0,made_shot,0.45636752658781,0.54363247341219,New York Knicks,0,0,1.0
2025-26,0042500402,2,2026-06-05,San Antonio Spurs,New York Knicks,640,4,PT03M26.00S,206.0,206.0,95.0,97.0,-2.0,2.0,missed_shot,0.4580384429501952,0.5419615570498049,New York Knicks,0,0,1.0
2025-26,0042500402,2,2026-06-05,San Antonio Spurs,New York Knicks,641,4,PT03M24.00S,204.0,204.0,95.0,97.0,-2.0,2.0,rebound,0.4576052806416733,0.5423947193583267,New York Knicks,0,0,1.0
2025-26,0042500402,2,2026-06-05,San Antonio Spurs,New York Knicks,642,4,PT03M16.00S,196.0,196.0,95.0,97.0,-2.0,2.0,unknown,0.4548497608810215,0.5451502391189784,New York Knicks,0,0,1.0
2025-26,0042500402,2,2026-06-05,San Antonio Spurs,New York Knicks,644,4,PT03M13.00S,193.0,193.0,95.0,97.0,-2.0,2.0,missed_shot,0.4582059088308055,0.5417940911691945,New York Knicks,0,0,1.0
2025-26,0042500402,2,2026-06-05,San Antonio Spurs,New York Knicks,645,4,PT03M09.00S,189.0,189.0,95.0,97.0,-2.0,2.0,rebound,0.4578466821974046,0.5421533178025955,New York Knicks,0,0,1.0
2025-26,0042500402,2,2026-06-05,San Antonio Spurs,New York Knicks,646,4,PT02M59.00S,179.0,179.0,97.0,97.0,0.0,0.0,made_shot,0.528436999814543,0.471563000185457,San Antonio Spurs,1,0,0.0
2025-26,0042500402,2,2026-06-05,San Antonio Spurs,New York Knicks,651,4,PT02M37.00S,157.0,157.0,97.0,97.0,0.0,0.0,timeout,0.5282704766202955,0.4717295233797045,San Antonio Spurs,1,0,0.0
2025-26,0042500402,2,2026-06-05,San Antonio Spurs,New York Knicks,652,4,PT02M37.00S,157.0,157.0,97.0,97.0,0.0,0.0,instant_replay,0.5383166327509142,0.4616833672490857,San Antonio Spurs,1,0,0.0
2025-26,0042500402,2,2026-06-05,San Antonio Spurs,New York Knicks,653,4,PT02M37.00S,157.0,157.0,97.0,97.0,0.0,0.0,foul,0.5309197144207014,0.4690802855792986,San Antonio Spurs,1,0,0.0
2025-26,0042500402,2,2026-06-05,San Antonio Spurs,New York Knicks,655,4,PT02M37.00S,157.0,157.0,97.0,98.0,-1.0,1.0,free_throw,0.5084321751613375,0.4915678248386624,San Antonio Spurs,1,0,0.0
2025-26,0042500402,2,2026-06-05,San Antonio Spurs,New York Knicks,656,4,PT02M37.00S,157.0,157.0,97.0,99.0,-2.0,2.0,free_throw,0.4715551741437261,0.528444825856274,New York Knicks,0,0,1.0
2025-26,0042500402,2,2026-06-05,San Antonio Spurs,New York Knicks,657,4,PT02M37.00S,157.0,157.0,97.0,99.0,-2.0,2.0,substitution,0.4576001759533497,0.5423998240466503,New York Knicks,0,0,1.0
2025-26,0042500402,2,2026-06-05,San Antonio Spurs,New York Knicks,659,4,PT02M37.00S,157.0,157.0,97.0,100.0,-3.0,3.0,free_throw,0.4349065158552432,0.5650934841447568,New York Knicks,0,0,1.0
2025-26,0042500402,2,2026-06-05,San Antonio Spurs,New York Knicks,660,4,PT02M27.00S,147.0,147.0,99.0,100.0,-1.0,1.0,made_shot,0.4852732793841736,0.5147267206158264,New York Knicks,0,0,1.0
2025-26,0042500402,2,2026-06-05,San Antonio Spurs,New York Knicks,662,4,PT01M58.00S,118.0,118.0,99.0,100.0,-1.0,1.0,missed_shot,0.4831004829842683,0.5168995170157318,New York Knicks,0,0,1.0
2025-26,0042500402,2,2026-06-05,San Antonio Spurs,New York Knicks,663,4,PT01M58.00S,118.0,118.0,99.0,100.0,-1.0,1.0,rebound,0.493155833178024,0.506844166821976,New York Knicks,0,0,1.0
2025-26,0042500402,2,2026-06-05,San Antonio Spurs,New York Knicks,665,4,PT01M58.00S,118.0,118.0,99.0,100.0,-1.0,1.0,violation,0.4899928294892321,0.5100071705107678,New York Knicks,0,0,1.0
2025-26,0042500402,2,2026-06-05,San Antonio Spurs,New York Knicks,666,4,PT01M56.00S,116.0,116.0,99.0,102.0,-3.0,3.0,made_shot,0.4305609397802679,0.5694390602197321,New York Knicks,0,0,1.0
2025-26,0042500402,2,2026-06-05,San Antonio Spurs,New York Knicks,668,4,PT01M37.00S,97.0,97.0,99.0,102.0,-3.0,3.0,missed_shot,0.4247960630546081,0.5752039369453918,New York Knicks,0,0,1.0
2025-26,0042500402,2,2026-06-05,San Antonio Spurs,New York Knicks,669,4,PT01M35.00S,95.0,95.0,99.0,102.0,-3.0,3.0,rebound,0.4200151369927585,0.5799848630072415,New York Knicks,0,0,1.0
2025-26,0042500402,2,2026-06-05,San Antonio Spurs,New York Knicks,670,4,PT01M29.00S,89.0,89.0,99.0,102.0,-3.0,3.0,missed_shot,0.4192320099155773,0.5807679900844227,New York Knicks,0,0,1.0
2025-26,0042500402,2,2026-06-05,San Antonio Spurs,New York Knicks,671,4,PT01M27.00S,87.0,87.0,99.0,102.0,-3.0,3.0,rebound,0.4201414982824247,0.5798585017175752,New York Knicks,0,0,1.0
2025-26,0042500402,2,2026-06-05,San Antonio Spurs,New York Knicks,672,4,PT01M25.00S,85.0,85.0,101.0,102.0,-1.0,1.0,made_shot,0.4949861736680937,0.5050138263319063,New York Knicks,0,0,1.0
2025-26,0042500402,2,2026-06-05,San Antonio Spurs,New York Knicks,674,4,PT01M25.00S,85.0,85.0,101.0,102.0,-1.0,1.0,violation,0.488488017760684,0.5115119822393159,New York Knicks,0,0,1.0
2025-26,0042500402,2,2026-06-05,San Antonio Spurs,New York Knicks,675,4,PT01M25.00S,85.0,85.0,101.0,102.0,-1.0,1.0,instant_replay,0.4979438539634351,0.5020561460365649,New York Knicks,0,0,1.0
2025-26,0042500402,2,2026-06-05,San Antonio Spurs,New York Knicks,676,4,PT01M03.00S,63.0,63.0,101.0,102.0,-1.0,1.0,unknown,0.4897194553504612,0.5102805446495389,New York Knicks,0,0,1.0
2025-26,0042500402,2,2026-06-05,San Antonio Spurs,New York Knicks,678,4,PT00M57.30S,57.3,57.3,103.0,102.0,1.0,1.0,made_shot,0.5654115607016038,0.4345884392983962,San Antonio Spurs,1,0,0.0
2025-26,0042500402,2,2026-06-05,San Antonio Spurs,New York Knicks,680,4,PT00M57.30S,57.3,57.3,103.0,102.0,1.0,1.0,foul,0.5663381243925263,0.4336618756074737,San Antonio Spurs,1,0,0.0
2025-26,0042500402,2,2026-06-05,San Antonio Spurs,New York Knicks,682,4,PT00M57.30S,57.3,57.3,104.0,102.0,2.0,2.0,free_throw,0.6084278496724473,0.3915721503275526,San Antonio Spurs,1,0,0.0
2025-26,0042500402,2,2026-06-05,San Antonio Spurs,New York Knicks,683,4,PT00M39.30S,39.3,39.3,104.0,104.0,0.0,0.0,made_shot,0.5339760361701182,0.4660239638298817,San Antonio Spurs,1,0,0.0
2025-26,0042500402,2,2026-06-05,San Antonio Spurs,New York Knicks,684,4,PT00M39.30S,39.3,39.3,104.0,104.0,0.0,0.0,timeout,0.5256761690339559,0.4743238309660441,San Antonio Spurs,1,0,0.0
2025-26,0042500402,2,2026-06-05,San Antonio Spurs,New York Knicks,685,4,PT00M39.30S,39.3,39.3,104.0,104.0,0.0,0.0,substitution,0.5286022133780607,0.4713977866219393,San Antonio Spurs,1,0,0.0
2025-26,0042500402,2,2026-06-05,San Antonio Spurs,New York Knicks,686,4,PT00M39.30S,39.3,39.3,104.0,104.0,0.0,0.0,substitution,0.5286022133780607,0.4713977866219393,San Antonio Spurs,1,0,0.0
2025-26,0042500402,2,2026-06-05,San Antonio Spurs,New York Knicks,689,4,PT00M30.30S,30.3,30.3,104.0,104.0,0.0,0.0,missed_shot,0.5285614671933858,0.4714385328066142,San Antonio Spurs,1,0,0.0
2025-26,0042500402,2,2026-06-05,San Antonio Spurs,New York Knicks,690,4,PT00M30.30S,30.3,30.3,104.0,104.0,0.0,0.0,rebound,0.5280942862311947,0.4719057137688053,San Antonio Spurs,1,0,0.0
2025-26,0042500402,2,2026-06-05,San Antonio Spurs,New York Knicks,691,4,PT00M30.30S,30.3,30.3,104.0,104.0,0.0,0.0,timeout,0.5258216659128121,0.4741783340871879,San Antonio Spurs,1,0,0.0
2025-26,0042500402,2,2026-06-05,San Antonio Spurs,New York Knicks,692,4,PT00M30.30S,30.3,30.3,104.0,104.0,0.0,0.0,substitution,0.5287476173324454,0.4712523826675546,San Antonio Spurs,1,0,0.0
2025-26,0042500402,2,2026-06-05,San Antonio Spurs,New York Knicks,693,4,PT00M30.30S,30.3,30.3,104.0,104.0,0.0,0.0,substitution,0.5287476173324454,0.4712523826675546,San Antonio Spurs,1,0,0.0
2025-26,0042500402,2,2026-06-05,San Antonio Spurs,New York Knicks,694,4,PT00M30.30S,30.3,30.3,104.0,104.0,0.0,0.0,substitution,0.5287476173324454,0.4712523826675546,San Antonio Spurs,1,0,0.0
2025-26,0042500402,2,2026-06-05,San Antonio Spurs,New York Knicks,698,4,PT00M24.30S,24.3,24.3,104.0,104.0,0.0,0.0,foul,0.5312723340328623,0.4687276659671376,San Antonio Spurs,1,0,0.0
2025-26,0042500402,2,2026-06-05,San Antonio Spurs,New York Knicks,700,4,PT00M13.50S,13.5,13.5,104.0,104.0,0.0,0.0,missed_shot,0.5288328865122087,0.4711671134877913,San Antonio Spurs,1,0,0.0
2025-26,0042500402,2,2026-06-05,San Antonio Spurs,New York Knicks,701,4,PT00M11.80S,11.8,11.8,104.0,104.0,0.0,0.0,rebound,0.5283932015680202,0.4716067984319798,San Antonio Spurs,1,0,0.0
2025-26,0042500402,2,2026-06-05,San Antonio Spurs,New York Knicks,702,4,PT00M09.50S,9.5,9.5,104.0,104.0,0.0,0.0,unknown,0.5255323511724549,0.4744676488275451,San Antonio Spurs,1,0,0.0
2025-26,0042500402,2,2026-06-05,San Antonio Spurs,New York Knicks,704,4,PT00M09.50S,9.5,9.5,104.0,104.0,0.0,0.0,foul,0.5315112861544997,0.4684887138455003,San Antonio Spurs,1,0,0.0
2025-26,0042500402,2,2026-06-05,San Antonio Spurs,New York Knicks,706,4,PT00M09.50S,9.5,9.5,104.0,105.0,-1.0,1.0,free_throw,0.4912450870234627,0.5087549129765373,New York Knicks,0,0,1.0
2025-26,0042500402,2,2026-06-05,San Antonio Spurs,New York Knicks,707,4,PT00M09.50S,9.5,9.5,104.0,105.0,-1.0,1.0,substitution,0.4920141734736036,0.5079858265263963,New York Knicks,0,0,1.0
2025-26,0042500402,2,2026-06-05,San Antonio Spurs,New York Knicks,708,4,PT00M09.50S,9.5,9.5,104.0,105.0,-1.0,1.0,substitution,0.4920141734736036,0.5079858265263963,New York Knicks,0,0,1.0
2025-26,0042500402,2,2026-06-05,San Antonio Spurs,New York Knicks,711,4,PT00M09.50S,9.5,9.5,104.0,105.0,-1.0,1.0,substitution,0.4920141734736036,0.5079858265263963,New York Knicks,0,0,1.0
2025-26,0042500402,2,2026-06-05,San Antonio Spurs,New York Knicks,713,4,PT00M09.50S,9.5,9.5,104.0,105.0,-1.0,1.0,free_throw,0.4924663496284686,0.5075336503715313,New York Knicks,0,0,1.0
2025-26,0042500402,2,2026-06-05,San Antonio Spurs,New York Knicks,714,4,PT00M07.50S,7.5,7.5,104.0,105.0,-1.0,1.0,rebound,0.4913913147854222,0.5086086852145777,New York Knicks,0,0,1.0
2025-26,0042500402,2,2026-06-05,San Antonio Spurs,New York Knicks,715,4,PT00M07.50S,7.5,7.5,104.0,105.0,-1.0,1.0,timeout,0.4891129351345351,0.5108870648654649,New York Knicks,0,0,1.0
2025-26,0042500402,2,2026-06-05,San Antonio Spurs,New York Knicks,716,4,PT00M07.50S,7.5,7.5,104.0,105.0,-1.0,1.0,substitution,0.492046583852356,0.507953416147644,New York Knicks,0,0,1.0
2025-26,0042500402,2,2026-06-05,San Antonio Spurs,New York Knicks,717,4,PT00M07.50S,7.5,7.5,104.0,105.0,-1.0,1.0,substitution,0.492046583852356,0.507953416147644,New York Knicks,0,0,1.0
2025-26,0042500402,2,2026-06-05,San Antonio Spurs,New York Knicks,720,4,PT00M02.00S,2.0,2.0,104.0,105.0,-1.0,1.0,missed_shot,0.4919069354357777,0.5080930645642223,New York Knicks,0,0,1.0
2025-26,0042500402,2,2026-06-05,San Antonio Spurs,New York Knicks,721,4,PT00M02.00S,2.0,2.0,104.0,105.0,-1.0,1.0,rebound,0.4914804398215991,0.5085195601784008,New York Knicks,0,0,1.0
2025-26,0042500402,2,2026-06-05,San Antonio Spurs,New York Knicks,722,4,PT00M00.00S,0.0,0.0,104.0,105.0,-1.0,1.0,end_period,0.4852026193939042,0.5147973806060957,New York Knicks,0,0,1.0
2025-26,0042500403,3,2026-06-08,New York Knicks,San Antonio Spurs,2,1,PT12M00.00S,720.0,2880.0,0.0,0.0,0.0,0.0,start_period,0.5476208529306051,0.4523791470693948,New York Knicks,1,0,0.0
2025-26,0042500403,3,2026-06-08,New York Knicks,San Antonio Spurs,4,1,PT12M00.00S,720.0,2880.0,0.0,0.0,0.0,0.0,jump_ball,0.5558869327782606,0.4441130672217394,New York Knicks,1,0,0.0
2025-26,0042500403,3,2026-06-08,New York Knicks,San Antonio Spurs,7,1,PT11M38.00S,698.0,2858.0,0.0,0.0,0.0,0.0,missed_shot,0.5527858412338138,0.4472141587661862,New York Knicks,1,0,0.0
2025-26,0042500403,3,2026-06-08,New York Knicks,San Antonio Spurs,8,1,PT11M36.00S,696.0,2856.0,0.0,0.0,0.0,0.0,rebound,0.5523960075570479,0.4476039924429521,New York Knicks,1,0,0.0
2025-26,0042500403,3,2026-06-08,New York Knicks,San Antonio Spurs,9,1,PT11M30.00S,690.0,2850.0,0.0,0.0,0.0,0.0,missed_shot,0.5529556673902523,0.4470443326097477,New York Knicks,1,0,0.0
2025-26,0042500403,3,2026-06-08,New York Knicks,San Antonio Spurs,10,1,PT11M27.00S,687.0,2847.0,0.0,0.0,0.0,0.0,rebound,0.5525402849061666,0.4474597150938334,New York Knicks,1,0,0.0
2025-26,0042500403,3,2026-06-08,New York Knicks,San Antonio Spurs,11,1,PT11M07.00S,667.0,2827.0,0.0,0.0,0.0,0.0,missed_shot,0.5577960731015201,0.4422039268984798,New York Knicks,1,0,0.0
2025-26,0042500403,3,2026-06-08,New York Knicks,San Antonio Spurs,12,1,PT11M06.00S,666.0,2826.0,0.0,0.0,0.0,0.0,rebound,0.5528768976097955,0.4471231023902045,New York Knicks,1,0,0.0
2025-26,0042500403,3,2026-06-08,New York Knicks,San Antonio Spurs,13,1,PT10M54.00S,654.0,2814.0,0.0,0.0,0.0,0.0,turnover,0.5588786678657629,0.4411213321342371,New York Knicks,1,0,0.0
2025-26,0042500403,3,2026-06-08,New York Knicks,San Antonio Spurs,14,1,PT10M42.00S,642.0,2802.0,0.0,2.0,-2.0,2.0,made_shot,0.4718717566438128,0.5281282433561871,San Antonio Spurs,0,0,1.0
2025-26,0042500403,3,2026-06-08,New York Knicks,San Antonio Spurs,16,1,PT10M27.00S,627.0,2787.0,0.0,2.0,-2.0,2.0,turnover,0.4853888868111725,0.5146111131888276,San Antonio Spurs,0,0,1.0
2025-26,0042500403,3,2026-06-08,New York Knicks,San Antonio Spurs,17,1,PT10M14.00S,614.0,2774.0,0.0,4.0,-4.0,4.0,made_shot,0.397365798160413,0.6026342018395869,San Antonio Spurs,0,0,1.0
2025-26,0042500403,3,2026-06-08,New York Knicks,San Antonio Spurs,19,1,PT10M01.00S,601.0,2761.0,0.0,4.0,-4.0,4.0,unknown,0.4040162350402734,0.5959837649597266,San Antonio Spurs,0,0,1.0
2025-26,0042500403,3,2026-06-08,New York Knicks,San Antonio Spurs,21,1,PT10M00.00S,600.0,2760.0,0.0,4.0,-4.0,4.0,rebound,0.4068343520888198,0.5931656479111802,San Antonio Spurs,0,0,1.0
2025-26,0042500403,3,2026-06-08,New York Knicks,San Antonio Spurs,22,1,PT09M48.00S,588.0,2748.0,0.0,7.0,-7.0,7.0,made_shot,0.3048084813232922,0.6951915186767078,San Antonio Spurs,0,0,1.0
2025-26,0042500403,3,2026-06-08,New York Knicks,San Antonio Spurs,24,1,PT09M32.00S,572.0,2732.0,3.0,7.0,-4.0,4.0,made_shot,0.4044963757393222,0.5955036242606778,San Antonio Spurs,0,0,1.0
2025-26,0042500403,3,2026-06-08,New York Knicks,San Antonio Spurs,26,1,PT09M14.00S,554.0,2714.0,3.0,9.0,-6.0,6.0,made_shot,0.341979207374499,0.6580207926255011,San Antonio Spurs,0,0,1.0
2025-26,0042500403,3,2026-06-08,New York Knicks,San Antonio Spurs,27,1,PT09M14.00S,554.0,2714.0,3.0,9.0,-6.0,6.0,foul,0.3363055721363662,0.6636944278636339,San Antonio Spurs,0,0,1.0
2025-26,0042500403,3,2026-06-08,New York Knicks,San Antonio Spurs,29,1,PT09M14.00S,554.0,2714.0,3.0,9.0,-6.0,6.0,free_throw,0.3424152601967835,0.6575847398032165,San Antonio Spurs,0,0,1.0
2025-26,0042500403,3,2026-06-08,New York Knicks,San Antonio Spurs,30,1,PT09M12.00S,552.0,2712.0,3.0,9.0,-6.0,6.0,rebound,0.3364144038479056,0.6635855961520943,San Antonio Spurs,0,0,1.0
2025-26,0042500403,3,2026-06-08,New York Knicks,San Antonio Spurs,31,1,PT09M00.00S,540.0,2700.0,5.0,9.0,-4.0,4.0,made_shot,0.4053613364761517,0.5946386635238483,San Antonio Spurs,0,0,1.0
2025-26,0042500403,3,2026-06-08,New York Knicks,San Antonio Spurs,32,1,PT08M52.00S,532.0,2692.0,5.0,9.0,-4.0,4.0,foul,0.4074505461606378,0.5925494538393622,San Antonio Spurs,0,0,1.0
2025-26,0042500403,3,2026-06-08,New York Knicks,San Antonio Spurs,34,1,PT08M52.00S,532.0,2692.0,5.0,9.0,-4.0,4.0,substitution,0.4050995727865952,0.5949004272134049,San Antonio Spurs,0,0,1.0
2025-26,0042500403,3,2026-06-08,New York Knicks,San Antonio Spurs,36,1,PT08M48.00S,528.0,2688.0,5.0,9.0,-4.0,4.0,turnover,0.4149083742850096,0.5850916257149903,San Antonio Spurs,0,0,1.0
2025-26,0042500403,3,2026-06-08,New York Knicks,San Antonio Spurs,37,1,PT08M41.00S,521.0,2681.0,5.0,9.0,-4.0,4.0,foul,0.4104352852075515,0.5895647147924484,San Antonio Spurs,0,0,1.0
2025-26,0042500403,3,2026-06-08,New York Knicks,San Antonio Spurs,39,1,PT08M41.00S,521.0,2681.0,5.0,9.0,-4.0,4.0,turnover,0.405157045301651,0.5948429546983489,San Antonio Spurs,0,0,1.0
2025-26,0042500403,3,2026-06-08,New York Knicks,San Antonio Spurs,40,1,PT08M33.00S,513.0,2673.0,5.0,11.0,-6.0,6.0,made_shot,0.3242249014210565,0.6757750985789435,San Antonio Spurs,0,0,1.0
2025-26,0042500403,3,2026-06-08,New York Knicks,San Antonio Spurs,42,1,PT08M22.00S,502.0,2662.0,5.0,11.0,-6.0,6.0,foul,0.3386325956254635,0.6613674043745364,San Antonio Spurs,0,0,1.0
2025-26,0042500403,3,2026-06-08,New York Knicks,San Antonio Spurs,44,1,PT08M13.00S,493.0,2653.0,5.0,11.0,-6.0,6.0,missed_shot,0.3363791636454458,0.6636208363545542,San Antonio Spurs,0,0,1.0
2025-26,0042500403,3,2026-06-08,New York Knicks,San Antonio Spurs,45,1,PT08M10.00S,490.0,2650.0,5.0,11.0,-6.0,6.0,rebound,0.3360417391003341,0.6639582608996659,San Antonio Spurs,0,0,1.0
2025-26,0042500403,3,2026-06-08,New York Knicks,San Antonio Spurs,46,1,PT08M01.00S,481.0,2641.0,5.0,14.0,-9.0,9.0,made_shot,0.2444168705682025,0.7555831294317974,San Antonio Spurs,0,0,1.0
2025-26,0042500403,3,2026-06-08,New York Knicks,San Antonio Spurs,48,1,PT07M51.00S,471.0,2631.0,5.0,14.0,-9.0,9.0,foul,0.2450209879349555,0.7549790120650445,San Antonio Spurs,0,0,1.0
2025-26,0042500403,3,2026-06-08,New York Knicks,San Antonio Spurs,50,1,PT07M51.00S,471.0,2631.0,6.0,14.0,-8.0,8.0,free_throw,0.2729163080592125,0.7270836919407875,San Antonio Spurs,0,0,1.0
2025-26,0042500403,3,2026-06-08,New York Knicks,San Antonio Spurs,51,1,PT07M51.00S,471.0,2631.0,6.0,14.0,-8.0,8.0,substitution,0.2735273543310781,0.7264726456689219,San Antonio Spurs,0,0,1.0
2025-26,0042500403,3,2026-06-08,New York Knicks,San Antonio Spurs,52,1,PT07M51.00S,471.0,2631.0,6.0,14.0,-8.0,8.0,substitution,0.2735273543310781,0.7264726456689219,San Antonio Spurs,0,0,1.0
2025-26,0042500403,3,2026-06-08,New York Knicks,San Antonio Spurs,55,1,PT07M51.00S,471.0,2631.0,6.0,14.0,-8.0,8.0,free_throw,0.2738869961455482,0.7261130038544518,San Antonio Spurs,0,0,1.0
2025-26,0042500403,3,2026-06-08,New York Knicks,San Antonio Spurs,56,1,PT07M48.00S,468.0,2628.0,6.0,14.0,-8.0,8.0,rebound,0.2730452935938215,0.7269547064061784,San Antonio Spurs,0,0,1.0
2025-26,0042500403,3,2026-06-08,New York Knicks,San Antonio Spurs,57,1,PT07M34.00S,454.0,2614.0,6.0,16.0,-10.0,10.0,made_shot,0.2178989406628022,0.7821010593371978,San Antonio Spurs,0,0,1.0
2025-26,0042500403,3,2026-06-08,New York Knicks,San Antonio Spurs,58,1,PT07M10.00S,430.0,2590.0,9.0,16.0,-7.0,7.0,made_shot,0.3015636074894684,0.6984363925105316,San Antonio Spurs,0,0,1.0
2025-26,0042500403,3,2026-06-08,New York Knicks,San Antonio Spurs,60,1,PT07M02.00S,422.0,2582.0,9.0,18.0,-9.0,9.0,made_shot,0.2348591262640313,0.7651408737359686,San Antonio Spurs,0,0,1.0
2025-26,0042500403,3,2026-06-08,New York Knicks,San Antonio Spurs,61,1,PT07M02.00S,422.0,2582.0,9.0,18.0,-9.0,9.0,foul,0.243506836404619,0.7564931635953809,San Antonio Spurs,0,0,1.0
2025-26,0042500403,3,2026-06-08,New York Knicks,San Antonio Spurs,63,1,PT07M02.00S,422.0,2582.0,9.0,19.0,-10.0,10.0,free_throw,0.2211413590052544,0.7788586409947456,San Antonio Spurs,0,0,1.0
2025-26,0042500403,3,2026-06-08,New York Knicks,San Antonio Spurs,65,1,PT06M49.00S,409.0,2569.0,9.0,19.0,-10.0,10.0,timeout,0.2158736668425024,0.7841263331574976,San Antonio Spurs,0,0,1.0
2025-26,0042500403,3,2026-06-08,New York Knicks,San Antonio Spurs,67,1,PT06M43.00S,403.0,2563.0,11.0,19.0,-8.0,8.0,made_shot,0.2740968553563682,0.7259031446436318,San Antonio Spurs,0,0,1.0
2025-26,0042500403,3,2026-06-08,New York Knicks,San Antonio Spurs,68,1,PT06M25.00S,385.0,2545.0,11.0,19.0,-8.0,8.0,turnover,0.2774225834009744,0.7225774165990255,San Antonio Spurs,0,0,1.0
2025-26,0042500403,3,2026-06-08,New York Knicks,San Antonio Spurs,69,1,PT06M03.00S,363.0,2523.0,11.0,19.0,-8.0,8.0,missed_shot,0.2719133929586125,0.7280866070413875,San Antonio Spurs,0,0,1.0
2025-26,0042500403,3,2026-06-08,New York Knicks,San Antonio Spurs,70,1,PT06M00.00S,360.0,2520.0,11.0,19.0,-8.0,8.0,rebound,0.2716141672562294,0.7283858327437706,San Antonio Spurs,0,0,1.0
2025-26,0042500403,3,2026-06-08,New York Knicks,San Antonio Spurs,71,1,PT05M48.00S,348.0,2508.0,11.0,21.0,-10.0,10.0,made_shot,0.2213981343465027,0.7786018656534973,San Antonio Spurs,0,0,1.0
2025-26,0042500403,3,2026-06-08,New York Knicks,San Antonio Spurs,72,1,PT05M32.00S,332.0,2492.0,11.0,21.0,-10.0,10.0,missed_shot,0.2176213354512573,0.7823786645487427,San Antonio Spurs,0,0,1.0
2025-26,0042500403,3,2026-06-08,New York Knicks,San Antonio Spurs,73,1,PT05M29.00S,329.0,2489.0,11.0,21.0,-10.0,10.0,rebound,0.217335391383712,0.782664608616288,San Antonio Spurs,0,0,1.0
2025-26,0042500403,3,2026-06-08,New York Knicks,San Antonio Spurs,74,1,PT05M21.00S,321.0,2481.0,11.0,21.0,-10.0,10.0,unknown,0.2154519752674067,0.7845480247325933,San Antonio Spurs,0,0,1.0
2025-26,0042500403,3,2026-06-08,New York Knicks,San Antonio Spurs,76,1,PT05M19.00S,319.0,2479.0,11.0,21.0,-10.0,10.0,rebound,0.2174457001908518,0.7825542998091481,San Antonio Spurs,0,0,1.0
2025-26,0042500403,3,2026-06-08,New York Knicks,San Antonio Spurs,77,1,PT05M14.00S,314.0,2474.0,13.0,21.0,-8.0,8.0,made_shot,0.2745776275435667,0.7254223724564333,San Antonio Spurs,0,0,1.0
2025-26,0042500403,3,2026-06-08,New York Knicks,San Antonio Spurs,79,1,PT04M56.00S,296.0,2456.0,13.0,24.0,-11.0,11.0,made_shot,0.1921340790213011,0.8078659209786989,San Antonio Spurs,0,0,1.0
2025-26,0042500403,3,2026-06-08,New York Knicks,San Antonio Spurs,81,1,PT04M35.00S,275.0,2435.0,13.0,24.0,-11.0,11.0,foul,0.1947407771322617,0.8052592228677382,San Antonio Spurs,0,0,1.0
2025-26,0042500403,3,2026-06-08,New York Knicks,San Antonio Spurs,83,1,PT04M35.00S,275.0,2435.0,13.0,24.0,-11.0,11.0,substitution,0.1932169271936208,0.8067830728063792,San Antonio Spurs,0,0,1.0
2025-26,0042500403,3,2026-06-08,New York Knicks,San Antonio Spurs,84,1,PT04M35.00S,275.0,2435.0,13.0,24.0,-11.0,11.0,substitution,0.1932169271936208,0.8067830728063792,San Antonio Spurs,0,0,1.0
2025-26,0042500403,3,2026-06-08,New York Knicks,San Antonio Spurs,85,1,PT04M35.00S,275.0,2435.0,13.0,24.0,-11.0,11.0,substitution,0.1932169271936208,0.8067830728063792,San Antonio Spurs,0,0,1.0
2025-26,0042500403,3,2026-06-08,New York Knicks,San Antonio Spurs,89,1,PT04M21.00S,261.0,2421.0,13.0,24.0,-11.0,11.0,missed_shot,0.1960401433046301,0.8039598566953698,San Antonio Spurs,0,0,1.0
2025-26,0042500403,3,2026-06-08,New York Knicks,San Antonio Spurs,90,1,PT04M18.00S,258.0,2418.0,13.0,24.0,-11.0,11.0,rebound,0.1929801618482636,0.8070198381517364,San Antonio Spurs,0,0,1.0
2025-26,0042500403,3,2026-06-08,New York Knicks,San Antonio Spurs,91,1,PT04M10.00S,250.0,2410.0,13.0,24.0,-11.0,11.0,unknown,0.1912562307281211,0.8087437692718789,San Antonio Spurs,0,0,1.0
2025-26,0042500403,3,2026-06-08,New York Knicks,San Antonio Spurs,93,1,PT04M09.00S,249.0,2409.0,13.0,24.0,-11.0,11.0,rebound,0.1930710571928979,0.806928942807102,San Antonio Spurs,0,0,1.0
2025-26,0042500403,3,2026-06-08,New York Knicks,San Antonio Spurs,94,1,PT04M02.00S,242.0,2402.0,13.0,24.0,-11.0,11.0,missed_shot,0.1962343749666354,0.8037656250333646,San Antonio Spurs,0,0,1.0
2025-26,0042500403,3,2026-06-08,New York Knicks,San Antonio Spurs,95,1,PT04M00.00S,240.0,2400.0,13.0,24.0,-11.0,11.0,rebound,0.1931619851027674,0.8068380148972325,San Antonio Spurs,0,0,1.0
2025-26,0042500403,3,2026-06-08,New York Knicks,San Antonio Spurs,96,1,PT03M45.00S,225.0,2385.0,15.0,24.0,-9.0,9.0,made_shot,0.2411501334701532,0.7588498665298468,San Antonio Spurs,0,0,1.0
2025-26,0042500403,3,2026-06-08,New York Knicks,San Antonio Spurs,97,1,PT03M30.00S,210.0,2370.0,15.0,24.0,-9.0,9.0,missed_shot,0.2466557715411402,0.7533442284588598,San Antonio Spurs,0,0,1.0
2025-26,0042500403,3,2026-06-08,New York Knicks,San Antonio Spurs,98,1,PT03M28.00S,208.0,2368.0,15.0,24.0,-9.0,9.0,rebound,0.2429847759611946,0.7570152240388054,San Antonio Spurs,0,0,1.0
2025-26,0042500403,3,2026-06-08,New York Knicks,San Antonio Spurs,99,1,PT03M24.00S,204.0,2364.0,17.0,24.0,-7.0,7.0,made_shot,0.3027749778264048,0.6972250221735952,San Antonio Spurs,0,0,1.0
2025-26,0042500403,3,2026-06-08,New York Knicks,San Antonio Spurs,100,1,PT03M24.00S,204.0,2364.0,17.0,24.0,-7.0,7.0,timeout,0.2985718625932204,0.7014281374067797,San Antonio Spurs,0,0,1.0
2025-26,0042500403,3,2026-06-08,New York Knicks,San Antonio Spurs,103,1,PT03M24.00S,204.0,2364.0,17.0,24.0,-7.0,7.0,instant_replay,0.3059964473407009,0.694003552659299,San Antonio Spurs,0,0,1.0
2025-26,0042500403,3,2026-06-08,New York Knicks,San Antonio Spurs,104,1,PT03M24.00S,204.0,2364.0,17.0,24.0,-7.0,7.0,foul,0.3067991274971139,0.693200872502886,San Antonio Spurs,0,0,1.0
2025-26,0042500403,3,2026-06-08,New York Knicks,San Antonio Spurs,105,1,PT03M24.00S,204.0,2364.0,17.0,24.0,-7.0,7.0,substitution,0.301036078247747,0.698963921752253,San Antonio Spurs,0,0,1.0
2025-26,0042500403,3,2026-06-08,New York Knicks,San Antonio Spurs,106,1,PT03M24.00S,204.0,2364.0,17.0,24.0,-7.0,7.0,substitution,0.301036078247747,0.698963921752253,San Antonio Spurs,0,0,1.0
2025-26,0042500403,3,2026-06-08,New York Knicks,San Antonio Spurs,109,1,PT03M24.00S,204.0,2364.0,17.0,24.0,-7.0,7.0,free_throw,0.3129979625368789,0.687002037463121,San Antonio Spurs,0,0,1.0
2025-26,0042500403,3,2026-06-08,New York Knicks,San Antonio Spurs,110,1,PT03M24.00S,204.0,2364.0,17.0,24.0,-7.0,7.0,rebound,0.3091181913869907,0.6908818086130093,San Antonio Spurs,0,0,1.0
2025-26,0042500403,3,2026-06-08,New York Knicks,San Antonio Spurs,111,1,PT03M09.00S,189.0,2349.0,17.0,24.0,-7.0,7.0,missed_shot,0.3010481174262728,0.6989518825737271,San Antonio Spurs,0,0,1.0
2025-26,0042500403,3,2026-06-08,New York Knicks,San Antonio Spurs,112,1,PT03M07.00S,187.0,2347.0,17.0,24.0,-7.0,7.0,rebound,0.300716438616342,0.699283561383658,San Antonio Spurs,0,0,1.0
2025-26,0042500403,3,2026-06-08,New York Knicks,San Antonio Spurs,113,1,PT03M00.00S,180.0,2340.0,17.0,24.0,-7.0,7.0,missed_shot,0.3012063383383198,0.6987936616616802,San Antonio Spurs,0,0,1.0
2025-26,0042500403,3,2026-06-08,New York Knicks,San Antonio Spurs,114,1,PT02M57.00S,177.0,2337.0,17.0,24.0,-7.0,7.0,rebound,0.3008527998886608,0.6991472001113391,San Antonio Spurs,0,0,1.0
2025-26,0042500403,3,2026-06-08,New York Knicks,San Antonio Spurs,115,1,PT02M49.00S,169.0,2329.0,17.0,26.0,-9.0,9.0,made_shot,0.2407735755706387,0.7592264244293613,San Antonio Spurs,0,0,1.0
2025-26,0042500403,3,2026-06-08,New York Knicks,San Antonio Spurs,117,1,PT02M32.00S,152.0,2312.0,17.0,26.0,-9.0,9.0,missed_shot,0.2479534564310352,0.7520465435689647,San Antonio Spurs,0,0,1.0
2025-26,0042500403,3,2026-06-08,New York Knicks,San Antonio Spurs,118,1,PT02M30.00S,150.0,2310.0,17.0,26.0,-9.0,9.0,rebound,0.2426300974179828,0.7573699025820172,San Antonio Spurs,0,0,1.0
2025-26,0042500403,3,2026-06-08,New York Knicks,San Antonio Spurs,119,1,PT02M21.00S,141.0,2301.0,17.0,28.0,-11.0,11.0,made_shot,0.1919538779457063,0.8080461220542937,San Antonio Spurs,0,0,1.0
2025-26,0042500403,3,2026-06-08,New York Knicks,San Antonio Spurs,121,1,PT02M06.00S,126.0,2286.0,19.0,28.0,-9.0,9.0,made_shot,0.2464771306997205,0.7535228693002796,San Antonio Spurs,0,0,1.0
2025-26,0042500403,3,2026-06-08,New York Knicks,San Antonio Spurs,122,1,PT01M48.00S,108.0,2268.0,19.0,30.0,-11.0,11.0,made_shot,0.1935548948598213,0.8064451051401786,San Antonio Spurs,0,0,1.0
2025-26,0042500403,3,2026-06-08,New York Knicks,San Antonio Spurs,124,1,PT01M40.00S,100.0,2260.0,19.0,30.0,-11.0,11.0,unknown,0.1901229246151186,0.8098770753848814,San Antonio Spurs,0,0,1.0
2025-26,0042500403,3,2026-06-08,New York Knicks,San Antonio Spurs,126,1,PT01M36.00S,96.0,2256.0,19.0,30.0,-11.0,11.0,missed_shot,0.1914012209524175,0.8085987790475825,San Antonio Spurs,0,0,1.0
2025-26,0042500403,3,2026-06-08,New York Knicks,San Antonio Spurs,127,1,PT01M33.00S,93.0,2253.0,19.0,30.0,-11.0,11.0,rebound,0.191989891138551,0.8080101088614489,San Antonio Spurs,0,0,1.0
2025-26,0042500403,3,2026-06-08,New York Knicks,San Antonio Spurs,128,1,PT01M26.00S,86.0,2246.0,19.0,30.0,-11.0,11.0,foul,0.1920047818236157,0.8079952181763843,San Antonio Spurs,0,0,1.0
2025-26,0042500403,3,2026-06-08,New York Knicks,San Antonio Spurs,130,1,PT01M26.00S,86.0,2246.0,20.0,30.0,-10.0,10.0,free_throw,0.21558783468967,0.78441216531033,San Antonio Spurs,0,0,1.0
2025-26,0042500403,3,2026-06-08,New York Knicks,San Antonio Spurs,132,1,PT01M26.00S,86.0,2246.0,20.0,30.0,-10.0,10.0,substitution,0.2161086760364808,0.7838913239635191,San Antonio Spurs,0,0,1.0
2025-26,0042500403,3,2026-06-08,New York Knicks,San Antonio Spurs,135,1,PT01M26.00S,86.0,2246.0,21.0,30.0,-9.0,9.0,free_throw,0.2413244806866588,0.7586755193133411,San Antonio Spurs,0,0,1.0
2025-26,0042500403,3,2026-06-08,New York Knicks,San Antonio Spurs,136,1,PT01M26.00S,86.0,2246.0,21.0,30.0,-9.0,9.0,substitution,0.2417843240719263,0.7582156759280736,San Antonio Spurs,0,0,1.0
2025-26,0042500403,3,2026-06-08,New York Knicks,San Antonio Spurs,137,1,PT01M12.00S,72.0,2232.0,21.0,33.0,-12.0,12.0,made_shot,0.1689832961731457,0.8310167038268543,San Antonio Spurs,0,0,1.0
2025-26,0042500403,3,2026-06-08,New York Knicks,San Antonio Spurs,139,1,PT00M49.10S,49.1,2209.1,21.0,33.0,-12.0,12.0,missed_shot,0.1630719215531113,0.8369280784468887,San Antonio Spurs,0,0,1.0
2025-26,0042500403,3,2026-06-08,New York Knicks,San Antonio Spurs,140,1,PT00M48.20S,48.2,2208.2,21.0,33.0,-12.0,12.0,rebound,0.169619136114605,0.8303808638853949,San Antonio Spurs,0,0,1.0
2025-26,0042500403,3,2026-06-08,New York Knicks,San Antonio Spurs,144,1,PT00M45.00S,45.0,2205.0,21.0,33.0,-12.0,12.0,foul,0.1695979541547676,0.8304020458452324,San Antonio Spurs,0,0,1.0
2025-26,0042500403,3,2026-06-08,New York Knicks,San Antonio Spurs,146,1,PT00M45.00S,45.0,2205.0,22.0,33.0,-11.0,11.0,free_throw,0.1910797206508887,0.8089202793491113,San Antonio Spurs,0,0,1.0
2025-26,0042500403,3,2026-06-08,New York Knicks,San Antonio Spurs,147,1,PT00M46.40S,46.4,2206.4,22.0,33.0,-11.0,11.0,unknown,0.1893451349827309,0.810654865017269,San Antonio Spurs,0,0,1.0
2025-26,0042500403,3,2026-06-08,New York Knicks,San Antonio Spurs,149,1,PT00M45.90S,45.9,2205.9,22.0,33.0,-11.0,11.0,rebound,0.1911411009731773,0.8088588990268226,San Antonio Spurs,0,0,1.0
2025-26,0042500403,3,2026-06-08,New York Knicks,San Antonio Spurs,150,1,PT00M45.00S,45.0,2205.0,22.0,33.0,-11.0,11.0,substitution,0.1915558116665668,0.8084441883334331,San Antonio Spurs,0,0,1.0
2025-26,0042500403,3,2026-06-08,New York Knicks,San Antonio Spurs,152,1,PT00M45.00S,45.0,2205.0,22.0,33.0,-11.0,11.0,free_throw,0.1918361354598816,0.8081638645401183,San Antonio Spurs,0,0,1.0
2025-26,0042500403,3,2026-06-08,New York Knicks,San Antonio Spurs,153,1,PT00M44.00S,44.0,2204.0,22.0,33.0,-11.0,11.0,rebound,0.1911601477471865,0.8088398522528135,San Antonio Spurs,0,0,1.0
2025-26,0042500403,3,2026-06-08,New York Knicks,San Antonio Spurs,154,1,PT00M32.70S,32.7,2192.7,22.0,33.0,-11.0,11.0,missed_shot,0.1915375626928173,0.8084624373071827,San Antonio Spurs,0,0,1.0
2025-26,0042500403,3,2026-06-08,New York Knicks,San Antonio Spurs,155,1,PT00M30.50S,30.5,2190.5,22.0,33.0,-11.0,11.0,rebound,0.1912955218246889,0.808704478175311,San Antonio Spurs,0,0,1.0
2025-26,0042500403,3,2026-06-08,New York Knicks,San Antonio Spurs,156,1,PT00M10.00S,10.0,2170.0,22.0,33.0,-11.0,11.0,missed_shot,0.1945738948068758,0.8054261051931242,San Antonio Spurs,0,0,1.0
2025-26,0042500403,3,2026-06-08,New York Knicks,San Antonio Spurs,157,1,PT00M07.90S,7.9,2167.9,22.0,33.0,-11.0,11.0,rebound,0.1915223118574252,0.8084776881425748,San Antonio Spurs,0,0,1.0
2025-26,0042500403,3,2026-06-08,New York Knicks,San Antonio Spurs,158,1,PT00M00.00S,0.0,2160.0,22.0,33.0,-11.0,11.0,end_period,0.1877203225352873,0.8122796774647127,San Antonio Spurs,0,0,1.0
2025-26,0042500403,3,2026-06-08,New York Knicks,San Antonio Spurs,169,2,PT12M00.00S,720.0,2160.0,22.0,33.0,-11.0,11.0,start_period,0.1896258760519409,0.8103741239480591,San Antonio Spurs,0,0,1.0
2025-26,0042500403,3,2026-06-08,New York Knicks,San Antonio Spurs,170,2,PT11M39.00S,699.0,2139.0,24.0,33.0,-9.0,9.0,made_shot,0.2402869924480662,0.7597130075519337,San Antonio Spurs,0,0,1.0
2025-26,0042500403,3,2026-06-08,New York Knicks,San Antonio Spurs,172,2,PT11M25.00S,685.0,2125.0,24.0,36.0,-12.0,12.0,made_shot,0.1694520399855774,0.8305479600144225,San Antonio Spurs,0,0,1.0
2025-26,0042500403,3,2026-06-08,New York Knicks,San Antonio Spurs,174,2,PT11M01.00S,661.0,2101.0,24.0,36.0,-12.0,12.0,unknown,0.1684562837880759,0.8315437162119241,San Antonio Spurs,0,0,1.0
2025-26,0042500403,3,2026-06-08,New York Knicks,San Antonio Spurs,176,2,PT11M00.00S,660.0,2100.0,24.0,36.0,-12.0,12.0,rebound,0.1701002657935959,0.8298997342064041,San Antonio Spurs,0,0,1.0
2025-26,0042500403,3,2026-06-08,New York Knicks,San Antonio Spurs,177,2,PT10M39.00S,639.0,2079.0,24.0,36.0,-12.0,12.0,missed_shot,0.1705338070434578,0.8294661929565422,San Antonio Spurs,0,0,1.0
2025-26,0042500403,3,2026-06-08,New York Knicks,San Antonio Spurs,178,2,PT10M36.00S,636.0,2076.0,24.0,36.0,-12.0,12.0,rebound,0.1703200463299575,0.8296799536700424,San Antonio Spurs,0,0,1.0
2025-26,0042500403,3,2026-06-08,New York Knicks,San Antonio Spurs,179,2,PT10M22.00S,622.0,2062.0,24.0,36.0,-12.0,12.0,missed_shot,0.1732556118169114,0.8267443881830886,San Antonio Spurs,0,0,1.0
2025-26,0042500403,3,2026-06-08,New York Knicks,San Antonio Spurs,180,2,PT10M21.00S,621.0,2061.0,24.0,36.0,-12.0,12.0,rebound,0.1704575237307582,0.8295424762692418,San Antonio Spurs,0,0,1.0
2025-26,0042500403,3,2026-06-08,New York Knicks,San Antonio Spurs,181,2,PT10M21.00S,621.0,2061.0,24.0,36.0,-12.0,12.0,foul,0.1741992978352418,0.8258007021647582,San Antonio Spurs,0,0,1.0
2025-26,0042500403,3,2026-06-08,New York Knicks,San Antonio Spurs,183,2,PT10M21.00S,621.0,2061.0,24.0,36.0,-12.0,12.0,substitution,0.1708285706325103,0.8291714293674897,San Antonio Spurs,0,0,1.0
2025-26,0042500403,3,2026-06-08,New York Knicks,San Antonio Spurs,185,2,PT10M14.00S,614.0,2054.0,24.0,36.0,-12.0,12.0,foul,0.1704710967112025,0.8295289032887974,San Antonio Spurs,0,0,1.0
2025-26,0042500403,3,2026-06-08,New York Knicks,San Antonio Spurs,187,2,PT10M14.00S,614.0,2054.0,25.0,36.0,-11.0,11.0,free_throw,0.2012632136358196,0.7987367863641803,San Antonio Spurs,0,0,1.0
2025-26,0042500403,3,2026-06-08,New York Knicks,San Antonio Spurs,188,2,PT10M14.00S,614.0,2054.0,26.0,36.0,-10.0,10.0,free_throw,0.2258188429193764,0.7741811570806235,San Antonio Spurs,0,0,1.0
2025-26,0042500403,3,2026-06-08,New York Knicks,San Antonio Spurs,189,2,PT10M14.00S,614.0,2054.0,27.0,36.0,-9.0,9.0,free_throw,0.2523625714319479,0.747637428568052,San Antonio Spurs,0,0,1.0
2025-26,0042500403,3,2026-06-08,New York Knicks,San Antonio Spurs,190,2,PT10M03.00S,603.0,2043.0,27.0,36.0,-9.0,9.0,foul,0.2414259992282099,0.75857400077179,San Antonio Spurs,0,0,1.0
2025-26,0042500403,3,2026-06-08,New York Knicks,San Antonio Spurs,192,2,PT10M03.00S,603.0,2043.0,27.0,37.0,-10.0,10.0,free_throw,0.2152800851464548,0.7847199148535452,San Antonio Spurs,0,0,1.0
2025-26,0042500403,3,2026-06-08,New York Knicks,San Antonio Spurs,195,2,PT10M03.00S,603.0,2043.0,27.0,38.0,-11.0,11.0,free_throw,0.1913546704161768,0.8086453295838232,San Antonio Spurs,0,0,1.0
2025-26,0042500403,3,2026-06-08,New York Knicks,San Antonio Spurs,196,2,PT09M41.00S,581.0,2021.0,29.0,38.0,-9.0,9.0,made_shot,0.2401983339008707,0.7598016660991292,San Antonio Spurs,0,0,1.0
2025-26,0042500403,3,2026-06-08,New York Knicks,San Antonio Spurs,197,2,PT09M41.00S,581.0,2021.0,29.0,38.0,-9.0,9.0,foul,0.2455389574988064,0.7544610425011936,San Antonio Spurs,0,0,1.0
2025-26,0042500403,3,2026-06-08,New York Knicks,San Antonio Spurs,199,2,PT09M41.00S,581.0,2021.0,30.0,38.0,-8.0,8.0,free_throw,0.2727647474726362,0.7272352525273638,San Antonio Spurs,0,0,1.0
2025-26,0042500403,3,2026-06-08,New York Knicks,San Antonio Spurs,200,2,PT09M34.00S,574.0,2014.0,30.0,40.0,-10.0,10.0,made_shot,0.2067684320123929,0.7932315679876071,San Antonio Spurs,0,0,1.0
2025-26,0042500403,3,2026-06-08,New York Knicks,San Antonio Spurs,201,2,PT09M12.00S,552.0,1992.0,33.0,40.0,-7.0,7.0,made_shot,0.2964134220551884,0.7035865779448116,San Antonio Spurs,0,0,1.0
2025-26,0042500403,3,2026-06-08,New York Knicks,San Antonio Spurs,203,2,PT08M55.00S,535.0,1975.0,33.0,40.0,-7.0,7.0,missed_shot,0.2976216656267217,0.7023783343732782,San Antonio Spurs,0,0,1.0
2025-26,0042500403,3,2026-06-08,New York Knicks,San Antonio Spurs,204,2,PT08M53.00S,533.0,1973.0,33.0,40.0,-7.0,7.0,rebound,0.2972921562058561,0.7027078437941439,San Antonio Spurs,0,0,1.0
2025-26,0042500403,3,2026-06-08,New York Knicks,San Antonio Spurs,205,2,PT08M36.00S,516.0,1956.0,35.0,40.0,-5.0,5.0,made_shot,0.3596492854559412,0.6403507145440588,San Antonio Spurs,0,0,1.0
2025-26,0042500403,3,2026-06-08,New York Knicks,San Antonio Spurs,208,2,PT08M19.00S,499.0,1939.0,35.0,40.0,-5.0,5.0,unknown,0.3592748422681687,0.6407251577318314,San Antonio Spurs,0,0,1.0
2025-26,0042500403,3,2026-06-08,New York Knicks,San Antonio Spurs,211,2,PT08M13.00S,493.0,1933.0,38.0,40.0,-2.0,2.0,made_shot,0.4626908237328486,0.5373091762671514,San Antonio Spurs,0,0,1.0
2025-26,0042500403,3,2026-06-08,New York Knicks,San Antonio Spurs,212,2,PT08M12.00S,492.0,1932.0,38.0,40.0,-2.0,2.0,timeout,0.4653435363140363,0.5346564636859636,San Antonio Spurs,0,0,1.0
2025-26,0042500403,3,2026-06-08,New York Knicks,San Antonio Spurs,213,2,PT10M03.00S,603.0,2043.0,38.0,40.0,-2.0,2.0,substitution,0.4664737228974882,0.5335262771025118,San Antonio Spurs,0,0,1.0
2025-26,0042500403,3,2026-06-08,New York Knicks,San Antonio Spurs,216,2,PT08M12.00S,492.0,1932.0,38.0,40.0,-2.0,2.0,substitution,0.4682652911458859,0.5317347088541141,San Antonio Spurs,0,0,1.0
2025-26,0042500403,3,2026-06-08,New York Knicks,San Antonio Spurs,217,2,PT08M12.00S,492.0,1932.0,38.0,40.0,-2.0,2.0,substitution,0.4682652911458859,0.5317347088541141,San Antonio Spurs,0,0,1.0
2025-26,0042500403,3,2026-06-08,New York Knicks,San Antonio Spurs,218,2,PT08M12.00S,492.0,1932.0,38.0,40.0,-2.0,2.0,substitution,0.4682652911458859,0.5317347088541141,San Antonio Spurs,0,0,1.0
2025-26,0042500403,3,2026-06-08,New York Knicks,San Antonio Spurs,222,2,PT07M54.00S,474.0,1914.0,38.0,40.0,-2.0,2.0,foul,0.4709835765411789,0.529016423458821,San Antonio Spurs,0,0,1.0
2025-26,0042500403,3,2026-06-08,New York Knicks,San Antonio Spurs,224,2,PT07M43.00S,463.0,1903.0,38.0,40.0,-2.0,2.0,missed_shot,0.475278928758956,0.524721071241044,San Antonio Spurs,0,0,1.0
2025-26,0042500403,3,2026-06-08,New York Knicks,San Antonio Spurs,225,2,PT07M40.00S,460.0,1900.0,38.0,40.0,-2.0,2.0,rebound,0.468129093284927,0.531870906715073,San Antonio Spurs,0,0,1.0
2025-26,0042500403,3,2026-06-08,New York Knicks,San Antonio Spurs,226,2,PT07M22.00S,442.0,1882.0,38.0,40.0,-2.0,2.0,missed_shot,0.4756185034888427,0.5243814965111573,San Antonio Spurs,0,0,1.0
2025-26,0042500403,3,2026-06-08,New York Knicks,San Antonio Spurs,227,2,PT07M19.00S,439.0,1879.0,38.0,40.0,-2.0,2.0,rebound,0.468468120369146,0.5315318796308539,San Antonio Spurs,0,0,1.0
2025-26,0042500403,3,2026-06-08,New York Knicks,San Antonio Spurs,228,2,PT07M10.00S,430.0,1870.0,38.0,42.0,-4.0,4.0,made_shot,0.4018942625189359,0.5981057374810641,San Antonio Spurs,0,0,1.0
2025-26,0042500403,3,2026-06-08,New York Knicks,San Antonio Spurs,230,2,PT06M49.00S,409.0,1849.0,38.0,42.0,-4.0,4.0,missed_shot,0.3966844103067124,0.6033155896932876,San Antonio Spurs,0,0,1.0
2025-26,0042500403,3,2026-06-08,New York Knicks,San Antonio Spurs,231,2,PT06M48.00S,408.0,1848.0,38.0,42.0,-4.0,4.0,rebound,0.3962513344168828,0.6037486655831172,San Antonio Spurs,0,0,1.0
2025-26,0042500403,3,2026-06-08,New York Knicks,San Antonio Spurs,232,2,PT06M48.00S,408.0,1848.0,38.0,42.0,-4.0,4.0,foul,0.4025444037042868,0.5974555962957132,San Antonio Spurs,0,0,1.0
2025-26,0042500403,3,2026-06-08,New York Knicks,San Antonio Spurs,234,2,PT06M48.00S,408.0,1848.0,38.0,42.0,-4.0,4.0,substitution,0.396878733219454,0.603121266780546,San Antonio Spurs,0,0,1.0
2025-26,0042500403,3,2026-06-08,New York Knicks,San Antonio Spurs,235,2,PT06M48.00S,408.0,1848.0,38.0,42.0,-4.0,4.0,substitution,0.396878733219454,0.603121266780546,San Antonio Spurs,0,0,1.0
2025-26,0042500403,3,2026-06-08,New York Knicks,San Antonio Spurs,238,2,PT06M44.00S,404.0,1844.0,40.0,42.0,-2.0,2.0,made_shot,0.4738343390832167,0.5261656609167833,San Antonio Spurs,0,0,1.0
2025-26,0042500403,3,2026-06-08,New York Knicks,San Antonio Spurs,240,2,PT06M35.00S,395.0,1835.0,40.0,42.0,-2.0,2.0,missed_shot,0.4681866492073087,0.5318133507926912,San Antonio Spurs,0,0,1.0
2025-26,0042500403,3,2026-06-08,New York Knicks,San Antonio Spurs,241,2,PT06M32.00S,392.0,1832.0,40.0,42.0,-2.0,2.0,rebound,0.4678102121517278,0.5321897878482722,San Antonio Spurs,0,0,1.0
2025-26,0042500403,3,2026-06-08,New York Knicks,San Antonio Spurs,243,2,PT06M16.00S,376.0,1816.0,40.0,42.0,-2.0,2.0,unknown,0.4651749722910363,0.5348250277089637,San Antonio Spurs,0,0,1.0
2025-26,0042500403,3,2026-06-08,New York Knicks,San Antonio Spurs,245,2,PT06M03.00S,363.0,1803.0,40.0,42.0,-2.0,2.0,missed_shot,0.4687032810890139,0.5312967189109861,San Antonio Spurs,0,0,1.0
2025-26,0042500403,3,2026-06-08,New York Knicks,San Antonio Spurs,246,2,PT06M00.00S,360.0,1800.0,40.0,42.0,-2.0,2.0,rebound,0.4683267944453773,0.5316732055546227,San Antonio Spurs,0,0,1.0
2025-26,0042500403,3,2026-06-08,New York Knicks,San Antonio Spurs,248,2,PT05M56.00S,356.0,1796.0,40.0,42.0,-2.0,2.0,unknown,0.4654976002964034,0.5345023997035965,San Antonio Spurs,0,0,1.0
2025-26,0042500403,3,2026-06-08,New York Knicks,San Antonio Spurs,250,2,PT05M55.00S,355.0,1795.0,40.0,42.0,-2.0,2.0,unknown,0.4655137324567467,0.5344862675432532,San Antonio Spurs,0,0,1.0
2025-26,0042500403,3,2026-06-08,New York Knicks,San Antonio Spurs,252,2,PT05M53.00S,353.0,1793.0,40.0,44.0,-4.0,4.0,made_shot,0.4017266734087718,0.5982733265912281,San Antonio Spurs,0,0,1.0
2025-26,0042500403,3,2026-06-08,New York Knicks,San Antonio Spurs,253,2,PT05M53.00S,353.0,1793.0,40.0,44.0,-4.0,4.0,foul,0.3956578134167152,0.6043421865832848,San Antonio Spurs,0,0,1.0
2025-26,0042500403,3,2026-06-08,New York Knicks,San Antonio Spurs,255,2,PT05M53.00S,353.0,1793.0,40.0,44.0,-4.0,4.0,substitution,0.3963705115986402,0.6036294884013598,San Antonio Spurs,0,0,1.0
2025-26,0042500403,3,2026-06-08,New York Knicks,San Antonio Spurs,257,2,PT05M53.00S,353.0,1793.0,40.0,45.0,-5.0,5.0,free_throw,0.3660802495167497,0.6339197504832503,San Antonio Spurs,0,0,1.0
2025-26,0042500403,3,2026-06-08,New York Knicks,San Antonio Spurs,258,2,PT05M42.00S,342.0,1782.0,42.0,45.0,-3.0,3.0,made_shot,0.4251584975119659,0.5748415024880341,San Antonio Spurs,0,0,1.0
2025-26,0042500403,3,2026-06-08,New York Knicks,San Antonio Spurs,259,2,PT05M33.00S,333.0,1773.0,42.0,47.0,-5.0,5.0,made_shot,0.3656136889536547,0.6343863110463452,San Antonio Spurs,0,0,1.0
2025-26,0042500403,3,2026-06-08,New York Knicks,San Antonio Spurs,261,2,PT05M23.00S,323.0,1763.0,44.0,47.0,-3.0,3.0,made_shot,0.4184389167080252,0.5815610832919749,San Antonio Spurs,0,0,1.0
2025-26,0042500403,3,2026-06-08,New York Knicks,San Antonio Spurs,262,2,PT05M10.00S,310.0,1750.0,44.0,49.0,-5.0,5.0,made_shot,0.354446166906546,0.6455538330934539,San Antonio Spurs,0,0,1.0
2025-26,0042500403,3,2026-06-08,New York Knicks,San Antonio Spurs,263,2,PT05M10.00S,310.0,1750.0,44.0,49.0,-5.0,5.0,timeout,0.3567832152236088,0.6432167847763912,San Antonio Spurs,0,0,1.0
2025-26,0042500403,3,2026-06-08,New York Knicks,San Antonio Spurs,264,2,PT05M10.00S,310.0,1750.0,44.0,49.0,-5.0,5.0,substitution,0.3594816446865391,0.6405183553134608,San Antonio Spurs,0,0,1.0
2025-26,0042500403,3,2026-06-08,New York Knicks,San Antonio Spurs,265,2,PT05M10.00S,310.0,1750.0,44.0,49.0,-5.0,5.0,substitution,0.3594816446865391,0.6405183553134608,San Antonio Spurs,0,0,1.0
2025-26,0042500403,3,2026-06-08,New York Knicks,San Antonio Spurs,268,2,PT04M46.00S,286.0,1726.0,47.0,49.0,-2.0,2.0,made_shot,0.468308122072337,0.5316918779276629,San Antonio Spurs,0,0,1.0
2025-26,0042500403,3,2026-06-08,New York Knicks,San Antonio Spurs,269,2,PT04M33.00S,273.0,1713.0,47.0,49.0,-2.0,2.0,unknown,0.4618836499776411,0.5381163500223589,San Antonio Spurs,0,0,1.0
2025-26,0042500403,3,2026-06-08,New York Knicks,San Antonio Spurs,271,2,PT04M32.00S,272.0,1712.0,47.0,49.0,-2.0,2.0,rebound,0.4647906198033016,0.5352093801966984,San Antonio Spurs,0,0,1.0
2025-26,0042500403,3,2026-06-08,New York Knicks,San Antonio Spurs,273,2,PT04M30.00S,270.0,1710.0,47.0,49.0,-2.0,2.0,missed_shot,0.4652474049485209,0.5347525950514791,San Antonio Spurs,0,0,1.0
2025-26,0042500403,3,2026-06-08,New York Knicks,San Antonio Spurs,274,2,PT04M27.00S,267.0,1707.0,47.0,49.0,-2.0,2.0,rebound,0.4648712653669467,0.5351287346330533,San Antonio Spurs,0,0,1.0
2025-26,0042500403,3,2026-06-08,New York Knicks,San Antonio Spurs,275,2,PT04M18.00S,258.0,1698.0,50.0,49.0,1.0,1.0,made_shot,0.5741595165780441,0.4258404834219559,New York Knicks,1,0,0.0
2025-26,0042500403,3,2026-06-08,New York Knicks,San Antonio Spurs,277,2,PT03M58.00S,238.0,1678.0,50.0,52.0,-2.0,2.0,made_shot,0.4624759140135999,0.5375240859864001,San Antonio Spurs,0,0,1.0
2025-26,0042500403,3,2026-06-08,New York Knicks,San Antonio Spurs,279,2,PT03M31.00S,211.0,1651.0,50.0,52.0,-2.0,2.0,missed_shot,0.4626040827694274,0.5373959172305727,San Antonio Spurs,0,0,1.0
2025-26,0042500403,3,2026-06-08,New York Knicks,San Antonio Spurs,280,2,PT03M30.00S,210.0,1650.0,50.0,52.0,-2.0,2.0,rebound,0.4636677320002964,0.5363322679997036,San Antonio Spurs,0,0,1.0
2025-26,0042500403,3,2026-06-08,New York Knicks,San Antonio Spurs,283,2,PT03M30.00S,210.0,1650.0,50.0,52.0,-2.0,2.0,substitution,0.4643197818320869,0.5356802181679131,San Antonio Spurs,0,0,1.0
2025-26,0042500403,3,2026-06-08,New York Knicks,San Antonio Spurs,286,2,PT03M20.00S,200.0,1640.0,50.0,54.0,-4.0,4.0,made_shot,0.3842786185015938,0.6157213814984062,San Antonio Spurs,0,0,1.0
2025-26,0042500403,3,2026-06-08,New York Knicks,San Antonio Spurs,288,2,PT03M04.00S,184.0,1624.0,50.0,54.0,-4.0,4.0,unknown,0.3888021853581683,0.6111978146418318,San Antonio Spurs,0,0,1.0
2025-26,0042500403,3,2026-06-08,New York Knicks,San Antonio Spurs,290,2,PT03M00.00S,180.0,1620.0,50.0,54.0,-4.0,4.0,missed_shot,0.3880542385991281,0.6119457614008719,San Antonio Spurs,0,0,1.0
2025-26,0042500403,3,2026-06-08,New York Knicks,San Antonio Spurs,291,2,PT02M59.00S,179.0,1619.0,50.0,54.0,-4.0,4.0,rebound,0.3916456971795614,0.6083543028204386,San Antonio Spurs,0,0,1.0
2025-26,0042500403,3,2026-06-08,New York Knicks,San Antonio Spurs,292,2,PT02M59.00S,179.0,1619.0,50.0,54.0,-4.0,4.0,foul,0.3979138294674099,0.6020861705325902,San Antonio Spurs,0,0,1.0
2025-26,0042500403,3,2026-06-08,New York Knicks,San Antonio Spurs,294,2,PT02M59.00S,179.0,1619.0,50.0,54.0,-4.0,4.0,instant_replay,0.3979030375189368,0.6020969624810631,San Antonio Spurs,0,0,1.0
2025-26,0042500403,3,2026-06-08,New York Knicks,San Antonio Spurs,295,2,PT02M59.00S,179.0,1619.0,51.0,54.0,-3.0,3.0,free_throw,0.4267097599698786,0.5732902400301214,San Antonio Spurs,0,0,1.0
2025-26,0042500403,3,2026-06-08,New York Knicks,San Antonio Spurs,296,2,PT02M59.00S,179.0,1619.0,51.0,54.0,-3.0,3.0,substitution,0.4274627022852926,0.5725372977147074,San Antonio Spurs,0,0,1.0
2025-26,0042500403,3,2026-06-08,New York Knicks,San Antonio Spurs,298,2,PT02M59.00S,179.0,1619.0,52.0,54.0,-2.0,2.0,free_throw,0.4627805716062565,0.5372194283937435,San Antonio Spurs,0,0,1.0
2025-26,0042500403,3,2026-06-08,New York Knicks,San Antonio Spurs,299,2,PT02M48.00S,168.0,1608.0,52.0,54.0,-2.0,2.0,unknown,0.4600408614047448,0.5399591385952551,San Antonio Spurs,0,0,1.0
2025-26,0042500403,3,2026-06-08,New York Knicks,San Antonio Spurs,301,2,PT02M42.00S,162.0,1602.0,54.0,54.0,0.0,0.0,made_shot,0.5336197364045795,0.4663802635954205,New York Knicks,1,0,0.0
2025-26,0042500403,3,2026-06-08,New York Knicks,San Antonio Spurs,302,2,PT02M17.00S,137.0,1577.0,54.0,56.0,-2.0,2.0,made_shot,0.465755960445684,0.534244039554316,San Antonio Spurs,0,0,1.0
2025-26,0042500403,3,2026-06-08,New York Knicks,San Antonio Spurs,303,2,PT01M58.00S,118.0,1558.0,56.0,56.0,0.0,0.0,made_shot,0.5247975047414386,0.4752024952585614,New York Knicks,1,0,0.0
2025-26,0042500403,3,2026-06-08,New York Knicks,San Antonio Spurs,306,2,PT01M36.00S,96.0,1536.0,56.0,56.0,0.0,0.0,foul,0.5352421873682759,0.4647578126317241,New York Knicks,1,0,0.0
2025-26,0042500403,3,2026-06-08,New York Knicks,San Antonio Spurs,308,2,PT01M36.00S,96.0,1536.0,56.0,57.0,-1.0,1.0,free_throw,0.4981733305674588,0.5018266694325412,San Antonio Spurs,0,0,1.0
2025-26,0042500403,3,2026-06-08,New York Knicks,San Antonio Spurs,309,2,PT01M36.00S,96.0,1536.0,56.0,57.0,-1.0,1.0,free_throw,0.4993949100572246,0.5006050899427754,San Antonio Spurs,0,0,1.0
2025-26,0042500403,3,2026-06-08,New York Knicks,San Antonio Spurs,310,2,PT01M35.00S,95.0,1535.0,56.0,57.0,-1.0,1.0,rebound,0.4983033915078574,0.5016966084921426,San Antonio Spurs,0,0,1.0
2025-26,0042500403,3,2026-06-08,New York Knicks,San Antonio Spurs,311,2,PT01M15.00S,75.0,1515.0,59.0,57.0,2.0,2.0,made_shot,0.6079726015265419,0.3920273984734581,New York Knicks,1,0,0.0
2025-26,0042500403,3,2026-06-08,New York Knicks,San Antonio Spurs,313,2,PT00M56.10S,56.1,1496.1,59.0,57.0,2.0,2.0,missed_shot,0.5993496477575099,0.4006503522424901,New York Knicks,1,0,0.0
2025-26,0042500403,3,2026-06-08,New York Knicks,San Antonio Spurs,314,2,PT00M54.50S,54.5,1494.5,59.0,57.0,2.0,2.0,rebound,0.6089986952363486,0.3910013047636513,New York Knicks,1,0,0.0
2025-26,0042500403,3,2026-06-08,New York Knicks,San Antonio Spurs,315,2,PT00M41.00S,41.0,1481.0,62.0,57.0,5.0,5.0,made_shot,0.7096223082585681,0.2903776917414319,New York Knicks,1,0,0.0
2025-26,0042500403,3,2026-06-08,New York Knicks,San Antonio Spurs,317,2,PT00M31.40S,31.4,1471.4,62.0,57.0,5.0,5.0,missed_shot,0.716270600098899,0.283729399901101,New York Knicks,1,0,0.0
2025-26,0042500403,3,2026-06-08,New York Knicks,San Antonio Spurs,318,2,PT00M29.70S,29.7,1469.7,62.0,57.0,5.0,5.0,rebound,0.7103863218698311,0.2896136781301689,New York Knicks,1,0,0.0
2025-26,0042500403,3,2026-06-08,New York Knicks,San Antonio Spurs,319,2,PT00M09.60S,9.6,1449.6,62.0,57.0,5.0,5.0,foul,0.7105807779249883,0.2894192220750117,New York Knicks,1,0,0.0
2025-26,0042500403,3,2026-06-08,New York Knicks,San Antonio Spurs,321,2,PT00M09.60S,9.6,1449.6,63.0,57.0,6.0,6.0,free_throw,0.7405747846833707,0.2594252153166293,New York Knicks,1,0,0.0
2025-26,0042500403,3,2026-06-08,New York Knicks,San Antonio Spurs,322,2,PT00M09.60S,9.6,1449.6,63.0,57.0,6.0,6.0,substitution,0.7411655518384135,0.2588344481615865,New York Knicks,1,0,0.0
2025-26,0042500403,3,2026-06-08,New York Knicks,San Antonio Spurs,323,2,PT00M09.60S,9.6,1449.6,63.0,57.0,6.0,6.0,substitution,0.7411655518384135,0.2588344481615865,New York Knicks,1,0,0.0
2025-26,0042500403,3,2026-06-08,New York Knicks,San Antonio Spurs,324,2,PT00M09.60S,9.6,1449.6,63.0,57.0,6.0,6.0,substitution,0.7411655518384135,0.2588344481615865,New York Knicks,1,0,0.0
2025-26,0042500403,3,2026-06-08,New York Knicks,San Antonio Spurs,325,2,PT00M09.60S,9.6,1449.6,63.0,57.0,6.0,6.0,substitution,0.7411655518384135,0.2588344481615865,New York Knicks,1,0,0.0
2025-26,0042500403,3,2026-06-08,New York Knicks,San Antonio Spurs,330,2,PT00M09.60S,9.6,1449.6,64.0,57.0,7.0,7.0,free_throw,0.768591426530864,0.231408573469136,New York Knicks,1,0,0.0
2025-26,0042500403,3,2026-06-08,New York Knicks,San Antonio Spurs,331,2,PT00M00.30S,0.3,1440.3,64.0,57.0,7.0,7.0,missed_shot,0.7722133699995468,0.2277866300004531,New York Knicks,1,0,0.0
2025-26,0042500403,3,2026-06-08,New York Knicks,San Antonio Spurs,332,2,PT00M00.10S,0.1,1440.1,64.0,57.0,7.0,7.0,rebound,0.7686810800733679,0.2313189199266321,New York Knicks,1,0,0.0
2025-26,0042500403,3,2026-06-08,New York Knicks,San Antonio Spurs,333,2,PT00M00.00S,0.0,1440.0,64.0,57.0,7.0,7.0,end_period,0.7641612170912049,0.2358387829087951,New York Knicks,1,0,0.0
2025-26,0042500403,3,2026-06-08,New York Knicks,San Antonio Spurs,343,3,PT12M00.00S,720.0,1440.0,64.0,57.0,7.0,7.0,start_period,0.7663972961333184,0.2336027038666815,New York Knicks,1,0,0.0
2025-26,0042500403,3,2026-06-08,New York Knicks,San Antonio Spurs,344,3,PT11M47.00S,707.0,1427.0,64.0,57.0,7.0,7.0,turnover,0.7772258123258741,0.2227741876741259,New York Knicks,1,0,0.0
2025-26,0042500403,3,2026-06-08,New York Knicks,San Antonio Spurs,345,3,PT11M33.00S,693.0,1413.0,64.0,59.0,5.0,5.0,made_shot,0.7016670783817017,0.2983329216182983,New York Knicks,1,0,0.0
2025-26,0042500403,3,2026-06-08,New York Knicks,San Antonio Spurs,348,3,PT11M12.00S,672.0,1392.0,64.0,59.0,5.0,5.0,turnover,0.716074722541228,0.283925277458772,New York Knicks,1,0,0.0
2025-26,0042500403,3,2026-06-08,New York Knicks,San Antonio Spurs,349,3,PT10M54.00S,654.0,1374.0,64.0,62.0,2.0,2.0,made_shot,0.607936620693858,0.392063379306142,New York Knicks,1,0,0.0
2025-26,0042500403,3,2026-06-08,New York Knicks,San Antonio Spurs,351,3,PT10M54.00S,654.0,1374.0,64.0,62.0,2.0,2.0,foul,0.6124739417599384,0.3875260582400616,New York Knicks,1,0,0.0
2025-26,0042500403,3,2026-06-08,New York Knicks,San Antonio Spurs,353,3,PT10M54.00S,654.0,1374.0,64.0,62.0,2.0,2.0,instant_replay,0.6132661298275683,0.3867338701724316,New York Knicks,1,0,0.0
2025-26,0042500403,3,2026-06-08,New York Knicks,San Antonio Spurs,354,3,PT10M54.00S,654.0,1374.0,64.0,62.0,2.0,2.0,free_throw,0.6193333691128701,0.3806666308871299,New York Knicks,1,0,0.0
2025-26,0042500403,3,2026-06-08,New York Knicks,San Antonio Spurs,355,3,PT10M54.00S,654.0,1374.0,64.0,62.0,2.0,2.0,rebound,0.6183075583598912,0.3816924416401088,New York Knicks,1,0,0.0
2025-26,0042500403,3,2026-06-08,New York Knicks,San Antonio Spurs,356,3,PT10M54.00S,654.0,1374.0,64.0,63.0,1.0,1.0,free_throw,0.581525257290569,0.4184747427094309,New York Knicks,1,0,0.0
2025-26,0042500403,3,2026-06-08,New York Knicks,San Antonio Spurs,357,3,PT10M45.00S,645.0,1365.0,64.0,63.0,1.0,1.0,missed_shot,0.5720502247236562,0.4279497752763438,New York Knicks,1,0,0.0
2025-26,0042500403,3,2026-06-08,New York Knicks,San Antonio Spurs,358,3,PT10M42.00S,642.0,1362.0,64.0,63.0,1.0,1.0,rebound,0.5716800478597703,0.4283199521402296,New York Knicks,1,0,0.0
2025-26,0042500403,3,2026-06-08,New York Knicks,San Antonio Spurs,359,3,PT10M21.00S,621.0,1341.0,64.0,63.0,1.0,1.0,missed_shot,0.5709816980304766,0.4290183019695234,New York Knicks,1,0,0.0
2025-26,0042500403,3,2026-06-08,New York Knicks,San Antonio Spurs,360,3,PT10M19.00S,619.0,1339.0,64.0,63.0,1.0,1.0,rebound,0.5720451607182464,0.4279548392817536,New York Knicks,1,0,0.0
2025-26,0042500403,3,2026-06-08,New York Knicks,San Antonio Spurs,361,3,PT10M16.00S,616.0,1336.0,66.0,63.0,3.0,3.0,made_shot,0.6493754710062832,0.3506245289937167,New York Knicks,1,0,0.0
2025-26,0042500403,3,2026-06-08,New York Knicks,San Antonio Spurs,362,3,PT10M01.00S,601.0,1321.0,66.0,63.0,3.0,3.0,missed_shot,0.644459395951156,0.355540604048844,New York Knicks,1,0,0.0
2025-26,0042500403,3,2026-06-08,New York Knicks,San Antonio Spurs,363,3,PT09M58.00S,598.0,1318.0,66.0,63.0,3.0,3.0,rebound,0.6441128868642627,0.3558871131357373,New York Knicks,1,0,0.0
2025-26,0042500403,3,2026-06-08,New York Knicks,San Antonio Spurs,364,3,PT09M50.00S,590.0,1310.0,68.0,63.0,5.0,5.0,made_shot,0.7015343052198054,0.2984656947801946,New York Knicks,1,0,0.0
2025-26,0042500403,3,2026-06-08,New York Knicks,San Antonio Spurs,366,3,PT09M34.00S,574.0,1294.0,68.0,63.0,5.0,5.0,foul,0.7101591678036321,0.2898408321963679,New York Knicks,1,0,0.0
2025-26,0042500403,3,2026-06-08,New York Knicks,San Antonio Spurs,368,3,PT09M34.00S,574.0,1294.0,68.0,64.0,4.0,4.0,free_throw,0.6775129153036435,0.3224870846963564,New York Knicks,1,0,0.0
2025-26,0042500403,3,2026-06-08,New York Knicks,San Antonio Spurs,369,3,PT09M34.00S,574.0,1294.0,68.0,65.0,3.0,3.0,free_throw,0.6431904291162915,0.3568095708837084,New York Knicks,1,0,0.0
2025-26,0042500403,3,2026-06-08,New York Knicks,San Antonio Spurs,370,3,PT09M09.00S,549.0,1269.0,68.0,65.0,3.0,3.0,unknown,0.6408653068688451,0.3591346931311548,New York Knicks,1,0,0.0
2025-26,0042500403,3,2026-06-08,New York Knicks,San Antonio Spurs,372,3,PT09M08.00S,548.0,1268.0,68.0,65.0,3.0,3.0,foul,0.643469466498467,0.3565305335015329,New York Knicks,1,0,0.0
2025-26,0042500403,3,2026-06-08,New York Knicks,San Antonio Spurs,374,3,PT09M08.00S,548.0,1268.0,68.0,66.0,2.0,2.0,free_throw,0.6074636070009097,0.3925363929990902,New York Knicks,1,0,0.0
2025-26,0042500403,3,2026-06-08,New York Knicks,San Antonio Spurs,375,3,PT09M08.00S,548.0,1268.0,68.0,67.0,1.0,1.0,free_throw,0.5704129315793093,0.4295870684206907,New York Knicks,1,0,0.0
2025-26,0042500403,3,2026-06-08,New York Knicks,San Antonio Spurs,376,3,PT08M50.00S,530.0,1250.0,68.0,67.0,1.0,1.0,foul,0.5736990804650737,0.4263009195349263,New York Knicks,1,0,0.0
2025-26,0042500403,3,2026-06-08,New York Knicks,San Antonio Spurs,378,3,PT08M36.00S,516.0,1236.0,68.0,67.0,1.0,1.0,missed_shot,0.5713118631711364,0.4286881368288636,New York Knicks,1,0,0.0
2025-26,0042500403,3,2026-06-08,New York Knicks,San Antonio Spurs,379,3,PT08M33.00S,513.0,1233.0,68.0,67.0,1.0,1.0,rebound,0.5709415266596599,0.4290584733403401,New York Knicks,1,0,0.0
2025-26,0042500403,3,2026-06-08,New York Knicks,San Antonio Spurs,380,3,PT08M29.00S,509.0,1229.0,68.0,67.0,1.0,1.0,unknown,0.5681548681838609,0.4318451318161391,New York Knicks,1,0,0.0
2025-26,0042500403,3,2026-06-08,New York Knicks,San Antonio Spurs,381,3,PT08M28.00S,508.0,1228.0,68.0,67.0,1.0,1.0,rebound,0.5710209398384436,0.4289790601615564,New York Knicks,1,0,0.0
2025-26,0042500403,3,2026-06-08,New York Knicks,San Antonio Spurs,385,3,PT08M21.00S,501.0,1221.0,68.0,67.0,1.0,1.0,missed_shot,0.5715500404151646,0.4284499595848354,New York Knicks,1,0,0.0
2025-26,0042500403,3,2026-06-08,New York Knicks,San Antonio Spurs,386,3,PT08M19.00S,499.0,1219.0,68.0,67.0,1.0,1.0,rebound,0.5711638743426488,0.4288361256573512,New York Knicks,1,0,0.0
2025-26,0042500403,3,2026-06-08,New York Knicks,San Antonio Spurs,388,3,PT08M10.00S,490.0,1210.0,70.0,67.0,3.0,3.0,made_shot,0.6424637694414586,0.3575362305585414,New York Knicks,1,0,0.0
2025-26,0042500403,3,2026-06-08,New York Knicks,San Antonio Spurs,389,3,PT08M10.00S,490.0,1210.0,70.0,67.0,3.0,3.0,foul,0.6430267645751409,0.3569732354248591,New York Knicks,1,0,0.0
2025-26,0042500403,3,2026-06-08,New York Knicks,San Antonio Spurs,391,3,PT08M10.00S,490.0,1210.0,71.0,67.0,4.0,4.0,free_throw,0.6818546011828223,0.3181453988171777,New York Knicks,1,0,0.0
2025-26,0042500403,3,2026-06-08,New York Knicks,San Antonio Spurs,392,3,PT07M58.00S,478.0,1198.0,71.0,69.0,2.0,2.0,made_shot,0.6059081696434542,0.3940918303565458,New York Knicks,1,0,0.0
2025-26,0042500403,3,2026-06-08,New York Knicks,San Antonio Spurs,394,3,PT07M43.00S,463.0,1183.0,71.0,69.0,2.0,2.0,foul,0.6097979986277806,0.3902020013722194,New York Knicks,1,0,0.0
2025-26,0042500403,3,2026-06-08,New York Knicks,San Antonio Spurs,396,3,PT07M43.00S,463.0,1183.0,71.0,69.0,2.0,2.0,substitution,0.6074764368084689,0.3925235631915311,New York Knicks,1,0,0.0
2025-26,0042500403,3,2026-06-08,New York Knicks,San Antonio Spurs,397,3,PT07M43.00S,463.0,1183.0,71.0,69.0,2.0,2.0,substitution,0.6074764368084689,0.3925235631915311,New York Knicks,1,0,0.0
2025-26,0042500403,3,2026-06-08,New York Knicks,San Antonio Spurs,400,3,PT07M34.00S,454.0,1174.0,71.0,69.0,2.0,2.0,missed_shot,0.6059848301917631,0.3940151698082369,New York Knicks,1,0,0.0
2025-26,0042500403,3,2026-06-08,New York Knicks,San Antonio Spurs,401,3,PT07M32.00S,452.0,1172.0,71.0,69.0,2.0,2.0,rebound,0.6070212434359239,0.3929787565640761,New York Knicks,1,0,0.0
2025-26,0042500403,3,2026-06-08,New York Knicks,San Antonio Spurs,402,3,PT07M26.00S,446.0,1166.0,71.0,72.0,-1.0,1.0,made_shot,0.4899210224805571,0.5100789775194429,San Antonio Spurs,0,0,1.0
2025-26,0042500403,3,2026-06-08,New York Knicks,San Antonio Spurs,405,3,PT07M11.00S,431.0,1151.0,73.0,72.0,1.0,1.0,made_shot,0.572443355698636,0.427556644301364,New York Knicks,1,0,0.0
2025-26,0042500403,3,2026-06-08,New York Knicks,San Antonio Spurs,406,3,PT07M00.00S,420.0,1140.0,73.0,72.0,1.0,1.0,foul,0.5688452354390217,0.4311547645609783,New York Knicks,1,0,0.0
2025-26,0042500403,3,2026-06-08,New York Knicks,San Antonio Spurs,408,3,PT07M00.00S,420.0,1140.0,73.0,72.0,1.0,1.0,free_throw,0.5698803203262488,0.4301196796737512,New York Knicks,1,0,0.0
2025-26,0042500403,3,2026-06-08,New York Knicks,San Antonio Spurs,409,3,PT07M00.00S,420.0,1140.0,73.0,72.0,1.0,1.0,rebound,0.578896463493316,0.421103536506684,New York Knicks,1,0,0.0
2025-26,0042500403,3,2026-06-08,New York Knicks,San Antonio Spurs,410,3,PT07M00.00S,420.0,1140.0,73.0,72.0,1.0,1.0,free_throw,0.5700193515295731,0.4299806484704269,New York Knicks,1,0,0.0
2025-26,0042500403,3,2026-06-08,New York Knicks,San Antonio Spurs,411,3,PT06M58.00S,418.0,1138.0,73.0,72.0,1.0,1.0,rebound,0.5689648079364373,0.4310351920635626,New York Knicks,1,0,0.0
2025-26,0042500403,3,2026-06-08,New York Knicks,San Antonio Spurs,412,3,PT06M41.00S,401.0,1121.0,76.0,72.0,4.0,4.0,made_shot,0.6744323179012565,0.3255676820987435,New York Knicks,1,0,0.0
2025-26,0042500403,3,2026-06-08,New York Knicks,San Antonio Spurs,414,3,PT06M30.00S,390.0,1110.0,76.0,72.0,4.0,4.0,missed_shot,0.6728660733590394,0.3271339266409606,New York Knicks,1,0,0.0
2025-26,0042500403,3,2026-06-08,New York Knicks,San Antonio Spurs,415,3,PT06M27.00S,387.0,1107.0,76.0,72.0,4.0,4.0,rebound,0.6752849351645408,0.3247150648354592,New York Knicks,1,0,0.0
2025-26,0042500403,3,2026-06-08,New York Knicks,San Antonio Spurs,416,3,PT06M21.00S,381.0,1101.0,76.0,72.0,4.0,4.0,turnover,0.6805082831002073,0.3194917168997927,New York Knicks,1,0,0.0
2025-26,0042500403,3,2026-06-08,New York Knicks,San Antonio Spurs,417,3,PT06M21.00S,381.0,1101.0,76.0,72.0,4.0,4.0,timeout,0.6733681862673424,0.3266318137326576,New York Knicks,1,0,0.0
2025-26,0042500403,3,2026-06-08,New York Knicks,San Antonio Spurs,418,3,PT06M21.00S,381.0,1101.0,76.0,72.0,4.0,4.0,substitution,0.6759447843844363,0.3240552156155637,New York Knicks,1,0,0.0
2025-26,0042500403,3,2026-06-08,New York Knicks,San Antonio Spurs,419,3,PT06M21.00S,381.0,1101.0,76.0,72.0,4.0,4.0,substitution,0.6759447843844363,0.3240552156155637,New York Knicks,1,0,0.0
2025-26,0042500403,3,2026-06-08,New York Knicks,San Antonio Spurs,422,3,PT06M09.00S,369.0,1089.0,76.0,72.0,4.0,4.0,missed_shot,0.665096656090937,0.3349033439090629,New York Knicks,1,0,0.0
2025-26,0042500403,3,2026-06-08,New York Knicks,San Antonio Spurs,423,3,PT06M07.00S,367.0,1087.0,76.0,72.0,4.0,4.0,rebound,0.6755692144287552,0.3244307855712448,New York Knicks,1,0,0.0
2025-26,0042500403,3,2026-06-08,New York Knicks,San Antonio Spurs,424,3,PT06M07.00S,367.0,1087.0,76.0,74.0,2.0,2.0,made_shot,0.6176579511247287,0.3823420488752713,New York Knicks,1,0,0.0
2025-26,0042500403,3,2026-06-08,New York Knicks,San Antonio Spurs,426,3,PT05M50.00S,350.0,1070.0,76.0,74.0,2.0,2.0,missed_shot,0.6056520704600789,0.3943479295399211,New York Knicks,1,0,0.0
2025-26,0042500403,3,2026-06-08,New York Knicks,San Antonio Spurs,427,3,PT05M48.00S,348.0,1068.0,76.0,74.0,2.0,2.0,rebound,0.6052352059739776,0.3947647940260224,New York Knicks,1,0,0.0
2025-26,0042500403,3,2026-06-08,New York Knicks,San Antonio Spurs,428,3,PT05M38.00S,338.0,1058.0,76.0,76.0,0.0,0.0,made_shot,0.5411807654450469,0.4588192345549531,New York Knicks,1,0,0.0
2025-26,0042500403,3,2026-06-08,New York Knicks,San Antonio Spurs,430,3,PT05M12.00S,312.0,1032.0,76.0,76.0,0.0,0.0,missed_shot,0.5377179887761928,0.4622820112238072,New York Knicks,1,0,0.0
2025-26,0042500403,3,2026-06-08,New York Knicks,San Antonio Spurs,431,3,PT05M10.00S,310.0,1030.0,76.0,76.0,0.0,0.0,rebound,0.5305624901735913,0.4694375098264087,New York Knicks,1,0,0.0
2025-26,0042500403,3,2026-06-08,New York Knicks,San Antonio Spurs,432,3,PT05M02.00S,302.0,1022.0,76.0,79.0,-3.0,3.0,made_shot,0.4193863659441936,0.5806136340558063,San Antonio Spurs,0,0,1.0
2025-26,0042500403,3,2026-06-08,New York Knicks,San Antonio Spurs,434,3,PT04M52.00S,292.0,1012.0,76.0,79.0,-3.0,3.0,missed_shot,0.4207264808770113,0.5792735191229887,San Antonio Spurs,0,0,1.0
2025-26,0042500403,3,2026-06-08,New York Knicks,San Antonio Spurs,435,3,PT04M49.00S,289.0,1009.0,76.0,79.0,-3.0,3.0,rebound,0.4203170370686835,0.5796829629313165,San Antonio Spurs,0,0,1.0
2025-26,0042500403,3,2026-06-08,New York Knicks,San Antonio Spurs,436,3,PT04M47.00S,287.0,1007.0,76.0,79.0,-3.0,3.0,missed_shot,0.4251622643085882,0.5748377356914118,San Antonio Spurs,0,0,1.0
2025-26,0042500403,3,2026-06-08,New York Knicks,San Antonio Spurs,437,3,PT04M45.00S,285.0,1005.0,76.0,79.0,-3.0,3.0,rebound,0.4203802289008298,0.5796197710991702,San Antonio Spurs,0,0,1.0
2025-26,0042500403,3,2026-06-08,New York Knicks,San Antonio Spurs,438,3,PT04M38.00S,278.0,998.0,76.0,79.0,-3.0,3.0,missed_shot,0.4194645458649182,0.5805354541350818,San Antonio Spurs,0,0,1.0
2025-26,0042500403,3,2026-06-08,New York Knicks,San Antonio Spurs,439,3,PT04M37.00S,277.0,997.0,76.0,79.0,-3.0,3.0,rebound,0.4205066203925232,0.5794933796074768,San Antonio Spurs,0,0,1.0
2025-26,0042500403,3,2026-06-08,New York Knicks,San Antonio Spurs,440,3,PT04M37.00S,277.0,997.0,78.0,79.0,-1.0,1.0,made_shot,0.5059908365007109,0.4940091634992891,New York Knicks,1,0,0.0
2025-26,0042500403,3,2026-06-08,New York Knicks,San Antonio Spurs,441,3,PT04M29.00S,269.0,989.0,78.0,79.0,-1.0,1.0,foul,0.495831915595058,0.504168084404942,San Antonio Spurs,0,0,1.0
2025-26,0042500403,3,2026-06-08,New York Knicks,San Antonio Spurs,443,3,PT04M29.00S,269.0,989.0,78.0,80.0,-2.0,2.0,free_throw,0.4556398493566072,0.5443601506433928,San Antonio Spurs,0,0,1.0
2025-26,0042500403,3,2026-06-08,New York Knicks,San Antonio Spurs,444,3,PT04M29.00S,269.0,989.0,78.0,80.0,-2.0,2.0,substitution,0.4564031997543291,0.5435968002456709,San Antonio Spurs,0,0,1.0
2025-26,0042500403,3,2026-06-08,New York Knicks,San Antonio Spurs,445,3,PT04M29.00S,269.0,989.0,78.0,80.0,-2.0,2.0,substitution,0.4564031997543291,0.5435968002456709,San Antonio Spurs,0,0,1.0
2025-26,0042500403,3,2026-06-08,New York Knicks,San Antonio Spurs,446,3,PT04M29.00S,269.0,989.0,78.0,80.0,-2.0,2.0,substitution,0.4564031997543291,0.5435968002456709,San Antonio Spurs,0,0,1.0
2025-26,0042500403,3,2026-06-08,New York Knicks,San Antonio Spurs,447,3,PT04M29.00S,269.0,989.0,78.0,80.0,-2.0,2.0,substitution,0.4564031997543291,0.5435968002456709,San Antonio Spurs,0,0,1.0
2025-26,0042500403,3,2026-06-08,New York Knicks,San Antonio Spurs,452,3,PT04M29.00S,269.0,989.0,78.0,81.0,-3.0,3.0,free_throw,0.4192742885017034,0.5807257114982965,San Antonio Spurs,0,0,1.0
2025-26,0042500403,3,2026-06-08,New York Knicks,San Antonio Spurs,453,3,PT04M14.00S,254.0,974.0,78.0,81.0,-3.0,3.0,foul,0.4224987062032787,0.5775012937967213,San Antonio Spurs,0,0,1.0
2025-26,0042500403,3,2026-06-08,New York Knicks,San Antonio Spurs,455,3,PT04M14.00S,254.0,974.0,78.0,81.0,-3.0,3.0,substitution,0.4201224668086881,0.5798775331913119,San Antonio Spurs,0,0,1.0
2025-26,0042500403,3,2026-06-08,New York Knicks,San Antonio Spurs,457,3,PT04M01.00S,241.0,961.0,78.0,81.0,-3.0,3.0,missed_shot,0.4186634187899274,0.5813365812100726,San Antonio Spurs,0,0,1.0
2025-26,0042500403,3,2026-06-08,New York Knicks,San Antonio Spurs,458,3,PT04M00.00S,240.0,960.0,78.0,81.0,-3.0,3.0,rebound,0.4197049419456342,0.5802950580543658,San Antonio Spurs,0,0,1.0
2025-26,0042500403,3,2026-06-08,New York Knicks,San Antonio Spurs,459,3,PT04M00.00S,240.0,960.0,80.0,81.0,-1.0,1.0,made_shot,0.5051682554461949,0.4948317445538051,New York Knicks,1,0,0.0
2025-26,0042500403,3,2026-06-08,New York Knicks,San Antonio Spurs,460,3,PT03M40.00S,220.0,940.0,80.0,81.0,-1.0,1.0,foul,0.4952037941616509,0.504796205838349,San Antonio Spurs,0,0,1.0
2025-26,0042500403,3,2026-06-08,New York Knicks,San Antonio Spurs,462,3,PT03M40.00S,220.0,940.0,80.0,82.0,-2.0,2.0,free_throw,0.4550166916737378,0.5449833083262622,San Antonio Spurs,0,0,1.0
2025-26,0042500403,3,2026-06-08,New York Knicks,San Antonio Spurs,463,3,PT03M40.00S,220.0,940.0,80.0,82.0,-2.0,2.0,substitution,0.4557798721880746,0.5442201278119254,San Antonio Spurs,0,0,1.0
2025-26,0042500403,3,2026-06-08,New York Knicks,San Antonio Spurs,465,3,PT03M40.00S,220.0,940.0,80.0,82.0,-2.0,2.0,free_throw,0.4562286554600502,0.5437713445399498,San Antonio Spurs,0,0,1.0
2025-26,0042500403,3,2026-06-08,New York Knicks,San Antonio Spurs,466,3,PT03M37.00S,217.0,937.0,80.0,82.0,-2.0,2.0,rebound,0.455177862429382,0.5448221375706179,San Antonio Spurs,0,0,1.0
2025-26,0042500403,3,2026-06-08,New York Knicks,San Antonio Spurs,467,3,PT03M31.00S,211.0,931.0,80.0,82.0,-2.0,2.0,foul,0.4583432990400869,0.541656700959913,San Antonio Spurs,0,0,1.0
2025-26,0042500403,3,2026-06-08,New York Knicks,San Antonio Spurs,469,3,PT03M31.00S,211.0,931.0,81.0,82.0,-1.0,1.0,free_throw,0.4914332587585875,0.5085667412414124,San Antonio Spurs,0,0,1.0
2025-26,0042500403,3,2026-06-08,New York Knicks,San Antonio Spurs,470,3,PT03M31.00S,211.0,931.0,81.0,82.0,-1.0,1.0,free_throw,0.4926545361680562,0.5073454638319437,San Antonio Spurs,0,0,1.0
2025-26,0042500403,3,2026-06-08,New York Knicks,San Antonio Spurs,471,3,PT03M28.00S,208.0,928.0,81.0,82.0,-1.0,1.0,rebound,0.4915956931305845,0.5084043068694155,San Antonio Spurs,0,0,1.0
2025-26,0042500403,3,2026-06-08,New York Knicks,San Antonio Spurs,472,3,PT03M19.00S,199.0,919.0,81.0,84.0,-3.0,3.0,made_shot,0.4243591478675143,0.5756408521324857,San Antonio Spurs,0,0,1.0
2025-26,0042500403,3,2026-06-08,New York Knicks,San Antonio Spurs,473,3,PT03M03.00S,183.0,903.0,81.0,84.0,-3.0,3.0,missed_shot,0.4175019528584741,0.582498047141526,San Antonio Spurs,0,0,1.0
2025-26,0042500403,3,2026-06-08,New York Knicks,San Antonio Spurs,474,3,PT03M01.00S,181.0,901.0,81.0,84.0,-3.0,3.0,rebound,0.4185584460558935,0.5814415539441065,San Antonio Spurs,0,0,1.0
2025-26,0042500403,3,2026-06-08,New York Knicks,San Antonio Spurs,475,3,PT02M53.00S,173.0,893.0,81.0,84.0,-3.0,3.0,unknown,0.41585777927322,0.5841422207267799,San Antonio Spurs,0,0,1.0
2025-26,0042500403,3,2026-06-08,New York Knicks,San Antonio Spurs,477,3,PT02M47.00S,167.0,887.0,81.0,84.0,-3.0,3.0,missed_shot,0.4225706892552996,0.5774293107447004,San Antonio Spurs,0,0,1.0
2025-26,0042500403,3,2026-06-08,New York Knicks,San Antonio Spurs,478,3,PT02M45.00S,165.0,885.0,81.0,84.0,-3.0,3.0,rebound,0.4188109355234739,0.5811890644765261,San Antonio Spurs,0,0,1.0
2025-26,0042500403,3,2026-06-08,New York Knicks,San Antonio Spurs,479,3,PT02M36.00S,156.0,876.0,81.0,84.0,-3.0,3.0,missed_shot,0.4260008063534179,0.573999193646582,San Antonio Spurs,0,0,1.0
2025-26,0042500403,3,2026-06-08,New York Knicks,San Antonio Spurs,480,3,PT02M35.00S,155.0,875.0,81.0,84.0,-3.0,3.0,rebound,0.4189687630487255,0.5810312369512745,San Antonio Spurs,0,0,1.0
2025-26,0042500403,3,2026-06-08,New York Knicks,San Antonio Spurs,481,3,PT02M33.00S,153.0,873.0,81.0,84.0,-3.0,3.0,foul,0.4220142077593545,0.5779857922406455,San Antonio Spurs,0,0,1.0
2025-26,0042500403,3,2026-06-08,New York Knicks,San Antonio Spurs,483,3,PT02M33.00S,153.0,873.0,81.0,84.0,-3.0,3.0,timeout,0.4167825499184993,0.5832174500815007,San Antonio Spurs,0,0,1.0
2025-26,0042500403,3,2026-06-08,New York Knicks,San Antonio Spurs,484,3,PT02M35.00S,155.0,875.0,81.0,84.0,-3.0,3.0,missed_shot,0.4332018068410715,0.5667981931589284,San Antonio Spurs,0,0,1.0
2025-26,0042500403,3,2026-06-08,New York Knicks,San Antonio Spurs,485,3,PT02M34.00S,154.0,874.0,81.0,84.0,-3.0,3.0,rebound,0.4189845467139235,0.5810154532860765,San Antonio Spurs,0,0,1.0
2025-26,0042500403,3,2026-06-08,New York Knicks,San Antonio Spurs,486,3,PT02M33.00S,153.0,873.0,81.0,84.0,-3.0,3.0,substitution,0.41963871323982,0.58036128676018,San Antonio Spurs,0,0,1.0
2025-26,0042500403,3,2026-06-08,New York Knicks,San Antonio Spurs,487,3,PT02M33.00S,153.0,873.0,81.0,84.0,-3.0,3.0,substitution,0.41963871323982,0.58036128676018,San Antonio Spurs,0,0,1.0
2025-26,0042500403,3,2026-06-08,New York Knicks,San Antonio Spurs,490,3,PT02M33.00S,153.0,873.0,81.0,85.0,-4.0,4.0,free_throw,0.3832571570907055,0.6167428429092945,San Antonio Spurs,0,0,1.0
2025-26,0042500403,3,2026-06-08,New York Knicks,San Antonio Spurs,491,3,PT02M33.00S,153.0,873.0,81.0,86.0,-5.0,5.0,free_throw,0.3489652215504037,0.6510347784495962,San Antonio Spurs,0,0,1.0
2025-26,0042500403,3,2026-06-08,New York Knicks,San Antonio Spurs,492,3,PT02M14.00S,134.0,854.0,84.0,86.0,-2.0,2.0,made_shot,0.4529528270678841,0.5470471729321159,San Antonio Spurs,0,0,1.0
2025-26,0042500403,3,2026-06-08,New York Knicks,San Antonio Spurs,494,3,PT01M51.00S,111.0,831.0,84.0,89.0,-5.0,5.0,made_shot,0.3469457003428128,0.6530542996571871,San Antonio Spurs,0,0,1.0
2025-26,0042500403,3,2026-06-08,New York Knicks,San Antonio Spurs,496,3,PT01M30.00S,90.0,810.0,84.0,89.0,-5.0,5.0,missed_shot,0.3469743728750654,0.6530256271249346,San Antonio Spurs,0,0,1.0
2025-26,0042500403,3,2026-06-08,New York Knicks,San Antonio Spurs,497,3,PT01M28.00S,88.0,808.0,84.0,89.0,-5.0,5.0,rebound,0.3479590059674572,0.6520409940325427,San Antonio Spurs,0,0,1.0
2025-26,0042500403,3,2026-06-08,New York Knicks,San Antonio Spurs,498,3,PT01M28.00S,88.0,808.0,86.0,89.0,-3.0,3.0,made_shot,0.4151121470793502,0.5848878529206498,San Antonio Spurs,0,0,1.0
2025-26,0042500403,3,2026-06-08,New York Knicks,San Antonio Spurs,499,3,PT01M15.00S,75.0,795.0,86.0,89.0,-3.0,3.0,missed_shot,0.4171852531128387,0.5828147468871612,San Antonio Spurs,0,0,1.0
2025-26,0042500403,3,2026-06-08,New York Knicks,San Antonio Spurs,500,3,PT01M12.00S,72.0,792.0,86.0,89.0,-3.0,3.0,rebound,0.416817683076493,0.5831823169235071,San Antonio Spurs,0,0,1.0
2025-26,0042500403,3,2026-06-08,New York Knicks,San Antonio Spurs,501,3,PT00M49.40S,49.4,769.4,89.0,89.0,0.0,0.0,made_shot,0.5293056368035265,0.4706943631964735,New York Knicks,1,0,0.0
2025-26,0042500403,3,2026-06-08,New York Knicks,San Antonio Spurs,502,3,PT00M33.50S,33.5,753.5,89.0,92.0,-3.0,3.0,made_shot,0.4190076939252299,0.5809923060747701,San Antonio Spurs,0,0,1.0
2025-26,0042500403,3,2026-06-08,New York Knicks,San Antonio Spurs,503,3,PT00M14.90S,14.9,734.9,91.0,92.0,-1.0,1.0,made_shot,0.4869133453489178,0.5130866546510822,San Antonio Spurs,0,0,1.0
2025-26,0042500403,3,2026-06-08,New York Knicks,San Antonio Spurs,504,3,PT00M02.50S,2.5,722.5,91.0,92.0,-1.0,1.0,missed_shot,0.4882846039364398,0.5117153960635601,San Antonio Spurs,0,0,1.0
2025-26,0042500403,3,2026-06-08,New York Knicks,San Antonio Spurs,505,3,PT00M00.20S,0.2,720.2,91.0,92.0,-1.0,1.0,rebound,0.4878534455907399,0.51214655440926,San Antonio Spurs,0,0,1.0
2025-26,0042500403,3,2026-06-08,New York Knicks,San Antonio Spurs,506,3,PT00M00.00S,0.0,720.0,91.0,92.0,-1.0,1.0,end_period,0.4815489425802799,0.5184510574197201,San Antonio Spurs,0,0,1.0
2025-26,0042500403,3,2026-06-08,New York Knicks,San Antonio Spurs,513,4,PT12M00.00S,720.0,720.0,91.0,92.0,-1.0,1.0,start_period,0.4846575127572224,0.5153424872427775,San Antonio Spurs,0,0,1.0
2025-26,0042500403,3,2026-06-08,New York Knicks,San Antonio Spurs,514,4,PT11M45.00S,705.0,705.0,91.0,92.0,-1.0,1.0,foul,0.4924228777175896,0.5075771222824104,San Antonio Spurs,0,0,1.0
2025-26,0042500403,3,2026-06-08,New York Knicks,San Antonio Spurs,516,4,PT11M36.00S,696.0,696.0,91.0,92.0,-1.0,1.0,missed_shot,0.4899041239412154,0.5100958760587846,San Antonio Spurs,0,0,1.0
2025-26,0042500403,3,2026-06-08,New York Knicks,San Antonio Spurs,517,4,PT11M35.00S,695.0,695.0,91.0,92.0,-1.0,1.0,rebound,0.4894938940878358,0.5105061059121643,San Antonio Spurs,0,0,1.0
2025-26,0042500403,3,2026-06-08,New York Knicks,San Antonio Spurs,518,4,PT11M35.00S,695.0,695.0,91.0,92.0,-1.0,1.0,foul,0.49605111640683,0.50394888359317,San Antonio Spurs,0,0,1.0
2025-26,0042500403,3,2026-06-08,New York Knicks,San Antonio Spurs,520,4,PT11M30.00S,690.0,690.0,91.0,94.0,-3.0,3.0,made_shot,0.4089770456714665,0.5910229543285335,San Antonio Spurs,0,0,1.0
2025-26,0042500403,3,2026-06-08,New York Knicks,San Antonio Spurs,522,4,PT11M19.00S,679.0,679.0,91.0,94.0,-3.0,3.0,missed_shot,0.4167954021289009,0.5832045978710991,San Antonio Spurs,0,0,1.0
2025-26,0042500403,3,2026-06-08,New York Knicks,San Antonio Spurs,523,4,PT11M16.00S,676.0,676.0,91.0,94.0,-3.0,3.0,rebound,0.4163870340612234,0.5836129659387765,San Antonio Spurs,0,0,1.0
2025-26,0042500403,3,2026-06-08,New York Knicks,San Antonio Spurs,525,4,PT11M03.00S,663.0,663.0,91.0,94.0,-3.0,3.0,missed_shot,0.4218825954215007,0.5781174045784992,San Antonio Spurs,0,0,1.0
2025-26,0042500403,3,2026-06-08,New York Knicks,San Antonio Spurs,526,4,PT11M00.00S,660.0,660.0,91.0,94.0,-3.0,3.0,rebound,0.4166391522613675,0.5833608477386325,San Antonio Spurs,0,0,1.0
2025-26,0042500403,3,2026-06-08,New York Knicks,San Antonio Spurs,527,4,PT10M56.00S,656.0,656.0,91.0,94.0,-3.0,3.0,foul,0.4166152056285274,0.5833847943714726,San Antonio Spurs,0,0,1.0
2025-26,0042500403,3,2026-06-08,New York Knicks,San Antonio Spurs,529,4,PT10M56.00S,656.0,656.0,91.0,95.0,-4.0,4.0,free_throw,0.3810264915054063,0.6189735084945936,San Antonio Spurs,0,0,1.0
2025-26,0042500403,3,2026-06-08,New York Knicks,San Antonio Spurs,530,4,PT10M56.00S,656.0,656.0,91.0,96.0,-5.0,5.0,free_throw,0.3468219071186347,0.6531780928813653,San Antonio Spurs,0,0,1.0
2025-26,0042500403,3,2026-06-08,New York Knicks,San Antonio Spurs,531,4,PT10M40.00S,640.0,640.0,91.0,96.0,-5.0,5.0,unknown,0.3444018770416867,0.6555981229583132,San Antonio Spurs,0,0,1.0
2025-26,0042500403,3,2026-06-08,New York Knicks,San Antonio Spurs,534,4,PT10M36.00S,636.0,636.0,91.0,96.0,-5.0,5.0,substitution,0.3476847716948303,0.6523152283051696,San Antonio Spurs,0,0,1.0
2025-26,0042500403,3,2026-06-08,New York Knicks,San Antonio Spurs,537,4,PT10M19.00S,619.0,619.0,91.0,96.0,-5.0,5.0,missed_shot,0.3477653306230507,0.6522346693769493,San Antonio Spurs,0,0,1.0
2025-26,0042500403,3,2026-06-08,New York Knicks,San Antonio Spurs,538,4,PT10M16.00S,616.0,616.0,91.0,96.0,-5.0,5.0,rebound,0.3473843106707657,0.6526156893292343,San Antonio Spurs,0,0,1.0
2025-26,0042500403,3,2026-06-08,New York Knicks,San Antonio Spurs,539,4,PT10M13.00S,613.0,613.0,91.0,96.0,-5.0,5.0,unknown,0.3447972524297301,0.6552027475702699,San Antonio Spurs,0,0,1.0
2025-26,0042500403,3,2026-06-08,New York Knicks,San Antonio Spurs,541,4,PT10M10.00S,610.0,610.0,91.0,96.0,-5.0,5.0,rebound,0.3474725107942689,0.6525274892057311,San Antonio Spurs,0,0,1.0
2025-26,0042500403,3,2026-06-08,New York Knicks,San Antonio Spurs,542,4,PT09M50.00S,590.0,590.0,91.0,96.0,-5.0,5.0,missed_shot,0.3481919463079562,0.6518080536920438,San Antonio Spurs,0,0,1.0
2025-26,0042500403,3,2026-06-08,New York Knicks,San Antonio Spurs,543,4,PT09M47.00S,587.0,587.0,91.0,96.0,-5.0,5.0,rebound,0.3478107081966353,0.6521892918033647,San Antonio Spurs,0,0,1.0
2025-26,0042500403,3,2026-06-08,New York Knicks,San Antonio Spurs,544,4,PT09M36.00S,576.0,576.0,91.0,96.0,-5.0,5.0,missed_shot,0.3483597826625029,0.6516402173374971,San Antonio Spurs,0,0,1.0
2025-26,0042500403,3,2026-06-08,New York Knicks,San Antonio Spurs,545,4,PT09M34.00S,574.0,574.0,91.0,96.0,-5.0,5.0,rebound,0.3480019311871961,0.6519980688128039,San Antonio Spurs,0,0,1.0
2025-26,0042500403,3,2026-06-08,New York Knicks,San Antonio Spurs,546,4,PT09M27.00S,567.0,567.0,91.0,96.0,-5.0,5.0,missed_shot,0.3484922599026192,0.6515077400973808,San Antonio Spurs,0,0,1.0
2025-26,0042500403,3,2026-06-08,New York Knicks,San Antonio Spurs,547,4,PT09M24.00S,564.0,564.0,91.0,96.0,-5.0,5.0,rebound,0.3481490591438125,0.6518509408561874,San Antonio Spurs,0,0,1.0
2025-26,0042500403,3,2026-06-08,New York Knicks,San Antonio Spurs,548,4,PT09M18.00S,558.0,558.0,91.0,96.0,-5.0,5.0,foul,0.3510497736235086,0.6489502263764915,San Antonio Spurs,0,0,1.0
2025-26,0042500403,3,2026-06-08,New York Knicks,San Antonio Spurs,550,4,PT09M18.00S,558.0,558.0,91.0,96.0,-5.0,5.0,substitution,0.3488326503587736,0.6511673496412264,San Antonio Spurs,0,0,1.0
2025-26,0042500403,3,2026-06-08,New York Knicks,San Antonio Spurs,551,4,PT09M18.00S,558.0,558.0,91.0,96.0,-5.0,5.0,substitution,0.3488326503587736,0.6511673496412264,San Antonio Spurs,0,0,1.0
2025-26,0042500403,3,2026-06-08,New York Knicks,San Antonio Spurs,552,4,PT09M18.00S,558.0,558.0,91.0,96.0,-5.0,5.0,substitution,0.3488326503587736,0.6511673496412264,San Antonio Spurs,0,0,1.0
2025-26,0042500403,3,2026-06-08,New York Knicks,San Antonio Spurs,553,4,PT09M18.00S,558.0,558.0,91.0,96.0,-5.0,5.0,substitution,0.3488326503587736,0.6511673496412264,San Antonio Spurs,0,0,1.0
2025-26,0042500403,3,2026-06-08,New York Knicks,San Antonio Spurs,558,4,PT09M09.00S,549.0,549.0,91.0,96.0,-5.0,5.0,missed_shot,0.3474140280565029,0.6525859719434971,San Antonio Spurs,0,0,1.0
2025-26,0042500403,3,2026-06-08,New York Knicks,San Antonio Spurs,559,4,PT09M07.00S,547.0,547.0,91.0,96.0,-5.0,5.0,rebound,0.3483992431536252,0.6516007568463749,San Antonio Spurs,0,0,1.0
2025-26,0042500403,3,2026-06-08,New York Knicks,San Antonio Spurs,560,4,PT08M58.00S,538.0,538.0,91.0,96.0,-5.0,5.0,missed_shot,0.3489575220587623,0.6510424779412376,San Antonio Spurs,0,0,1.0
2025-26,0042500403,3,2026-06-08,New York Knicks,San Antonio Spurs,561,4,PT08M55.00S,535.0,535.0,91.0,96.0,-5.0,5.0,rebound,0.3485758939863355,0.6514241060136645,San Antonio Spurs,0,0,1.0
2025-26,0042500403,3,2026-06-08,New York Knicks,San Antonio Spurs,562,4,PT08M44.00S,524.0,524.0,91.0,98.0,-7.0,7.0,made_shot,0.2742105762195717,0.7257894237804283,San Antonio Spurs,0,0,1.0
2025-26,0042500403,3,2026-06-08,New York Knicks,San Antonio Spurs,564,4,PT08M31.00S,511.0,511.0,91.0,98.0,-7.0,7.0,missed_shot,0.2767143660255813,0.7232856339744187,San Antonio Spurs,0,0,1.0
2025-26,0042500403,3,2026-06-08,New York Knicks,San Antonio Spurs,565,4,PT08M30.00S,510.0,510.0,91.0,98.0,-7.0,7.0,rebound,0.2848543724751746,0.7151456275248254,San Antonio Spurs,0,0,1.0
2025-26,0042500403,3,2026-06-08,New York Knicks,San Antonio Spurs,566,4,PT08M30.00S,510.0,510.0,93.0,98.0,-5.0,5.0,made_shot,0.3598881557388869,0.6401118442611131,San Antonio Spurs,0,0,1.0
2025-26,0042500403,3,2026-06-08,New York Knicks,San Antonio Spurs,567,4,PT08M11.00S,491.0,491.0,93.0,98.0,-5.0,5.0,missed_shot,0.3483192524959882,0.6516807475040118,San Antonio Spurs,0,0,1.0
2025-26,0042500403,3,2026-06-08,New York Knicks,San Antonio Spurs,568,4,PT08M10.00S,490.0,490.0,93.0,98.0,-5.0,5.0,rebound,0.3479467100206645,0.6520532899793354,San Antonio Spurs,0,0,1.0
2025-26,0042500403,3,2026-06-08,New York Knicks,San Antonio Spurs,569,4,PT08M10.00S,490.0,490.0,93.0,98.0,-5.0,5.0,foul,0.3539223386841806,0.6460776613158193,San Antonio Spurs,0,0,1.0
2025-26,0042500403,3,2026-06-08,New York Knicks,San Antonio Spurs,571,4,PT08M10.00S,490.0,490.0,93.0,99.0,-6.0,6.0,free_throw,0.314978803573588,0.685021196426412,San Antonio Spurs,0,0,1.0
2025-26,0042500403,3,2026-06-08,New York Knicks,San Antonio Spurs,572,4,PT08M10.00S,490.0,490.0,93.0,99.0,-6.0,6.0,substitution,0.3156431418841389,0.684356858115861,San Antonio Spurs,0,0,1.0
2025-26,0042500403,3,2026-06-08,New York Knicks,San Antonio Spurs,573,4,PT08M10.00S,490.0,490.0,93.0,99.0,-6.0,6.0,substitution,0.3156431418841389,0.684356858115861,San Antonio Spurs,0,0,1.0
2025-26,0042500403,3,2026-06-08,New York Knicks,San Antonio Spurs,576,4,PT08M10.00S,490.0,490.0,93.0,100.0,-7.0,7.0,free_throw,0.2839830523503149,0.716016947649685,San Antonio Spurs,0,0,1.0
2025-26,0042500403,3,2026-06-08,New York Knicks,San Antonio Spurs,577,4,PT08M05.00S,485.0,485.0,93.0,100.0,-7.0,7.0,foul,0.2865480755691801,0.7134519244308198,San Antonio Spurs,0,0,1.0
2025-26,0042500403,3,2026-06-08,New York Knicks,San Antonio Spurs,579,4,PT07M56.00S,476.0,476.0,93.0,100.0,-7.0,7.0,missed_shot,0.2844921490906613,0.7155078509093387,San Antonio Spurs,0,0,1.0
2025-26,0042500403,3,2026-06-08,New York Knicks,San Antonio Spurs,580,4,PT07M53.00S,473.0,473.0,93.0,100.0,-7.0,7.0,rebound,0.284184484015452,0.7158155159845481,San Antonio Spurs,0,0,1.0
2025-26,0042500403,3,2026-06-08,New York Knicks,San Antonio Spurs,583,4,PT07M45.00S,465.0,465.0,93.0,100.0,-7.0,7.0,foul,0.2891991686723904,0.7108008313276095,San Antonio Spurs,0,0,1.0
2025-26,0042500403,3,2026-06-08,New York Knicks,San Antonio Spurs,585,4,PT07M45.00S,465.0,465.0,93.0,100.0,-7.0,7.0,timeout,0.2824386364018045,0.7175613635981954,San Antonio Spurs,0,0,1.0
2025-26,0042500403,3,2026-06-08,New York Knicks,San Antonio Spurs,586,4,PT07M45.00S,465.0,465.0,93.0,100.0,-7.0,7.0,instant_replay,0.2903041591158133,0.7096958408841867,San Antonio Spurs,0,0,1.0
2025-26,0042500403,3,2026-06-08,New York Knicks,San Antonio Spurs,589,4,PT07M45.00S,465.0,465.0,93.0,100.0,-7.0,7.0,substitution,0.2848237674976839,0.7151762325023161,San Antonio Spurs,0,0,1.0
2025-26,0042500403,3,2026-06-08,New York Knicks,San Antonio Spurs,591,4,PT07M31.00S,451.0,451.0,95.0,100.0,-5.0,5.0,made_shot,0.3529080577723222,0.6470919422276777,San Antonio Spurs,0,0,1.0
2025-26,0042500403,3,2026-06-08,New York Knicks,San Antonio Spurs,592,4,PT07M31.00S,451.0,451.0,95.0,100.0,-5.0,5.0,timeout,0.3451662920256769,0.654833707974323,San Antonio Spurs,0,0,1.0
2025-26,0042500403,3,2026-06-08,New York Knicks,San Antonio Spurs,593,4,PT07M45.00S,465.0,465.0,95.0,100.0,-5.0,5.0,turnover,0.3475108382054991,0.6524891617945009,San Antonio Spurs,0,0,1.0
2025-26,0042500403,3,2026-06-08,New York Knicks,San Antonio Spurs,594,4,PT07M31.00S,451.0,451.0,95.0,100.0,-5.0,5.0,substitution,0.3478243718414919,0.652175628158508,San Antonio Spurs,0,0,1.0
2025-26,0042500403,3,2026-06-08,New York Knicks,San Antonio Spurs,595,4,PT07M31.00S,451.0,451.0,95.0,100.0,-5.0,5.0,substitution,0.3478243718414919,0.652175628158508,San Antonio Spurs,0,0,1.0
2025-26,0042500403,3,2026-06-08,New York Knicks,San Antonio Spurs,598,4,PT07M14.00S,434.0,434.0,95.0,100.0,-5.0,5.0,missed_shot,0.3478667677941195,0.6521332322058805,San Antonio Spurs,0,0,1.0
2025-26,0042500403,3,2026-06-08,New York Knicks,San Antonio Spurs,599,4,PT07M12.00S,432.0,432.0,95.0,100.0,-5.0,5.0,rebound,0.3475091526862902,0.6524908473137099,San Antonio Spurs,0,0,1.0
2025-26,0042500403,3,2026-06-08,New York Knicks,San Antonio Spurs,601,4,PT07M12.00S,432.0,432.0,95.0,100.0,-5.0,5.0,timeout,0.3450209259958006,0.6549790740041994,San Antonio Spurs,0,0,1.0
2025-26,0042500403,3,2026-06-08,New York Knicks,San Antonio Spurs,602,4,PT07M12.00S,432.0,432.0,95.0,100.0,-5.0,5.0,instant_replay,0.3541988322420886,0.6458011677579114,San Antonio Spurs,0,0,1.0
2025-26,0042500403,3,2026-06-08,New York Knicks,San Antonio Spurs,603,4,PT07M12.00S,432.0,432.0,95.0,100.0,-5.0,5.0,foul,0.3534813404522041,0.6465186595477959,San Antonio Spurs,0,0,1.0
2025-26,0042500403,3,2026-06-08,New York Knicks,San Antonio Spurs,605,4,PT07M12.00S,432.0,432.0,95.0,101.0,-6.0,6.0,free_throw,0.3145627043841655,0.6854372956158346,San Antonio Spurs,0,0,1.0
2025-26,0042500403,3,2026-06-08,New York Knicks,San Antonio Spurs,606,4,PT07M12.00S,432.0,432.0,95.0,102.0,-7.0,7.0,free_throw,0.2835909483286816,0.7164090516713184,San Antonio Spurs,0,0,1.0
2025-26,0042500403,3,2026-06-08,New York Knicks,San Antonio Spurs,607,4,PT06M49.00S,409.0,409.0,97.0,102.0,-5.0,5.0,made_shot,0.3520585686618663,0.6479414313381338,San Antonio Spurs,0,0,1.0
2025-26,0042500403,3,2026-06-08,New York Knicks,San Antonio Spurs,609,4,PT06M28.00S,388.0,388.0,97.0,104.0,-7.0,7.0,made_shot,0.2880835686248257,0.7119164313751742,San Antonio Spurs,0,0,1.0
2025-26,0042500403,3,2026-06-08,New York Knicks,San Antonio Spurs,610,4,PT06M09.00S,369.0,369.0,97.0,104.0,-7.0,7.0,missed_shot,0.2835888502693308,0.7164111497306692,San Antonio Spurs,0,0,1.0
2025-26,0042500403,3,2026-06-08,New York Knicks,San Antonio Spurs,611,4,PT06M07.00S,367.0,367.0,97.0,104.0,-7.0,7.0,rebound,0.2832686113820845,0.7167313886179154,San Antonio Spurs,0,0,1.0
2025-26,0042500403,3,2026-06-08,New York Knicks,San Antonio Spurs,612,4,PT06M02.00S,362.0,362.0,97.0,104.0,-7.0,7.0,unknown,0.2809796768848443,0.7190203231151557,San Antonio Spurs,0,0,1.0
2025-26,0042500403,3,2026-06-08,New York Knicks,San Antonio Spurs,613,4,PT06M00.00S,360.0,360.0,97.0,104.0,-7.0,7.0,rebound,0.2833607666328379,0.7166392333671621,San Antonio Spurs,0,0,1.0
2025-26,0042500403,3,2026-06-08,New York Knicks,San Antonio Spurs,614,4,PT05M56.00S,356.0,356.0,97.0,104.0,-7.0,7.0,missed_shot,0.2803701737220414,0.7196298262779586,San Antonio Spurs,0,0,1.0
2025-26,0042500403,3,2026-06-08,New York Knicks,San Antonio Spurs,616,4,PT05M56.00S,356.0,356.0,97.0,104.0,-7.0,7.0,rebound,0.2834134349136663,0.7165865650863337,San Antonio Spurs,0,0,1.0
2025-26,0042500403,3,2026-06-08,New York Knicks,San Antonio Spurs,617,4,PT05M54.00S,354.0,354.0,99.0,104.0,-5.0,5.0,made_shot,0.3353219396614418,0.6646780603385583,San Antonio Spurs,0,0,1.0
2025-26,0042500403,3,2026-06-08,New York Knicks,San Antonio Spurs,618,4,PT05M54.00S,354.0,354.0,99.0,104.0,-5.0,5.0,foul,0.3459960337706393,0.6540039662293606,San Antonio Spurs,0,0,1.0
2025-26,0042500403,3,2026-06-08,New York Knicks,San Antonio Spurs,620,4,PT05M54.00S,354.0,354.0,99.0,104.0,-5.0,5.0,substitution,0.3466705909751559,0.653329409024844,San Antonio Spurs,0,0,1.0
2025-26,0042500403,3,2026-06-08,New York Knicks,San Antonio Spurs,622,4,PT05M54.00S,354.0,354.0,100.0,104.0,-4.0,4.0,free_throw,0.3850457336226252,0.6149542663773748,San Antonio Spurs,0,0,1.0
2025-26,0042500403,3,2026-06-08,New York Knicks,San Antonio Spurs,623,4,PT05M54.00S,354.0,354.0,100.0,104.0,-4.0,4.0,substitution,0.3803320169945806,0.6196679830054194,San Antonio Spurs,0,0,1.0
2025-26,0042500403,3,2026-06-08,New York Knicks,San Antonio Spurs,625,4,PT05M40.00S,340.0,340.0,100.0,106.0,-6.0,6.0,made_shot,0.3155076123699916,0.6844923876300084,San Antonio Spurs,0,0,1.0
2025-26,0042500403,3,2026-06-08,New York Knicks,San Antonio Spurs,628,4,PT05M18.00S,318.0,318.0,100.0,106.0,-6.0,6.0,missed_shot,0.3174478174155514,0.6825521825844486,San Antonio Spurs,0,0,1.0
2025-26,0042500403,3,2026-06-08,New York Knicks,San Antonio Spurs,629,4,PT05M15.00S,315.0,315.0,100.0,106.0,-6.0,6.0,rebound,0.3132311191418285,0.6867688808581716,San Antonio Spurs,0,0,1.0
2025-26,0042500403,3,2026-06-08,New York Knicks,San Antonio Spurs,630,4,PT05M14.00S,314.0,314.0,100.0,106.0,-6.0,6.0,missed_shot,0.3136122805702483,0.6863877194297516,San Antonio Spurs,0,0,1.0
2025-26,0042500403,3,2026-06-08,New York Knicks,San Antonio Spurs,631,4,PT05M13.00S,313.0,313.0,100.0,106.0,-6.0,6.0,rebound,0.3132590150481764,0.6867409849518236,San Antonio Spurs,0,0,1.0
2025-26,0042500403,3,2026-06-08,New York Knicks,San Antonio Spurs,632,4,PT05M03.00S,303.0,303.0,100.0,106.0,-6.0,6.0,missed_shot,0.3196475011867581,0.6803524988132419,San Antonio Spurs,0,0,1.0
2025-26,0042500403,3,2026-06-08,New York Knicks,San Antonio Spurs,633,4,PT05M01.00S,301.0,301.0,100.0,106.0,-6.0,6.0,rebound,0.3134264188537774,0.6865735811462226,San Antonio Spurs,0,0,1.0
2025-26,0042500403,3,2026-06-08,New York Knicks,San Antonio Spurs,634,4,PT04M57.00S,297.0,297.0,100.0,106.0,-6.0,6.0,unknown,0.3109856426629682,0.6890143573370318,San Antonio Spurs,0,0,1.0
2025-26,0042500403,3,2026-06-08,New York Knicks,San Antonio Spurs,637,4,PT04M50.00S,290.0,290.0,100.0,106.0,-6.0,6.0,foul,0.3135028884926394,0.6864971115073606,San Antonio Spurs,0,0,1.0
2025-26,0042500403,3,2026-06-08,New York Knicks,San Antonio Spurs,639,4,PT04M50.00S,290.0,290.0,100.0,107.0,-7.0,7.0,free_throw,0.2824577095887724,0.7175422904112276,San Antonio Spurs,0,0,1.0
2025-26,0042500403,3,2026-06-08,New York Knicks,San Antonio Spurs,640,4,PT04M50.00S,290.0,290.0,100.0,107.0,-7.0,7.0,substitution,0.28308180125461,0.71691819874539,San Antonio Spurs,0,0,1.0
2025-26,0042500403,3,2026-06-08,New York Knicks,San Antonio Spurs,642,4,PT04M50.00S,290.0,290.0,100.0,108.0,-8.0,8.0,free_throw,0.2534780311949777,0.7465219688050223,San Antonio Spurs,0,0,1.0
2025-26,0042500403,3,2026-06-08,New York Knicks,San Antonio Spurs,643,4,PT04M39.00S,279.0,279.0,100.0,108.0,-8.0,8.0,missed_shot,0.2539468690459761,0.7460531309540239,San Antonio Spurs,0,0,1.0
2025-26,0042500403,3,2026-06-08,New York Knicks,San Antonio Spurs,644,4,PT04M37.00S,277.0,277.0,100.0,108.0,-8.0,8.0,rebound,0.2536163943349346,0.7463836056650655,San Antonio Spurs,0,0,1.0
2025-26,0042500403,3,2026-06-08,New York Knicks,San Antonio Spurs,645,4,PT04M26.00S,266.0,266.0,100.0,108.0,-8.0,8.0,missed_shot,0.2594052658540205,0.7405947341459795,San Antonio Spurs,0,0,1.0
2025-26,0042500403,3,2026-06-08,New York Knicks,San Antonio Spurs,647,4,PT04M25.00S,265.0,265.0,100.0,108.0,-8.0,8.0,rebound,0.2537637030202797,0.7462362969797203,San Antonio Spurs,0,0,1.0
2025-26,0042500403,3,2026-06-08,New York Knicks,San Antonio Spurs,649,4,PT04M25.00S,265.0,265.0,100.0,108.0,-8.0,8.0,timeout,0.2520411169240527,0.7479588830759474,San Antonio Spurs,0,0,1.0
2025-26,0042500403,3,2026-06-08,New York Knicks,San Antonio Spurs,650,4,PT04M25.00S,265.0,265.0,100.0,108.0,-8.0,8.0,instant_replay,0.2593660929825883,0.7406339070174117,San Antonio Spurs,0,0,1.0
2025-26,0042500403,3,2026-06-08,New York Knicks,San Antonio Spurs,652,4,PT04M05.00S,245.0,245.0,100.0,108.0,-8.0,8.0,unknown,0.2518126681558853,0.7481873318441147,San Antonio Spurs,0,0,1.0
2025-26,0042500403,3,2026-06-08,New York Knicks,San Antonio Spurs,654,4,PT04M03.00S,243.0,243.0,100.0,108.0,-8.0,8.0,rebound,0.2540339155597666,0.7459660844402334,San Antonio Spurs,0,0,1.0
2025-26,0042500403,3,2026-06-08,New York Knicks,San Antonio Spurs,655,4,PT03M50.00S,230.0,230.0,100.0,108.0,-8.0,8.0,missed_shot,0.2545173196194343,0.7454826803805656,San Antonio Spurs,0,0,1.0
2025-26,0042500403,3,2026-06-08,New York Knicks,San Antonio Spurs,656,4,PT03M47.00S,227.0,227.0,100.0,108.0,-8.0,8.0,rebound,0.2542305529093452,0.7457694470906547,San Antonio Spurs,0,0,1.0
2025-26,0042500403,3,2026-06-08,New York Knicks,San Antonio Spurs,657,4,PT03M44.00S,224.0,224.0,100.0,108.0,-8.0,8.0,missed_shot,0.2637076641645524,0.7362923358354476,San Antonio Spurs,0,0,1.0
2025-26,0042500403,3,2026-06-08,New York Knicks,San Antonio Spurs,658,4,PT03M43.00S,223.0,223.0,100.0,108.0,-8.0,8.0,rebound,0.2542797279189628,0.7457202720810372,San Antonio Spurs,0,0,1.0
2025-26,0042500403,3,2026-06-08,New York Knicks,San Antonio Spurs,659,4,PT03M40.00S,220.0,220.0,100.0,108.0,-8.0,8.0,foul,0.2542487519818975,0.7457512480181024,San Antonio Spurs,0,0,1.0
2025-26,0042500403,3,2026-06-08,New York Knicks,San Antonio Spurs,661,4,PT03M40.00S,220.0,220.0,101.0,108.0,-7.0,7.0,free_throw,0.2828011174120359,0.717198882587964,San Antonio Spurs,0,0,1.0
2025-26,0042500403,3,2026-06-08,New York Knicks,San Antonio Spurs,662,4,PT03M40.00S,220.0,220.0,101.0,108.0,-7.0,7.0,substitution,0.2834256681321602,0.7165743318678397,San Antonio Spurs,0,0,1.0
2025-26,0042500403,3,2026-06-08,New York Knicks,San Antonio Spurs,664,4,PT03M40.00S,220.0,220.0,101.0,108.0,-7.0,7.0,timeout,0.2810476439227797,0.7189523560772202,San Antonio Spurs,0,0,1.0
2025-26,0042500403,3,2026-06-08,New York Knicks,San Antonio Spurs,665,4,PT03M40.00S,220.0,220.0,102.0,108.0,-6.0,6.0,free_throw,0.3133562532071153,0.6866437467928846,San Antonio Spurs,0,0,1.0
2025-26,0042500403,3,2026-06-08,New York Knicks,San Antonio Spurs,666,4,PT03M21.00S,201.0,201.0,102.0,108.0,-6.0,6.0,turnover,0.3186849567937782,0.6813150432062218,San Antonio Spurs,0,0,1.0
2025-26,0042500403,3,2026-06-08,New York Knicks,San Antonio Spurs,667,4,PT03M02.00S,182.0,182.0,102.0,108.0,-6.0,6.0,missed_shot,0.3142301477730853,0.6857698522269147,San Antonio Spurs,0,0,1.0
2025-26,0042500403,3,2026-06-08,New York Knicks,San Antonio Spurs,668,4,PT03M00.00S,180.0,180.0,102.0,108.0,-6.0,6.0,rebound,0.3138904679157974,0.6861095320842026,San Antonio Spurs,0,0,1.0
2025-26,0042500403,3,2026-06-08,New York Knicks,San Antonio Spurs,669,4,PT02M48.00S,168.0,168.0,102.0,108.0,-6.0,6.0,missed_shot,0.3144257851976872,0.6855742148023127,San Antonio Spurs,0,0,1.0
2025-26,0042500403,3,2026-06-08,New York Knicks,San Antonio Spurs,670,4,PT02M46.00S,166.0,166.0,102.0,108.0,-6.0,6.0,rebound,0.3140859907180786,0.6859140092819214,San Antonio Spurs,0,0,1.0
2025-26,0042500403,3,2026-06-08,New York Knicks,San Antonio Spurs,671,4,PT02M32.00S,152.0,152.0,102.0,108.0,-6.0,6.0,unknown,0.3117815163462296,0.6882184836537704,San Antonio Spurs,0,0,1.0
2025-26,0042500403,3,2026-06-08,New York Knicks,San Antonio Spurs,673,4,PT02M30.00S,150.0,150.0,102.0,108.0,-6.0,6.0,rebound,0.3143095261668051,0.6856904738331948,San Antonio Spurs,0,0,1.0
2025-26,0042500403,3,2026-06-08,New York Knicks,San Antonio Spurs,674,4,PT02M28.00S,148.0,148.0,102.0,108.0,-6.0,6.0,unknown,0.3118371685464877,0.6881628314535123,San Antonio Spurs,0,0,1.0
2025-26,0042500403,3,2026-06-08,New York Knicks,San Antonio Spurs,676,4,PT02M28.00S,148.0,148.0,102.0,108.0,-6.0,6.0,rebound,0.3143374741559108,0.6856625258440892,San Antonio Spurs,0,0,1.0
2025-26,0042500403,3,2026-06-08,New York Knicks,San Antonio Spurs,678,4,PT02M27.00S,147.0,147.0,102.0,108.0,-6.0,6.0,unknown,0.3118510824453287,0.6881489175546713,San Antonio Spurs,0,0,1.0
2025-26,0042500403,3,2026-06-08,New York Knicks,San Antonio Spurs,680,4,PT02M26.00S,146.0,146.0,102.0,108.0,-6.0,6.0,rebound,0.314365423490783,0.6856345765092169,San Antonio Spurs,0,0,1.0
2025-26,0042500403,3,2026-06-08,New York Knicks,San Antonio Spurs,682,4,PT02M22.00S,142.0,142.0,104.0,108.0,-4.0,4.0,made_shot,0.3796098260346566,0.6203901739653434,San Antonio Spurs,0,0,1.0
2025-26,0042500403,3,2026-06-08,New York Knicks,San Antonio Spurs,685,4,PT01M53.00S,113.0,113.0,104.0,111.0,-7.0,7.0,made_shot,0.2819663191559424,0.7180336808440575,San Antonio Spurs,0,0,1.0
2025-26,0042500403,3,2026-06-08,New York Knicks,San Antonio Spurs,687,4,PT01M30.00S,90.0,90.0,104.0,111.0,-7.0,7.0,missed_shot,0.2832183390584344,0.7167816609415656,San Antonio Spurs,0,0,1.0
2025-26,0042500403,3,2026-06-08,New York Knicks,San Antonio Spurs,688,4,PT01M28.00S,88.0,88.0,104.0,111.0,-7.0,7.0,rebound,0.282898353349124,0.717101646650876,San Antonio Spurs,0,0,1.0
2025-26,0042500403,3,2026-06-08,New York Knicks,San Antonio Spurs,689,4,PT01M07.00S,67.0,67.0,104.0,111.0,-7.0,7.0,missed_shot,0.2835211704450719,0.716478829554928,San Antonio Spurs,0,0,1.0
2025-26,0042500403,3,2026-06-08,New York Knicks,San Antonio Spurs,690,4,PT01M04.00S,64.0,64.0,104.0,111.0,-7.0,7.0,rebound,0.2832141397975189,0.716785860202481,San Antonio Spurs,0,0,1.0
2025-26,0042500403,3,2026-06-08,New York Knicks,San Antonio Spurs,691,4,PT00M59.60S,59.6,59.6,104.0,111.0,-7.0,7.0,foul,0.2831994037606153,0.7168005962393846,San Antonio Spurs,0,0,1.0
2025-26,0042500403,3,2026-06-08,New York Knicks,San Antonio Spurs,693,4,PT00M59.60S,59.6,59.6,104.0,111.0,-7.0,7.0,free_throw,0.2840571586746442,0.7159428413253558,San Antonio Spurs,0,0,1.0
2025-26,0042500403,3,2026-06-08,New York Knicks,San Antonio Spurs,694,4,PT00M59.60S,59.6,59.6,104.0,111.0,-7.0,7.0,rebound,0.2916171625833412,0.7083828374166588,San Antonio Spurs,0,0,1.0
2025-26,0042500403,3,2026-06-08,New York Knicks,San Antonio Spurs,695,4,PT00M59.60S,59.6,59.6,105.0,111.0,-6.0,6.0,free_throw,0.3137577435053369,0.6862422564946631,San Antonio Spurs,0,0,1.0
2025-26,0042500403,3,2026-06-08,New York Knicks,San Antonio Spurs,696,4,PT00M40.90S,40.9,40.9,105.0,111.0,-6.0,6.0,missed_shot,0.314362465862278,0.6856375341377219,San Antonio Spurs,0,0,1.0
2025-26,0042500403,3,2026-06-08,New York Knicks,San Antonio Spurs,697,4,PT00M38.90S,38.9,38.9,105.0,111.0,-6.0,6.0,rebound,0.3140227084677361,0.6859772915322638,San Antonio Spurs,0,0,1.0
2025-26,0042500403,3,2026-06-08,New York Knicks,San Antonio Spurs,698,4,PT00M33.70S,33.7,33.7,108.0,111.0,-3.0,3.0,made_shot,0.4093055555065897,0.5906944444934102,San Antonio Spurs,0,0,1.0
2025-26,0042500403,3,2026-06-08,New York Knicks,San Antonio Spurs,699,4,PT00M12.20S,12.2,12.2,108.0,113.0,-5.0,5.0,made_shot,0.34870656118856,0.65129343881144,San Antonio Spurs,0,0,1.0
2025-26,0042500403,3,2026-06-08,New York Knicks,San Antonio Spurs,700,4,PT00M12.20S,12.2,12.2,108.0,113.0,-5.0,5.0,timeout,0.3432402649293896,0.6567597350706105,San Antonio Spurs,0,0,1.0
2025-26,0042500403,3,2026-06-08,New York Knicks,San Antonio Spurs,701,4,PT00M09.40S,9.4,9.4,111.0,113.0,-2.0,2.0,made_shot,0.4487146540818129,0.5512853459181871,San Antonio Spurs,0,0,1.0
2025-26,0042500403,3,2026-06-08,New York Knicks,San Antonio Spurs,703,4,PT00M09.40S,9.4,9.4,111.0,113.0,-2.0,2.0,timeout,0.4471965283804113,0.5528034716195886,San Antonio Spurs,0,0,1.0
2025-26,0042500403,3,2026-06-08,New York Knicks,San Antonio Spurs,704,4,PT00M06.80S,6.8,6.8,111.0,113.0,-2.0,2.0,foul,0.451685484962155,0.548314515037845,San Antonio Spurs,0,0,1.0
2025-26,0042500403,3,2026-06-08,New York Knicks,San Antonio Spurs,706,4,PT00M06.80S,6.8,6.8,111.0,114.0,-3.0,3.0,free_throw,0.4129978012017102,0.5870021987982899,San Antonio Spurs,0,0,1.0
2025-26,0042500403,3,2026-06-08,New York Knicks,San Antonio Spurs,707,4,PT00M06.80S,6.8,6.8,111.0,114.0,-3.0,3.0,substitution,0.4137440100208252,0.5862559899791748,San Antonio Spurs,0,0,1.0
2025-26,0042500403,3,2026-06-08,New York Knicks,San Antonio Spurs,709,4,PT00M06.80S,6.8,6.8,111.0,115.0,-4.0,4.0,free_throw,0.3776743631337708,0.6223256368662291,San Antonio Spurs,0,0,1.0
2025-26,0042500403,3,2026-06-08,New York Knicks,San Antonio Spurs,710,4,PT00M06.80S,6.8,6.8,111.0,115.0,-4.0,4.0,timeout,0.3755077171037365,0.6244922828962635,San Antonio Spurs,0,0,1.0
2025-26,0042500403,3,2026-06-08,New York Knicks,San Antonio Spurs,711,4,PT00M06.80S,6.8,6.8,111.0,115.0,-4.0,4.0,substitution,0.3782644813056666,0.6217355186943334,San Antonio Spurs,0,0,1.0
2025-26,0042500403,3,2026-06-08,New York Knicks,San Antonio Spurs,713,4,PT00M04.80S,4.8,4.8,111.0,115.0,-4.0,4.0,missed_shot,0.3827993460387508,0.6172006539612491,San Antonio Spurs,0,0,1.0
2025-26,0042500403,3,2026-06-08,New York Knicks,San Antonio Spurs,714,4,PT00M02.10S,2.1,2.1,111.0,115.0,-4.0,4.0,rebound,0.377719707773165,0.6222802922268349,San Antonio Spurs,0,0,1.0
2025-26,0042500403,3,2026-06-08,New York Knicks,San Antonio Spurs,716,4,PT00M01.00S,1.0,1.0,111.0,115.0,-4.0,4.0,missed_shot,0.3781376600161446,0.6218623399838554,San Antonio Spurs,0,0,1.0
2025-26,0042500403,3,2026-06-08,New York Knicks,San Antonio Spurs,717,4,PT00M01.00S,1.0,1.0,111.0,115.0,-4.0,4.0,rebound,0.3777364717332183,0.6222635282667817,San Antonio Spurs,0,0,1.0
2025-26,0042500403,3,2026-06-08,New York Knicks,San Antonio Spurs,718,4,PT00M00.00S,0.0,0.0,111.0,115.0,-4.0,4.0,end_period,0.3718339861387124,0.6281660138612877,San Antonio Spurs,0,0,1.0
2025-26,0042500404,4,2026-06-10,New York Knicks,San Antonio Spurs,2,1,PT12M00.00S,720.0,2880.0,0.0,0.0,0.0,0.0,start_period,0.5476208529306051,0.4523791470693948,New York Knicks,1,1,1.0
2025-26,0042500404,4,2026-06-10,New York Knicks,San Antonio Spurs,4,1,PT12M00.00S,720.0,2880.0,0.0,0.0,0.0,0.0,jump_ball,0.5558869327782606,0.4441130672217394,New York Knicks,1,1,1.0
2025-26,0042500404,4,2026-06-10,New York Knicks,San Antonio Spurs,7,1,PT11M42.00S,702.0,2862.0,0.0,0.0,0.0,0.0,foul,0.5522113262645263,0.4477886737354737,New York Knicks,1,1,1.0
2025-26,0042500404,4,2026-06-10,New York Knicks,San Antonio Spurs,9,1,PT11M42.00S,702.0,2862.0,0.0,1.0,-1.0,1.0,free_throw,0.5152701985613108,0.4847298014386891,New York Knicks,1,1,1.0
2025-26,0042500404,4,2026-06-10,New York Knicks,San Antonio Spurs,10,1,PT11M42.00S,702.0,2862.0,0.0,2.0,-2.0,2.0,free_throw,0.4783273271685176,0.5216726728314824,San Antonio Spurs,0,1,0.0
2025-26,0042500404,4,2026-06-10,New York Knicks,San Antonio Spurs,11,1,PT11M21.00S,681.0,2841.0,2.0,2.0,0.0,0.0,made_shot,0.5490273830141419,0.4509726169858581,New York Knicks,1,1,1.0
2025-26,0042500404,4,2026-06-10,New York Knicks,San Antonio Spurs,13,1,PT11M09.00S,669.0,2829.0,2.0,5.0,-3.0,3.0,made_shot,0.4398435591581816,0.5601564408418184,San Antonio Spurs,0,1,0.0
2025-26,0042500404,4,2026-06-10,New York Knicks,San Antonio Spurs,16,1,PT10M58.00S,658.0,2818.0,2.0,5.0,-3.0,3.0,foul,0.4466779610496605,0.5533220389503395,San Antonio Spurs,0,1,0.0
2025-26,0042500404,4,2026-06-10,New York Knicks,San Antonio Spurs,18,1,PT10M58.00S,658.0,2818.0,2.0,5.0,-3.0,3.0,timeout,0.4385071807118948,0.5614928192881052,San Antonio Spurs,0,1,0.0
2025-26,0042500404,4,2026-06-10,New York Knicks,San Antonio Spurs,19,1,PT10M58.00S,658.0,2818.0,2.0,5.0,-3.0,3.0,instant_replay,0.4480054122553589,0.551994587744641,San Antonio Spurs,0,1,0.0
2025-26,0042500404,4,2026-06-10,New York Knicks,San Antonio Spurs,20,1,PT10M58.00S,658.0,2818.0,2.0,5.0,-3.0,3.0,turnover,0.4412824955923602,0.5587175044076398,San Antonio Spurs,0,1,0.0
2025-26,0042500404,4,2026-06-10,New York Knicks,San Antonio Spurs,21,1,PT10M58.00S,658.0,2818.0,2.0,5.0,-3.0,3.0,substitution,0.4413995455251532,0.5586004544748467,San Antonio Spurs,0,1,0.0
2025-26,0042500404,4,2026-06-10,New York Knicks,San Antonio Spurs,23,1,PT10M42.00S,642.0,2802.0,2.0,7.0,-5.0,5.0,made_shot,0.3735898240235824,0.6264101759764176,San Antonio Spurs,0,1,0.0
2025-26,0042500404,4,2026-06-10,New York Knicks,San Antonio Spurs,24,1,PT10M32.00S,632.0,2792.0,2.0,7.0,-5.0,5.0,missed_shot,0.3736997983402325,0.6263002016597675,San Antonio Spurs,0,1,0.0
2025-26,0042500404,4,2026-06-10,New York Knicks,San Antonio Spurs,25,1,PT10M30.00S,630.0,2790.0,2.0,7.0,-5.0,5.0,rebound,0.3697907763108622,0.6302092236891377,San Antonio Spurs,0,1,0.0
2025-26,0042500404,4,2026-06-10,New York Knicks,San Antonio Spurs,26,1,PT10M26.00S,626.0,2786.0,2.0,7.0,-5.0,5.0,missed_shot,0.366354318796217,0.633645681203783,San Antonio Spurs,0,1,0.0
2025-26,0042500404,4,2026-06-10,New York Knicks,San Antonio Spurs,27,1,PT10M23.00S,623.0,2783.0,2.0,7.0,-5.0,5.0,rebound,0.3698965527593055,0.6301034472406946,San Antonio Spurs,0,1,0.0
2025-26,0042500404,4,2026-06-10,New York Knicks,San Antonio Spurs,28,1,PT10M15.00S,615.0,2775.0,2.0,7.0,-5.0,5.0,missed_shot,0.3746272240599356,0.6253727759400644,San Antonio Spurs,0,1,0.0
2025-26,0042500404,4,2026-06-10,New York Knicks,San Antonio Spurs,29,1,PT10M13.00S,613.0,2773.0,2.0,7.0,-5.0,5.0,rebound,0.3700476836402054,0.6299523163597947,San Antonio Spurs,0,1,0.0
2025-26,0042500404,4,2026-06-10,New York Knicks,San Antonio Spurs,30,1,PT10M06.00S,606.0,2766.0,2.0,7.0,-5.0,5.0,missed_shot,0.3660104842389783,0.6339895157610217,San Antonio Spurs,0,1,0.0
2025-26,0042500404,4,2026-06-10,New York Knicks,San Antonio Spurs,31,1,PT10M04.00S,604.0,2764.0,2.0,7.0,-5.0,5.0,rebound,0.3701837232105534,0.6298162767894466,San Antonio Spurs,0,1,0.0
2025-26,0042500404,4,2026-06-10,New York Knicks,San Antonio Spurs,32,1,PT09M52.00S,592.0,2752.0,2.0,7.0,-5.0,5.0,missed_shot,0.3749766633372068,0.6250233366627932,San Antonio Spurs,0,1,0.0
2025-26,0042500404,4,2026-06-10,New York Knicks,San Antonio Spurs,33,1,PT09M48.00S,588.0,2748.0,2.0,7.0,-5.0,5.0,rebound,0.3704256222180927,0.6295743777819073,San Antonio Spurs,0,1,0.0
2025-26,0042500404,4,2026-06-10,New York Knicks,San Antonio Spurs,35,1,PT09M34.00S,574.0,2734.0,2.0,10.0,-8.0,8.0,made_shot,0.2733488327624124,0.7266511672375875,San Antonio Spurs,0,1,0.0
2025-26,0042500404,4,2026-06-10,New York Knicks,San Antonio Spurs,37,1,PT09M20.00S,560.0,2720.0,2.0,10.0,-8.0,8.0,unknown,0.2718140961941457,0.7281859038058542,San Antonio Spurs,0,1,0.0
2025-26,0042500404,4,2026-06-10,New York Knicks,San Antonio Spurs,39,1,PT09M17.00S,557.0,2717.0,2.0,12.0,-10.0,10.0,made_shot,0.2222147479340795,0.7777852520659205,San Antonio Spurs,0,1,0.0
2025-26,0042500404,4,2026-06-10,New York Knicks,San Antonio Spurs,40,1,PT09M16.00S,556.0,2716.0,2.0,12.0,-10.0,10.0,timeout,0.2176363911512287,0.7823636088487713,San Antonio Spurs,0,1,0.0
2025-26,0042500404,4,2026-06-10,New York Knicks,San Antonio Spurs,41,1,PT09M02.00S,542.0,2702.0,2.0,12.0,-10.0,10.0,missed_shot,0.2182071017023148,0.7817928982976852,San Antonio Spurs,0,1,0.0
2025-26,0042500404,4,2026-06-10,New York Knicks,San Antonio Spurs,42,1,PT09M01.00S,541.0,2701.0,2.0,12.0,-10.0,10.0,rebound,0.2193592418561629,0.780640758143837,San Antonio Spurs,0,1,0.0
2025-26,0042500404,4,2026-06-10,New York Knicks,San Antonio Spurs,43,1,PT09M01.00S,541.0,2701.0,2.0,12.0,-10.0,10.0,missed_shot,0.2294895384327,0.7705104615673,San Antonio Spurs,0,1,0.0
2025-26,0042500404,4,2026-06-10,New York Knicks,San Antonio Spurs,44,1,PT08M59.00S,539.0,2699.0,2.0,12.0,-10.0,10.0,rebound,0.219381448217992,0.780618551782008,San Antonio Spurs,0,1,0.0
2025-26,0042500404,4,2026-06-10,New York Knicks,San Antonio Spurs,45,1,PT08M59.00S,539.0,2699.0,2.0,12.0,-10.0,10.0,missed_shot,0.219159133879792,0.780840866120208,San Antonio Spurs,0,1,0.0
2025-26,0042500404,4,2026-06-10,New York Knicks,San Antonio Spurs,46,1,PT08M56.00S,536.0,2696.0,2.0,12.0,-10.0,10.0,rebound,0.2194147607910999,0.7805852392089001,San Antonio Spurs,0,1,0.0
2025-26,0042500404,4,2026-06-10,New York Knicks,San Antonio Spurs,48,1,PT08M52.00S,532.0,2692.0,5.0,12.0,-7.0,7.0,made_shot,0.3025683907688077,0.6974316092311923,San Antonio Spurs,0,1,0.0
2025-26,0042500404,4,2026-06-10,New York Knicks,San Antonio Spurs,50,1,PT08M33.00S,513.0,2673.0,5.0,14.0,-9.0,9.0,made_shot,0.236377898041302,0.763622101958698,San Antonio Spurs,0,1,0.0
2025-26,0042500404,4,2026-06-10,New York Knicks,San Antonio Spurs,51,1,PT08M26.00S,506.0,2666.0,5.0,14.0,-9.0,9.0,foul,0.244601442253276,0.7553985577467239,San Antonio Spurs,0,1,0.0
2025-26,0042500404,4,2026-06-10,New York Knicks,San Antonio Spurs,53,1,PT08M26.00S,506.0,2666.0,6.0,14.0,-8.0,8.0,free_throw,0.2724662355792278,0.7275337644207722,San Antonio Spurs,0,1,0.0
2025-26,0042500404,4,2026-06-10,New York Knicks,San Antonio Spurs,54,1,PT08M26.00S,506.0,2666.0,7.0,14.0,-7.0,7.0,free_throw,0.302375520554528,0.697624479445472,San Antonio Spurs,0,1,0.0
2025-26,0042500404,4,2026-06-10,New York Knicks,San Antonio Spurs,55,1,PT08M08.00S,488.0,2648.0,7.0,14.0,-7.0,7.0,missed_shot,0.308728634045294,0.6912713659547061,San Antonio Spurs,0,1,0.0
2025-26,0042500404,4,2026-06-10,New York Knicks,San Antonio Spurs,56,1,PT08M05.00S,485.0,2645.0,7.0,14.0,-7.0,7.0,rebound,0.3026392174788291,0.6973607825211708,San Antonio Spurs,0,1,0.0
2025-26,0042500404,4,2026-06-10,New York Knicks,San Antonio Spurs,57,1,PT08M02.00S,482.0,2642.0,9.0,14.0,-5.0,5.0,made_shot,0.3699199862284272,0.6300800137715727,San Antonio Spurs,0,1,0.0
2025-26,0042500404,4,2026-06-10,New York Knicks,San Antonio Spurs,59,1,PT08M02.00S,482.0,2642.0,9.0,14.0,-5.0,5.0,foul,0.3673062691190646,0.6326937308809354,San Antonio Spurs,0,1,0.0
2025-26,0042500404,4,2026-06-10,New York Knicks,San Antonio Spurs,61,1,PT08M02.00S,482.0,2642.0,9.0,14.0,-5.0,5.0,substitution,0.367998995243476,0.632001004756524,San Antonio Spurs,0,1,0.0
2025-26,0042500404,4,2026-06-10,New York Knicks,San Antonio Spurs,63,1,PT08M02.00S,482.0,2642.0,10.0,14.0,-4.0,4.0,free_throw,0.4072633612278356,0.5927366387721644,San Antonio Spurs,0,1,0.0
2025-26,0042500404,4,2026-06-10,New York Knicks,San Antonio Spurs,64,1,PT07M51.00S,471.0,2631.0,10.0,14.0,-4.0,4.0,foul,0.4049735795644598,0.5950264204355402,San Antonio Spurs,0,1,0.0
2025-26,0042500404,4,2026-06-10,New York Knicks,San Antonio Spurs,66,1,PT07M37.00S,457.0,2617.0,10.0,16.0,-6.0,6.0,made_shot,0.3387506391558341,0.6612493608441659,San Antonio Spurs,0,1,0.0
2025-26,0042500404,4,2026-06-10,New York Knicks,San Antonio Spurs,68,1,PT07M16.00S,436.0,2596.0,10.0,16.0,-6.0,6.0,missed_shot,0.3381115261672197,0.6618884738327803,San Antonio Spurs,0,1,0.0
2025-26,0042500404,4,2026-06-10,New York Knicks,San Antonio Spurs,69,1,PT07M14.00S,434.0,2594.0,10.0,16.0,-6.0,6.0,rebound,0.3336822852663834,0.6663177147336166,San Antonio Spurs,0,1,0.0
2025-26,0042500404,4,2026-06-10,New York Knicks,San Antonio Spurs,70,1,PT06M59.00S,419.0,2579.0,10.0,19.0,-9.0,9.0,made_shot,0.2425372734214463,0.7574627265785537,San Antonio Spurs,0,1,0.0
2025-26,0042500404,4,2026-06-10,New York Knicks,San Antonio Spurs,72,1,PT06M29.00S,389.0,2549.0,10.0,19.0,-9.0,9.0,missed_shot,0.2437572853485018,0.7562427146514982,San Antonio Spurs,0,1,0.0
2025-26,0042500404,4,2026-06-10,New York Knicks,San Antonio Spurs,73,1,PT06M27.00S,387.0,2547.0,10.0,19.0,-9.0,9.0,rebound,0.2434667398692671,0.7565332601307329,San Antonio Spurs,0,1,0.0
2025-26,0042500404,4,2026-06-10,New York Knicks,San Antonio Spurs,74,1,PT06M21.00S,381.0,2541.0,10.0,22.0,-12.0,12.0,made_shot,0.1682149243876087,0.8317850756123912,San Antonio Spurs,0,1,0.0
2025-26,0042500404,4,2026-06-10,New York Knicks,San Antonio Spurs,76,1,PT06M05.00S,365.0,2525.0,10.0,22.0,-12.0,12.0,foul,0.1710883037284064,0.8289116962715936,San Antonio Spurs,0,1,0.0
2025-26,0042500404,4,2026-06-10,New York Knicks,San Antonio Spurs,78,1,PT06M05.00S,365.0,2525.0,11.0,22.0,-11.0,11.0,free_throw,0.1927150330655479,0.8072849669344521,San Antonio Spurs,0,1,0.0
2025-26,0042500404,4,2026-06-10,New York Knicks,San Antonio Spurs,79,1,PT06M05.00S,365.0,2525.0,11.0,22.0,-11.0,11.0,substitution,0.1931942254822762,0.8068057745177237,San Antonio Spurs,0,1,0.0
2025-26,0042500404,4,2026-06-10,New York Knicks,San Antonio Spurs,80,1,PT06M05.00S,365.0,2525.0,11.0,22.0,-11.0,11.0,substitution,0.1931942254822762,0.8068057745177237,San Antonio Spurs,0,1,0.0
2025-26,0042500404,4,2026-06-10,New York Knicks,San Antonio Spurs,81,1,PT06M05.00S,365.0,2525.0,11.0,22.0,-11.0,11.0,substitution,0.1931942254822762,0.8068057745177237,San Antonio Spurs,0,1,0.0
2025-26,0042500404,4,2026-06-10,New York Knicks,San Antonio Spurs,82,1,PT06M05.00S,365.0,2525.0,11.0,22.0,-11.0,11.0,substitution,0.1931942254822762,0.8068057745177237,San Antonio Spurs,0,1,0.0
2025-26,0042500404,4,2026-06-10,New York Knicks,San Antonio Spurs,87,1,PT06M05.00S,365.0,2525.0,12.0,22.0,-10.0,10.0,free_throw,0.2164746945628798,0.7835253054371202,San Antonio Spurs,0,1,0.0
2025-26,0042500404,4,2026-06-10,New York Knicks,San Antonio Spurs,88,1,PT05M51.00S,351.0,2511.0,12.0,25.0,-13.0,13.0,made_shot,0.1501088004643229,0.849891199535677,San Antonio Spurs,0,1,0.0
2025-26,0042500404,4,2026-06-10,New York Knicks,San Antonio Spurs,90,1,PT05M27.00S,327.0,2487.0,14.0,25.0,-11.0,11.0,made_shot,0.194185695024333,0.805814304975667,San Antonio Spurs,0,1,0.0
2025-26,0042500404,4,2026-06-10,New York Knicks,San Antonio Spurs,91,1,PT05M15.00S,315.0,2475.0,14.0,25.0,-11.0,11.0,missed_shot,0.1922545507294106,0.8077454492705893,San Antonio Spurs,0,1,0.0
2025-26,0042500404,4,2026-06-10,New York Knicks,San Antonio Spurs,92,1,PT05M13.00S,313.0,2473.0,14.0,25.0,-11.0,11.0,rebound,0.1919836999887204,0.8080163000112796,San Antonio Spurs,0,1,0.0
2025-26,0042500404,4,2026-06-10,New York Knicks,San Antonio Spurs,93,1,PT05M01.00S,301.0,2461.0,14.0,25.0,-11.0,11.0,unknown,0.1903065316394193,0.8096934683605806,San Antonio Spurs,0,1,0.0
2025-26,0042500404,4,2026-06-10,New York Knicks,San Antonio Spurs,95,1,PT04M58.00S,298.0,2458.0,14.0,25.0,-11.0,11.0,rebound,0.192134614247542,0.8078653857524579,San Antonio Spurs,0,1,0.0
2025-26,0042500404,4,2026-06-10,New York Knicks,San Antonio Spurs,96,1,PT04M53.00S,293.0,2453.0,14.0,27.0,-13.0,13.0,made_shot,0.1516360274127694,0.8483639725872306,San Antonio Spurs,0,1,0.0
2025-26,0042500404,4,2026-06-10,New York Knicks,San Antonio Spurs,98,1,PT04M40.00S,280.0,2440.0,17.0,27.0,-10.0,10.0,made_shot,0.2144794631758942,0.7855205368241057,San Antonio Spurs,0,1,0.0
2025-26,0042500404,4,2026-06-10,New York Knicks,San Antonio Spurs,100,1,PT04M23.00S,263.0,2423.0,17.0,27.0,-10.0,10.0,foul,0.2172636673072535,0.7827363326927465,San Antonio Spurs,0,1,0.0
2025-26,0042500404,4,2026-06-10,New York Knicks,San Antonio Spurs,102,1,PT04M23.00S,263.0,2423.0,17.0,27.0,-10.0,10.0,substitution,0.2156107647319801,0.7843892352680198,San Antonio Spurs,0,1,0.0
2025-26,0042500404,4,2026-06-10,New York Knicks,San Antonio Spurs,104,1,PT04M23.00S,263.0,2423.0,17.0,27.0,-10.0,10.0,substitution,0.2156107647319801,0.7843892352680198,San Antonio Spurs,0,1,0.0
2025-26,0042500404,4,2026-06-10,New York Knicks,San Antonio Spurs,105,1,PT04M23.00S,263.0,2423.0,17.0,27.0,-10.0,10.0,substitution,0.2156107647319801,0.7843892352680198,San Antonio Spurs,0,1,0.0
2025-26,0042500404,4,2026-06-10,New York Knicks,San Antonio Spurs,106,1,PT04M23.00S,263.0,2423.0,17.0,27.0,-10.0,10.0,substitution,0.2156107647319801,0.7843892352680198,San Antonio Spurs,0,1,0.0
2025-26,0042500404,4,2026-06-10,New York Knicks,San Antonio Spurs,111,1,PT04M15.00S,255.0,2415.0,17.0,30.0,-13.0,13.0,made_shot,0.1491124081761644,0.8508875918238356,San Antonio Spurs,0,1,0.0
2025-26,0042500404,4,2026-06-10,New York Knicks,San Antonio Spurs,113,1,PT03M59.00S,239.0,2399.0,17.0,30.0,-13.0,13.0,foul,0.149555654213342,0.850444345786658,San Antonio Spurs,0,1,0.0
2025-26,0042500404,4,2026-06-10,New York Knicks,San Antonio Spurs,115,1,PT03M59.00S,239.0,2399.0,17.0,30.0,-13.0,13.0,free_throw,0.1500933870710714,0.8499066129289286,San Antonio Spurs,0,1,0.0
2025-26,0042500404,4,2026-06-10,New York Knicks,San Antonio Spurs,116,1,PT03M59.00S,239.0,2399.0,17.0,30.0,-13.0,13.0,rebound,0.1548592205809814,0.8451407794190186,San Antonio Spurs,0,1,0.0
2025-26,0042500404,4,2026-06-10,New York Knicks,San Antonio Spurs,117,1,PT03M59.00S,239.0,2399.0,17.0,30.0,-13.0,13.0,free_throw,0.1501657598909889,0.8498342401090111,San Antonio Spurs,0,1,0.0
2025-26,0042500404,4,2026-06-10,New York Knicks,San Antonio Spurs,118,1,PT03M57.00S,237.0,2397.0,17.0,30.0,-13.0,13.0,rebound,0.1496176756050197,0.8503823243949803,San Antonio Spurs,0,1,0.0
2025-26,0042500404,4,2026-06-10,New York Knicks,San Antonio Spurs,119,1,PT03M44.00S,224.0,2384.0,17.0,30.0,-13.0,13.0,unknown,0.1482509014382996,0.8517490985617003,San Antonio Spurs,0,1,0.0
2025-26,0042500404,4,2026-06-10,New York Knicks,San Antonio Spurs,121,1,PT03M42.00S,222.0,2382.0,17.0,30.0,-13.0,13.0,rebound,0.1497414585537567,0.8502585414462432,San Antonio Spurs,0,1,0.0
2025-26,0042500404,4,2026-06-10,New York Knicks,San Antonio Spurs,122,1,PT03M33.00S,213.0,2373.0,17.0,30.0,-13.0,13.0,unknown,0.1483409828348144,0.8516590171651856,San Antonio Spurs,0,1,0.0
2025-26,0042500404,4,2026-06-10,New York Knicks,San Antonio Spurs,124,1,PT03M32.00S,212.0,2372.0,17.0,30.0,-13.0,13.0,jump_ball,0.1518329926054922,0.8481670073945078,San Antonio Spurs,0,1,0.0
2025-26,0042500404,4,2026-06-10,New York Knicks,San Antonio Spurs,127,1,PT03M32.00S,212.0,2372.0,17.0,30.0,-13.0,13.0,foul,0.1531965140911195,0.8468034859088804,San Antonio Spurs,0,1,0.0
2025-26,0042500404,4,2026-06-10,New York Knicks,San Antonio Spurs,129,1,PT03M32.00S,212.0,2372.0,17.0,30.0,-13.0,13.0,substitution,0.150158290006572,0.8498417099934279,San Antonio Spurs,0,1,0.0
2025-26,0042500404,4,2026-06-10,New York Knicks,San Antonio Spurs,130,1,PT03M32.00S,212.0,2372.0,17.0,30.0,-13.0,13.0,substitution,0.150158290006572,0.8498417099934279,San Antonio Spurs,0,1,0.0
2025-26,0042500404,4,2026-06-10,New York Knicks,San Antonio Spurs,133,1,PT03M19.00S,199.0,2359.0,17.0,30.0,-13.0,13.0,missed_shot,0.1537486368898434,0.8462513631101566,San Antonio Spurs,0,1,0.0
2025-26,0042500404,4,2026-06-10,New York Knicks,San Antonio Spurs,134,1,PT03M17.00S,197.0,2357.0,17.0,30.0,-13.0,13.0,rebound,0.1499479509514921,0.8500520490485078,San Antonio Spurs,0,1,0.0
2025-26,0042500404,4,2026-06-10,New York Knicks,San Antonio Spurs,135,1,PT03M17.00S,197.0,2357.0,17.0,32.0,-15.0,15.0,made_shot,0.1169232254261536,0.8830767745738464,San Antonio Spurs,0,1,0.0
2025-26,0042500404,4,2026-06-10,New York Knicks,San Antonio Spurs,136,1,PT02M53.00S,173.0,2333.0,17.0,32.0,-15.0,15.0,foul,0.1160237529243731,0.8839762470756268,San Antonio Spurs,0,1,0.0
2025-26,0042500404,4,2026-06-10,New York Knicks,San Antonio Spurs,138,1,PT02M53.00S,173.0,2333.0,18.0,32.0,-14.0,14.0,free_throw,0.13179666984273,0.8682033301572699,San Antonio Spurs,0,1,0.0
2025-26,0042500404,4,2026-06-10,New York Knicks,San Antonio Spurs,139,1,PT02M53.00S,173.0,2333.0,18.0,32.0,-14.0,14.0,substitution,0.1321491826163442,0.8678508173836557,San Antonio Spurs,0,1,0.0
2025-26,0042500404,4,2026-06-10,New York Knicks,San Antonio Spurs,141,1,PT02M53.00S,173.0,2333.0,19.0,32.0,-13.0,13.0,free_throw,0.149436038712925,0.850563961287075,San Antonio Spurs,0,1,0.0
2025-26,0042500404,4,2026-06-10,New York Knicks,San Antonio Spurs,142,1,PT02M29.00S,149.0,2309.0,19.0,34.0,-15.0,15.0,made_shot,0.1153500420158859,0.884649957984114,San Antonio Spurs,0,1,0.0
2025-26,0042500404,4,2026-06-10,New York Knicks,San Antonio Spurs,143,1,PT02M15.00S,135.0,2295.0,19.0,34.0,-15.0,15.0,foul,0.1181191692415857,0.8818808307584143,San Antonio Spurs,0,1,0.0
2025-26,0042500404,4,2026-06-10,New York Knicks,San Antonio Spurs,144,1,PT02M15.00S,135.0,2295.0,20.0,34.0,-14.0,14.0,free_throw,0.1378331445054071,0.8621668554945928,San Antonio Spurs,0,1,0.0
2025-26,0042500404,4,2026-06-10,New York Knicks,San Antonio Spurs,145,1,PT02M15.00S,135.0,2295.0,20.0,34.0,-14.0,14.0,substitution,0.1317796568743961,0.8682203431256038,San Antonio Spurs,0,1,0.0
2025-26,0042500404,4,2026-06-10,New York Knicks,San Antonio Spurs,146,1,PT02M15.00S,135.0,2295.0,20.0,34.0,-14.0,14.0,substitution,0.1317796568743961,0.8682203431256038,San Antonio Spurs,0,1,0.0
2025-26,0042500404,4,2026-06-10,New York Knicks,San Antonio Spurs,149,1,PT02M05.00S,125.0,2285.0,20.0,34.0,-14.0,14.0,missed_shot,0.1317491148299808,0.8682508851700191,San Antonio Spurs,0,1,0.0
2025-26,0042500404,4,2026-06-10,New York Knicks,San Antonio Spurs,150,1,PT02M02.00S,122.0,2282.0,20.0,34.0,-14.0,14.0,rebound,0.1315762581369624,0.8684237418630376,San Antonio Spurs,0,1,0.0
2025-26,0042500404,4,2026-06-10,New York Knicks,San Antonio Spurs,151,1,PT01M50.00S,110.0,2270.0,20.0,34.0,-14.0,14.0,foul,0.1343334356736542,0.8656665643263458,San Antonio Spurs,0,1,0.0
2025-26,0042500404,4,2026-06-10,New York Knicks,San Antonio Spurs,152,1,PT01M50.00S,110.0,2270.0,20.0,35.0,-15.0,15.0,free_throw,0.1212979351114559,0.8787020648885441,San Antonio Spurs,0,1,0.0
2025-26,0042500404,4,2026-06-10,New York Knicks,San Antonio Spurs,153,1,PT01M50.00S,110.0,2270.0,20.0,35.0,-15.0,15.0,substitution,0.1158730559155667,0.8841269440844333,San Antonio Spurs,0,1,0.0
2025-26,0042500404,4,2026-06-10,New York Knicks,San Antonio Spurs,154,1,PT01M50.00S,110.0,2270.0,20.0,35.0,-15.0,15.0,substitution,0.1158730559155667,0.8841269440844333,San Antonio Spurs,0,1,0.0
2025-26,0042500404,4,2026-06-10,New York Knicks,San Antonio Spurs,155,1,PT01M50.00S,110.0,2270.0,20.0,35.0,-15.0,15.0,substitution,0.1158730559155667,0.8841269440844333,San Antonio Spurs,0,1,0.0
2025-26,0042500404,4,2026-06-10,New York Knicks,San Antonio Spurs,159,1,PT01M39.00S,99.0,2259.0,20.0,35.0,-15.0,15.0,missed_shot,0.1158523497300035,0.8841476502699964,San Antonio Spurs,0,1,0.0
2025-26,0042500404,4,2026-06-10,New York Knicks,San Antonio Spurs,160,1,PT01M37.00S,97.0,2257.0,20.0,35.0,-15.0,15.0,rebound,0.115690937137008,0.8843090628629919,San Antonio Spurs,0,1,0.0
2025-26,0042500404,4,2026-06-10,New York Knicks,San Antonio Spurs,161,1,PT01M17.00S,77.0,2237.0,20.0,35.0,-15.0,15.0,missed_shot,0.1160157966140585,0.8839842033859414,San Antonio Spurs,0,1,0.0
2025-26,0042500404,4,2026-06-10,New York Knicks,San Antonio Spurs,162,1,PT01M14.00S,74.0,2234.0,20.0,35.0,-15.0,15.0,rebound,0.1158435898721459,0.8841564101278541,San Antonio Spurs,0,1,0.0
2025-26,0042500404,4,2026-06-10,New York Knicks,San Antonio Spurs,164,1,PT01M04.00S,64.0,2224.0,20.0,35.0,-15.0,15.0,missed_shot,0.1160849984751933,0.8839150015248066,San Antonio Spurs,0,1,0.0
2025-26,0042500404,4,2026-06-10,New York Knicks,San Antonio Spurs,165,1,PT01M02.00S,62.0,2222.0,20.0,35.0,-15.0,15.0,rebound,0.1159233042407609,0.8840766957592391,San Antonio Spurs,0,1,0.0
2025-26,0042500404,4,2026-06-10,New York Knicks,San Antonio Spurs,167,1,PT01M02.00S,62.0,2222.0,20.0,35.0,-15.0,15.0,substitution,0.1161922699114757,0.8838077300885242,San Antonio Spurs,0,1,0.0
2025-26,0042500404,4,2026-06-10,New York Knicks,San Antonio Spurs,169,1,PT00M45.90S,45.9,2205.9,20.0,37.0,-17.0,17.0,made_shot,0.0891436383296958,0.910856361670304,San Antonio Spurs,0,1,0.0
2025-26,0042500404,4,2026-06-10,New York Knicks,San Antonio Spurs,170,1,PT00M41.70S,41.7,2201.7,20.0,37.0,-17.0,17.0,foul,0.0902140022211244,0.9097859977788756,San Antonio Spurs,0,1,0.0
2025-26,0042500404,4,2026-06-10,New York Knicks,San Antonio Spurs,172,1,PT00M41.70S,41.7,2201.7,20.0,37.0,-17.0,17.0,turnover,0.0890754838938369,0.9109245161061632,San Antonio Spurs,0,1,0.0
2025-26,0042500404,4,2026-06-10,New York Knicks,San Antonio Spurs,173,1,PT00M41.70S,41.7,2201.7,20.0,37.0,-17.0,17.0,instant_replay,0.0904884189952958,0.9095115810047042,San Antonio Spurs,0,1,0.0
2025-26,0042500404,4,2026-06-10,New York Knicks,San Antonio Spurs,174,1,PT00M41.70S,41.7,2201.7,20.0,38.0,-18.0,18.0,free_throw,0.0805602203053571,0.9194397796946427,San Antonio Spurs,0,1,0.0
2025-26,0042500404,4,2026-06-10,New York Knicks,San Antonio Spurs,175,1,PT00M41.70S,41.7,2201.7,20.0,38.0,-18.0,18.0,substitution,0.0777790139852285,0.9222209860147714,San Antonio Spurs,0,1,0.0
2025-26,0042500404,4,2026-06-10,New York Knicks,San Antonio Spurs,177,1,PT00M41.70S,41.7,2201.7,20.0,39.0,-19.0,19.0,free_throw,0.0702509956971129,0.9297490043028872,San Antonio Spurs,0,1,0.0
2025-26,0042500404,4,2026-06-10,New York Knicks,San Antonio Spurs,179,1,PT00M27.70S,27.7,2187.7,20.0,41.0,-21.0,21.0,made_shot,0.051035908962488,0.948964091037512,San Antonio Spurs,0,1,0.0
2025-26,0042500404,4,2026-06-10,New York Knicks,San Antonio Spurs,181,1,PT00M19.70S,19.7,2179.7,20.0,41.0,-21.0,21.0,foul,0.0518097590792095,0.9481902409207904,San Antonio Spurs,0,1,0.0
2025-26,0042500404,4,2026-06-10,New York Knicks,San Antonio Spurs,183,1,PT00M19.70S,19.7,2179.7,21.0,41.0,-20.0,20.0,free_throw,0.0587325625778368,0.9412674374221632,San Antonio Spurs,0,1,0.0
2025-26,0042500404,4,2026-06-10,New York Knicks,San Antonio Spurs,184,1,PT00M19.70S,19.7,2179.7,21.0,41.0,-20.0,20.0,substitution,0.0589029112391251,0.9410970887608748,San Antonio Spurs,0,1,0.0
2025-26,0042500404,4,2026-06-10,New York Knicks,San Antonio Spurs,186,1,PT00M19.70S,19.7,2179.7,22.0,41.0,-19.0,19.0,free_throw,0.0673517919455548,0.9326482080544451,San Antonio Spurs,0,1,0.0
2025-26,0042500404,4,2026-06-10,New York Knicks,San Antonio Spurs,187,1,PT00M03.80S,3.8,2163.8,22.0,41.0,-19.0,19.0,missed_shot,0.0686602323224168,0.9313397676775832,San Antonio Spurs,0,1,0.0
2025-26,0042500404,4,2026-06-10,New York Knicks,San Antonio Spurs,188,1,PT00M01.60S,1.6,2161.6,22.0,41.0,-19.0,19.0,rebound,0.0674185163691863,0.9325814836308136,San Antonio Spurs,0,1,0.0
2025-26,0042500404,4,2026-06-10,New York Knicks,San Antonio Spurs,189,1,PT00M00.00S,0.0,2160.0,22.0,41.0,-19.0,19.0,end_period,0.0658542792353121,0.934145720764688,San Antonio Spurs,0,1,0.0
2025-26,0042500404,4,2026-06-10,New York Knicks,San Antonio Spurs,196,2,PT12M00.00S,720.0,2160.0,22.0,41.0,-19.0,19.0,start_period,0.0666242332987432,0.9333757667012568,San Antonio Spurs,0,1,0.0
2025-26,0042500404,4,2026-06-10,New York Knicks,San Antonio Spurs,197,2,PT11M36.00S,696.0,2136.0,25.0,41.0,-16.0,16.0,made_shot,0.1009492045318319,0.8990507954681681,San Antonio Spurs,0,1,0.0
2025-26,0042500404,4,2026-06-10,New York Knicks,San Antonio Spurs,199,2,PT11M21.00S,681.0,2121.0,25.0,44.0,-19.0,19.0,made_shot,0.067170660804113,0.932829339195887,San Antonio Spurs,0,1,0.0
2025-26,0042500404,4,2026-06-10,New York Knicks,San Antonio Spurs,201,2,PT11M06.00S,666.0,2106.0,25.0,44.0,-19.0,19.0,unknown,0.066691324769603,0.933308675230397,San Antonio Spurs,0,1,0.0
2025-26,0042500404,4,2026-06-10,New York Knicks,San Antonio Spurs,203,2,PT10M45.00S,645.0,2085.0,25.0,47.0,-22.0,22.0,made_shot,0.044964778237338,0.955035221762662,San Antonio Spurs,0,1,0.0
2025-26,0042500404,4,2026-06-10,New York Knicks,San Antonio Spurs,204,2,PT10M45.00S,645.0,2085.0,25.0,47.0,-22.0,22.0,foul,0.0454479245770038,0.954552075422996,San Antonio Spurs,0,1,0.0
2025-26,0042500404,4,2026-06-10,New York Knicks,San Antonio Spurs,207,2,PT10M45.00S,645.0,2085.0,25.0,47.0,-22.0,22.0,instant_replay,0.0452949905111359,0.954705009488864,San Antonio Spurs,0,1,0.0
2025-26,0042500404,4,2026-06-10,New York Knicks,San Antonio Spurs,208,2,PT10M45.00S,645.0,2085.0,25.0,48.0,-23.0,23.0,free_throw,0.0392883368119935,0.9607116631880064,San Antonio Spurs,0,1,0.0
2025-26,0042500404,4,2026-06-10,New York Knicks,San Antonio Spurs,209,2,PT10M45.00S,645.0,2085.0,25.0,48.0,-23.0,23.0,substitution,0.0385420839302812,0.9614579160697188,San Antonio Spurs,0,1,0.0
2025-26,0042500404,4,2026-06-10,New York Knicks,San Antonio Spurs,212,2,PT10M35.00S,635.0,2075.0,25.0,48.0,-23.0,23.0,foul,0.0389291309889144,0.9610708690110856,San Antonio Spurs,0,1,0.0
2025-26,0042500404,4,2026-06-10,New York Knicks,San Antonio Spurs,214,2,PT10M29.00S,629.0,2069.0,25.0,48.0,-23.0,23.0,missed_shot,0.0392199868718478,0.960780013128152,San Antonio Spurs,0,1,0.0
2025-26,0042500404,4,2026-06-10,New York Knicks,San Antonio Spurs,215,2,PT10M26.00S,626.0,2066.0,25.0,48.0,-23.0,23.0,rebound,0.0384906124226951,0.9615093875773048,San Antonio Spurs,0,1,0.0
2025-26,0042500404,4,2026-06-10,New York Knicks,San Antonio Spurs,216,2,PT10M25.00S,625.0,2065.0,27.0,48.0,-21.0,21.0,made_shot,0.0505522157122814,0.9494477842877186,San Antonio Spurs,0,1,0.0
2025-26,0042500404,4,2026-06-10,New York Knicks,San Antonio Spurs,217,2,PT10M25.00S,625.0,2065.0,27.0,48.0,-21.0,21.0,foul,0.0508228899232904,0.9491771100767096,San Antonio Spurs,0,1,0.0
2025-26,0042500404,4,2026-06-10,New York Knicks,San Antonio Spurs,219,2,PT10M25.00S,625.0,2065.0,28.0,48.0,-20.0,20.0,free_throw,0.0595944791894195,0.9404055208105804,San Antonio Spurs,0,1,0.0
2025-26,0042500404,4,2026-06-10,New York Knicks,San Antonio Spurs,221,2,PT10M06.00S,606.0,2046.0,28.0,48.0,-20.0,20.0,missed_shot,0.0585034409518736,0.9414965590481263,San Antonio Spurs,0,1,0.0
2025-26,0042500404,4,2026-06-10,New York Knicks,San Antonio Spurs,222,2,PT10M03.00S,603.0,2043.0,28.0,48.0,-20.0,20.0,rebound,0.0584202175735923,0.9415797824264076,San Antonio Spurs,0,1,0.0
2025-26,0042500404,4,2026-06-10,New York Knicks,San Antonio Spurs,223,2,PT09M58.00S,598.0,2038.0,30.0,48.0,-18.0,18.0,made_shot,0.0774459298841627,0.9225540701158372,San Antonio Spurs,0,1,0.0
2025-26,0042500404,4,2026-06-10,New York Knicks,San Antonio Spurs,224,2,PT09M42.00S,582.0,2022.0,30.0,51.0,-21.0,21.0,made_shot,0.0504207957950862,0.9495792042049136,San Antonio Spurs,0,1,0.0
2025-26,0042500404,4,2026-06-10,New York Knicks,San Antonio Spurs,226,2,PT09M25.00S,565.0,2005.0,30.0,51.0,-21.0,21.0,missed_shot,0.050698574756542,0.949301425243458,San Antonio Spurs,0,1,0.0
2025-26,0042500404,4,2026-06-10,New York Knicks,San Antonio Spurs,227,2,PT09M22.00S,562.0,2002.0,30.0,51.0,-21.0,21.0,rebound,0.0506258570864177,0.9493741429135822,San Antonio Spurs,0,1,0.0
2025-26,0042500404,4,2026-06-10,New York Knicks,San Antonio Spurs,228,2,PT09M16.00S,556.0,1996.0,30.0,54.0,-24.0,24.0,made_shot,0.0329529721025916,0.9670470278974084,San Antonio Spurs,0,1,0.0
2025-26,0042500404,4,2026-06-10,New York Knicks,San Antonio Spurs,230,2,PT08M56.00S,536.0,1976.0,32.0,54.0,-22.0,22.0,made_shot,0.0434112904238293,0.9565887095761708,San Antonio Spurs,0,1,0.0
2025-26,0042500404,4,2026-06-10,New York Knicks,San Antonio Spurs,231,2,PT08M43.00S,523.0,1963.0,32.0,57.0,-25.0,25.0,made_shot,0.0284394087623381,0.9715605912376618,San Antonio Spurs,0,1,0.0
2025-26,0042500404,4,2026-06-10,New York Knicks,San Antonio Spurs,233,2,PT08M26.00S,506.0,1946.0,32.0,57.0,-25.0,25.0,foul,0.0288974299128998,0.9711025700871002,San Antonio Spurs,0,1,0.0
2025-26,0042500404,4,2026-06-10,New York Knicks,San Antonio Spurs,235,2,PT08M26.00S,506.0,1946.0,32.0,57.0,-25.0,25.0,substitution,0.0286251757130793,0.9713748242869208,San Antonio Spurs,0,1,0.0
2025-26,0042500404,4,2026-06-10,New York Knicks,San Antonio Spurs,236,2,PT08M26.00S,506.0,1946.0,32.0,57.0,-25.0,25.0,substitution,0.0286251757130793,0.9713748242869208,San Antonio Spurs,0,1,0.0
2025-26,0042500404,4,2026-06-10,New York Knicks,San Antonio Spurs,237,2,PT08M26.00S,506.0,1946.0,32.0,57.0,-25.0,25.0,substitution,0.0286251757130793,0.9713748242869208,San Antonio Spurs,0,1,0.0
2025-26,0042500404,4,2026-06-10,New York Knicks,San Antonio Spurs,238,2,PT08M26.00S,506.0,1946.0,32.0,57.0,-25.0,25.0,substitution,0.0286251757130793,0.9713748242869208,San Antonio Spurs,0,1,0.0
2025-26,0042500404,4,2026-06-10,New York Knicks,San Antonio Spurs,243,2,PT08M26.00S,506.0,1946.0,32.0,57.0,-25.0,25.0,substitution,0.0286251757130793,0.9713748242869208,San Antonio Spurs,0,1,0.0
2025-26,0042500404,4,2026-06-10,New York Knicks,San Antonio Spurs,245,2,PT08M26.00S,506.0,1946.0,32.0,57.0,-25.0,25.0,substitution,0.0286251757130793,0.9713748242869208,San Antonio Spurs,0,1,0.0
2025-26,0042500404,4,2026-06-10,New York Knicks,San Antonio Spurs,247,2,PT08M21.00S,501.0,1941.0,32.0,57.0,-25.0,25.0,missed_shot,0.0286134198843954,0.9713865801156044,San Antonio Spurs,0,1,0.0
2025-26,0042500404,4,2026-06-10,New York Knicks,San Antonio Spurs,248,2,PT08M18.00S,498.0,1938.0,32.0,57.0,-25.0,25.0,rebound,0.0285667553804406,0.9714332446195594,San Antonio Spurs,0,1,0.0
2025-26,0042500404,4,2026-06-10,New York Knicks,San Antonio Spurs,249,2,PT08M06.00S,486.0,1926.0,32.0,57.0,-25.0,25.0,missed_shot,0.0286357828063834,0.9713642171936164,San Antonio Spurs,0,1,0.0
2025-26,0042500404,4,2026-06-10,New York Knicks,San Antonio Spurs,250,2,PT08M03.00S,483.0,1923.0,32.0,57.0,-25.0,25.0,rebound,0.0285937569322017,0.9714062430677982,San Antonio Spurs,0,1,0.0
2025-26,0042500404,4,2026-06-10,New York Knicks,San Antonio Spurs,251,2,PT07M59.00S,479.0,1919.0,34.0,57.0,-23.0,23.0,made_shot,0.0382986208657364,0.9617013791342636,San Antonio Spurs,0,1,0.0
2025-26,0042500404,4,2026-06-10,New York Knicks,San Antonio Spurs,253,2,PT07M53.00S,473.0,1913.0,34.0,59.0,-25.0,25.0,made_shot,0.0276453527903237,0.9723546472096762,San Antonio Spurs,0,1,0.0
2025-26,0042500404,4,2026-06-10,New York Knicks,San Antonio Spurs,255,2,PT07M34.00S,454.0,1894.0,34.0,59.0,-25.0,25.0,missed_shot,0.0285400676423299,0.97145993235767,San Antonio Spurs,0,1,0.0
2025-26,0042500404,4,2026-06-10,New York Knicks,San Antonio Spurs,256,2,PT07M31.00S,451.0,1891.0,34.0,59.0,-25.0,25.0,rebound,0.0284935192566617,0.9715064807433382,San Antonio Spurs,0,1,0.0
2025-26,0042500404,4,2026-06-10,New York Knicks,San Antonio Spurs,257,2,PT07M31.00S,451.0,1891.0,34.0,59.0,-25.0,25.0,foul,0.0292287931081296,0.9707712068918704,San Antonio Spurs,0,1,0.0
2025-26,0042500404,4,2026-06-10,New York Knicks,San Antonio Spurs,259,2,PT07M21.00S,441.0,1881.0,34.0,59.0,-25.0,25.0,missed_shot,0.0285634463385169,0.971436553661483,San Antonio Spurs,0,1,0.0
2025-26,0042500404,4,2026-06-10,New York Knicks,San Antonio Spurs,260,2,PT07M19.00S,439.0,1879.0,34.0,59.0,-25.0,25.0,rebound,0.0285150647688845,0.9714849352311156,San Antonio Spurs,0,1,0.0
2025-26,0042500404,4,2026-06-10,New York Knicks,San Antonio Spurs,262,2,PT07M18.00S,438.0,1878.0,34.0,59.0,-25.0,25.0,unknown,0.0281965395941693,0.9718034604058308,San Antonio Spurs,0,1,0.0
2025-26,0042500404,4,2026-06-10,New York Knicks,San Antonio Spurs,264,2,PT07M16.00S,436.0,1876.0,34.0,59.0,-25.0,25.0,missed_shot,0.0293533137312609,0.9706466862687392,San Antonio Spurs,0,1,0.0
2025-26,0042500404,4,2026-06-10,New York Knicks,San Antonio Spurs,265,2,PT07M14.00S,434.0,1874.0,34.0,59.0,-25.0,25.0,rebound,0.0285240467321088,0.9714759532678912,San Antonio Spurs,0,1,0.0
2025-26,0042500404,4,2026-06-10,New York Knicks,San Antonio Spurs,266,2,PT07M00.00S,420.0,1860.0,34.0,59.0,-25.0,25.0,foul,0.0288942390987662,0.9711057609012338,San Antonio Spurs,0,1,0.0
2025-26,0042500404,4,2026-06-10,New York Knicks,San Antonio Spurs,268,2,PT07M00.00S,420.0,1860.0,34.0,59.0,-25.0,25.0,substitution,0.0286220140748396,0.9713779859251604,San Antonio Spurs,0,1,0.0
2025-26,0042500404,4,2026-06-10,New York Knicks,San Antonio Spurs,269,2,PT07M00.00S,420.0,1860.0,34.0,59.0,-25.0,25.0,substitution,0.0286220140748396,0.9713779859251604,San Antonio Spurs,0,1,0.0
2025-26,0042500404,4,2026-06-10,New York Knicks,San Antonio Spurs,272,2,PT06M56.00S,416.0,1856.0,34.0,59.0,-25.0,25.0,foul,0.0288031030421347,0.9711968969578652,San Antonio Spurs,0,1,0.0
2025-26,0042500404,4,2026-06-10,New York Knicks,San Antonio Spurs,274,2,PT06M56.00S,416.0,1856.0,34.0,59.0,-25.0,25.0,instant_replay,0.0291930167399081,0.9708069832600918,San Antonio Spurs,0,1,0.0
2025-26,0042500404,4,2026-06-10,New York Knicks,San Antonio Spurs,275,2,PT06M56.00S,416.0,1856.0,34.0,59.0,-25.0,25.0,timeout,0.0283045745848515,0.9716954254151484,San Antonio Spurs,0,1,0.0
2025-26,0042500404,4,2026-06-10,New York Knicks,San Antonio Spurs,276,2,PT06M56.00S,416.0,1856.0,34.0,59.0,-25.0,25.0,free_throw,0.0286637829282292,0.9713362170717708,San Antonio Spurs,0,1,0.0
2025-26,0042500404,4,2026-06-10,New York Knicks,San Antonio Spurs,277,2,PT06M56.00S,416.0,1856.0,34.0,59.0,-25.0,25.0,rebound,0.0297087049742898,0.97029129502571,San Antonio Spurs,0,1,0.0
2025-26,0042500404,4,2026-06-10,New York Knicks,San Antonio Spurs,278,2,PT06M56.00S,416.0,1856.0,34.0,59.0,-25.0,25.0,free_throw,0.0286795799689179,0.971320420031082,San Antonio Spurs,0,1,0.0
2025-26,0042500404,4,2026-06-10,New York Knicks,San Antonio Spurs,279,2,PT06M55.00S,415.0,1855.0,34.0,59.0,-25.0,25.0,rebound,0.028558203243801,0.9714417967561988,San Antonio Spurs,0,1,0.0
2025-26,0042500404,4,2026-06-10,New York Knicks,San Antonio Spurs,280,2,PT06M54.00S,414.0,1854.0,34.0,59.0,-25.0,25.0,foul,0.0288067307102608,0.9711932692897391,San Antonio Spurs,0,1,0.0
2025-26,0042500404,4,2026-06-10,New York Knicks,San Antonio Spurs,282,2,PT06M54.00S,414.0,1854.0,34.0,59.0,-25.0,25.0,substitution,0.0286328319955133,0.9713671680044866,San Antonio Spurs,0,1,0.0
2025-26,0042500404,4,2026-06-10,New York Knicks,San Antonio Spurs,284,2,PT06M44.00S,404.0,1844.0,34.0,59.0,-25.0,25.0,foul,0.0289233619901708,0.9710766380098292,San Antonio Spurs,0,1,0.0
2025-26,0042500404,4,2026-06-10,New York Knicks,San Antonio Spurs,286,2,PT06M44.00S,404.0,1844.0,34.0,59.0,-25.0,25.0,substitution,0.0286508706820954,0.9713491293179046,San Antonio Spurs,0,1,0.0
2025-26,0042500404,4,2026-06-10,New York Knicks,San Antonio Spurs,288,2,PT06M38.00S,398.0,1838.0,34.0,59.0,-25.0,25.0,unknown,0.0282676920984521,0.971732307901548,San Antonio Spurs,0,1,0.0
2025-26,0042500404,4,2026-06-10,New York Knicks,San Antonio Spurs,290,2,PT06M35.00S,395.0,1835.0,36.0,59.0,-23.0,23.0,made_shot,0.0375902702321944,0.9624097297678056,San Antonio Spurs,0,1,0.0
2025-26,0042500404,4,2026-06-10,New York Knicks,San Antonio Spurs,291,2,PT06M16.00S,376.0,1816.0,36.0,59.0,-23.0,23.0,unknown,0.0375141924844292,0.9624858075155708,San Antonio Spurs,0,1,0.0
2025-26,0042500404,4,2026-06-10,New York Knicks,San Antonio Spurs,292,2,PT06M14.00S,374.0,1814.0,36.0,59.0,-23.0,23.0,rebound,0.0379409661374959,0.962059033862504,San Antonio Spurs,0,1,0.0
2025-26,0042500404,4,2026-06-10,New York Knicks,San Antonio Spurs,293,2,PT06M11.00S,371.0,1811.0,38.0,59.0,-21.0,21.0,made_shot,0.04973629821706,0.95026370178294,San Antonio Spurs,0,1,0.0
2025-26,0042500404,4,2026-06-10,New York Knicks,San Antonio Spurs,294,2,PT06M10.00S,370.0,1810.0,38.0,59.0,-21.0,21.0,timeout,0.0497002444375164,0.9502997555624836,San Antonio Spurs,0,1,0.0
2025-26,0042500404,4,2026-06-10,New York Knicks,San Antonio Spurs,296,2,PT06M10.00S,370.0,1810.0,38.0,59.0,-21.0,21.0,substitution,0.0502576090901333,0.9497423909098668,San Antonio Spurs,0,1,0.0
2025-26,0042500404,4,2026-06-10,New York Knicks,San Antonio Spurs,297,2,PT06M10.00S,370.0,1810.0,38.0,59.0,-21.0,21.0,substitution,0.0502576090901333,0.9497423909098668,San Antonio Spurs,0,1,0.0
2025-26,0042500404,4,2026-06-10,New York Knicks,San Antonio Spurs,298,2,PT06M10.00S,370.0,1810.0,38.0,59.0,-21.0,21.0,substitution,0.0502576090901333,0.9497423909098668,San Antonio Spurs,0,1,0.0
2025-26,0042500404,4,2026-06-10,New York Knicks,San Antonio Spurs,302,2,PT05M53.00S,353.0,1793.0,38.0,59.0,-21.0,21.0,jump_ball,0.0509380997450882,0.9490619002549118,San Antonio Spurs,0,1,0.0
2025-26,0042500404,4,2026-06-10,New York Knicks,San Antonio Spurs,305,2,PT05M46.00S,346.0,1786.0,38.0,62.0,-24.0,24.0,made_shot,0.0326628513710966,0.9673371486289034,San Antonio Spurs,0,1,0.0
2025-26,0042500404,4,2026-06-10,New York Knicks,San Antonio Spurs,307,2,PT05M28.00S,328.0,1768.0,38.0,62.0,-24.0,24.0,missed_shot,0.0326607039814709,0.967339296018529,San Antonio Spurs,0,1,0.0
2025-26,0042500404,4,2026-06-10,New York Knicks,San Antonio Spurs,308,2,PT05M26.00S,326.0,1766.0,38.0,62.0,-24.0,24.0,rebound,0.0327981856427954,0.9672018143572046,San Antonio Spurs,0,1,0.0
2025-26,0042500404,4,2026-06-10,New York Knicks,San Antonio Spurs,309,2,PT05M21.00S,321.0,1761.0,38.0,62.0,-24.0,24.0,missed_shot,0.0323347522136785,0.9676652477863216,San Antonio Spurs,0,1,0.0
2025-26,0042500404,4,2026-06-10,New York Knicks,San Antonio Spurs,310,2,PT05M18.00S,318.0,1758.0,38.0,62.0,-24.0,24.0,rebound,0.0328146440047986,0.9671853559952014,San Antonio Spurs,0,1,0.0
2025-26,0042500404,4,2026-06-10,New York Knicks,San Antonio Spurs,311,2,PT05M09.00S,309.0,1749.0,38.0,62.0,-24.0,24.0,foul,0.032821806727687,0.9671781932723128,San Antonio Spurs,0,1,0.0
2025-26,0042500404,4,2026-06-10,New York Knicks,San Antonio Spurs,313,2,PT05M09.00S,309.0,1749.0,39.0,62.0,-23.0,23.0,free_throw,0.0377670353495897,0.9622329646504102,San Antonio Spurs,0,1,0.0
2025-26,0042500404,4,2026-06-10,New York Knicks,San Antonio Spurs,314,2,PT05M09.00S,309.0,1749.0,39.0,62.0,-23.0,23.0,substitution,0.0378790224302947,0.9621209775697052,San Antonio Spurs,0,1,0.0
2025-26,0042500404,4,2026-06-10,New York Knicks,San Antonio Spurs,316,2,PT05M09.00S,309.0,1749.0,40.0,62.0,-22.0,22.0,free_throw,0.0434515253387316,0.9565484746612684,San Antonio Spurs,0,1,0.0
2025-26,0042500404,4,2026-06-10,New York Knicks,San Antonio Spurs,317,2,PT04M59.00S,299.0,1739.0,40.0,64.0,-24.0,24.0,made_shot,0.0332165119460848,0.9667834880539152,San Antonio Spurs,0,1,0.0
2025-26,0042500404,4,2026-06-10,New York Knicks,San Antonio Spurs,319,2,PT04M32.00S,272.0,1712.0,40.0,64.0,-24.0,24.0,missed_shot,0.0333674754656101,0.96663252453439,San Antonio Spurs,0,1,0.0
2025-26,0042500404,4,2026-06-10,New York Knicks,San Antonio Spurs,320,2,PT04M31.00S,271.0,1711.0,40.0,64.0,-24.0,24.0,rebound,0.0327308845676475,0.9672691154323524,San Antonio Spurs,0,1,0.0
2025-26,0042500404,4,2026-06-10,New York Knicks,San Antonio Spurs,321,2,PT04M31.00S,271.0,1711.0,40.0,64.0,-24.0,24.0,turnover,0.0337406946756371,0.9662593053243628,San Antonio Spurs,0,1,0.0
2025-26,0042500404,4,2026-06-10,New York Knicks,San Antonio Spurs,322,2,PT04M19.00S,259.0,1699.0,40.0,66.0,-26.0,26.0,made_shot,0.025154393374995,0.974845606625005,San Antonio Spurs,0,1,0.0
2025-26,0042500404,4,2026-06-10,New York Knicks,San Antonio Spurs,323,2,PT04M06.00S,246.0,1686.0,42.0,66.0,-24.0,24.0,made_shot,0.0331442261362423,0.9668557738637577,San Antonio Spurs,0,1,0.0
2025-26,0042500404,4,2026-06-10,New York Knicks,San Antonio Spurs,325,2,PT03M47.00S,227.0,1667.0,42.0,69.0,-27.0,27.0,made_shot,0.0210989209788099,0.97890107902119,San Antonio Spurs,0,1,0.0
2025-26,0042500404,4,2026-06-10,New York Knicks,San Antonio Spurs,327,2,PT03M28.00S,208.0,1648.0,42.0,69.0,-27.0,27.0,missed_shot,0.0212249582762073,0.9787750417237928,San Antonio Spurs,0,1,0.0
2025-26,0042500404,4,2026-06-10,New York Knicks,San Antonio Spurs,328,2,PT03M25.00S,205.0,1645.0,42.0,69.0,-27.0,27.0,rebound,0.0211900804723549,0.9788099195276452,San Antonio Spurs,0,1,0.0
2025-26,0042500404,4,2026-06-10,New York Knicks,San Antonio Spurs,330,2,PT03M15.00S,195.0,1635.0,42.0,69.0,-27.0,27.0,missed_shot,0.0212389771670734,0.9787610228329264,San Antonio Spurs,0,1,0.0
2025-26,0042500404,4,2026-06-10,New York Knicks,San Antonio Spurs,331,2,PT03M12.00S,192.0,1632.0,42.0,69.0,-27.0,27.0,rebound,0.0212075698379298,0.9787924301620702,San Antonio Spurs,0,1,0.0
2025-26,0042500404,4,2026-06-10,New York Knicks,San Antonio Spurs,332,2,PT03M06.00S,186.0,1626.0,42.0,71.0,-29.0,29.0,made_shot,0.0160238402814712,0.9839761597185288,San Antonio Spurs,0,1,0.0
2025-26,0042500404,4,2026-06-10,New York Knicks,San Antonio Spurs,333,2,PT02M51.00S,171.0,1611.0,42.0,71.0,-29.0,29.0,foul,0.0160628038595335,0.9839371961404664,San Antonio Spurs,0,1,0.0
2025-26,0042500404,4,2026-06-10,New York Knicks,San Antonio Spurs,335,2,PT02M51.00S,171.0,1611.0,43.0,71.0,-28.0,28.0,free_throw,0.0183013031841335,0.9816986968158664,San Antonio Spurs,0,1,0.0
2025-26,0042500404,4,2026-06-10,New York Knicks,San Antonio Spurs,336,2,PT02M51.00S,171.0,1611.0,43.0,71.0,-28.0,28.0,substitution,0.0183566714701899,0.98164332852981,San Antonio Spurs,0,1,0.0
2025-26,0042500404,4,2026-06-10,New York Knicks,San Antonio Spurs,338,2,PT02M51.00S,171.0,1611.0,43.0,71.0,-28.0,28.0,substitution,0.0183566714701899,0.98164332852981,San Antonio Spurs,0,1,0.0
2025-26,0042500404,4,2026-06-10,New York Knicks,San Antonio Spurs,340,2,PT02M51.00S,171.0,1611.0,43.0,71.0,-28.0,28.0,free_throw,0.0183893000686884,0.9816106999313116,San Antonio Spurs,0,1,0.0
2025-26,0042500404,4,2026-06-10,New York Knicks,San Antonio Spurs,341,2,PT02M49.00S,169.0,1609.0,43.0,71.0,-28.0,28.0,rebound,0.0183118180423139,0.981688181957686,San Antonio Spurs,0,1,0.0
2025-26,0042500404,4,2026-06-10,New York Knicks,San Antonio Spurs,342,2,PT02M39.00S,159.0,1599.0,43.0,71.0,-28.0,28.0,missed_shot,0.0183541976087134,0.9816458023912864,San Antonio Spurs,0,1,0.0
2025-26,0042500404,4,2026-06-10,New York Knicks,San Antonio Spurs,343,2,PT02M33.00S,153.0,1593.0,43.0,71.0,-28.0,28.0,rebound,0.0183304761027381,0.9816695238972618,San Antonio Spurs,0,1,0.0
2025-26,0042500404,4,2026-06-10,New York Knicks,San Antonio Spurs,344,2,PT02M28.00S,148.0,1588.0,43.0,71.0,-28.0,28.0,missed_shot,0.0186947650551197,0.9813052349448804,San Antonio Spurs,0,1,0.0
2025-26,0042500404,4,2026-06-10,New York Knicks,San Antonio Spurs,345,2,PT02M26.00S,146.0,1586.0,43.0,71.0,-28.0,28.0,rebound,0.0183386448694003,0.9816613551305996,San Antonio Spurs,0,1,0.0
2025-26,0042500404,4,2026-06-10,New York Knicks,San Antonio Spurs,346,2,PT02M26.00S,146.0,1586.0,43.0,71.0,-28.0,28.0,foul,0.0188169482170496,0.9811830517829504,San Antonio Spurs,0,1,0.0
2025-26,0042500404,4,2026-06-10,New York Knicks,San Antonio Spurs,348,2,PT02M26.00S,146.0,1586.0,43.0,71.0,-28.0,28.0,free_throw,0.0184083302801019,0.981591669719898,San Antonio Spurs,0,1,0.0
2025-26,0042500404,4,2026-06-10,New York Knicks,San Antonio Spurs,349,2,PT02M26.00S,146.0,1586.0,43.0,71.0,-28.0,28.0,rebound,0.0190867418612075,0.9809132581387924,San Antonio Spurs,0,1,0.0
2025-26,0042500404,4,2026-06-10,New York Knicks,San Antonio Spurs,350,2,PT02M26.00S,146.0,1586.0,43.0,71.0,-28.0,28.0,substitution,0.018385902977605,0.9816140970223948,San Antonio Spurs,0,1,0.0
2025-26,0042500404,4,2026-06-10,New York Knicks,San Antonio Spurs,352,2,PT02M26.00S,146.0,1586.0,43.0,71.0,-28.0,28.0,free_throw,0.0184185825595991,0.9815814174404008,San Antonio Spurs,0,1,0.0
2025-26,0042500404,4,2026-06-10,New York Knicks,San Antonio Spurs,353,2,PT02M26.00S,146.0,1586.0,43.0,71.0,-28.0,28.0,substitution,0.018385902977605,0.9816140970223948,San Antonio Spurs,0,1,0.0
2025-26,0042500404,4,2026-06-10,New York Knicks,San Antonio Spurs,355,2,PT02M23.00S,143.0,1583.0,43.0,71.0,-28.0,28.0,rebound,0.0183421468628665,0.9816578531371334,San Antonio Spurs,0,1,0.0
2025-26,0042500404,4,2026-06-10,New York Knicks,San Antonio Spurs,356,2,PT02M21.00S,141.0,1581.0,46.0,71.0,-25.0,25.0,made_shot,0.0280262293839075,0.9719737706160924,San Antonio Spurs,0,1,0.0
2025-26,0042500404,4,2026-06-10,New York Knicks,San Antonio Spurs,358,2,PT02M02.00S,122.0,1562.0,46.0,71.0,-25.0,25.0,missed_shot,0.0281878457913385,0.9718121542086614,San Antonio Spurs,0,1,0.0
2025-26,0042500404,4,2026-06-10,New York Knicks,San Antonio Spurs,359,2,PT02M00.00S,120.0,1560.0,46.0,71.0,-25.0,25.0,rebound,0.0281446847421898,0.97185531525781,San Antonio Spurs,0,1,0.0
2025-26,0042500404,4,2026-06-10,New York Knicks,San Antonio Spurs,360,2,PT01M52.00S,112.0,1552.0,46.0,71.0,-25.0,25.0,unknown,0.0278424604755098,0.97215753952449,San Antonio Spurs,0,1,0.0
2025-26,0042500404,4,2026-06-10,New York Knicks,San Antonio Spurs,362,2,PT01M50.00S,110.0,1550.0,46.0,71.0,-25.0,25.0,unknown,0.02784597062247,0.97215402937753,San Antonio Spurs,0,1,0.0
2025-26,0042500404,4,2026-06-10,New York Knicks,San Antonio Spurs,364,2,PT01M45.00S,105.0,1545.0,46.0,71.0,-25.0,25.0,foul,0.0281615027897943,0.9718384972102057,San Antonio Spurs,0,1,0.0
2025-26,0042500404,4,2026-06-10,New York Knicks,San Antonio Spurs,366,2,PT01M45.00S,105.0,1545.0,46.0,71.0,-25.0,25.0,free_throw,0.0282772713725395,0.9717227286274605,San Antonio Spurs,0,1,0.0
2025-26,0042500404,4,2026-06-10,New York Knicks,San Antonio Spurs,367,2,PT01M45.00S,105.0,1545.0,46.0,71.0,-25.0,25.0,rebound,0.0293085285029723,0.9706914714970276,San Antonio Spurs,0,1,0.0
2025-26,0042500404,4,2026-06-10,New York Knicks,San Antonio Spurs,368,2,PT01M45.00S,105.0,1545.0,46.0,71.0,-25.0,25.0,substitution,0.0282431664584897,0.9717568335415104,San Antonio Spurs,0,1,0.0
2025-26,0042500404,4,2026-06-10,New York Knicks,San Antonio Spurs,370,2,PT01M45.00S,105.0,1545.0,47.0,71.0,-24.0,24.0,free_throw,0.0324459129610218,0.9675540870389782,San Antonio Spurs,0,1,0.0
2025-26,0042500404,4,2026-06-10,New York Knicks,San Antonio Spurs,371,2,PT01M25.00S,85.0,1525.0,47.0,73.0,-26.0,26.0,made_shot,0.0254235734860869,0.9745764265139132,San Antonio Spurs,0,1,0.0
2025-26,0042500404,4,2026-06-10,New York Knicks,San Antonio Spurs,372,2,PT01M16.00S,76.0,1516.0,49.0,73.0,-24.0,24.0,made_shot,0.0322352711824328,0.9677647288175673,San Antonio Spurs,0,1,0.0
2025-26,0042500404,4,2026-06-10,New York Knicks,San Antonio Spurs,373,2,PT00M57.80S,57.8,1497.8,49.0,76.0,-27.0,27.0,made_shot,0.0209149924188115,0.9790850075811884,San Antonio Spurs,0,1,0.0
2025-26,0042500404,4,2026-06-10,New York Knicks,San Antonio Spurs,375,2,PT00M43.90S,43.9,1483.9,49.0,76.0,-27.0,27.0,unknown,0.0207569459503579,0.979243054049642,San Antonio Spurs,0,1,0.0
2025-26,0042500404,4,2026-06-10,New York Knicks,San Antonio Spurs,376,2,PT00M40.80S,40.8,1480.8,49.0,76.0,-27.0,27.0,rebound,0.0209987087102625,0.9790012912897376,San Antonio Spurs,0,1,0.0
2025-26,0042500404,4,2026-06-10,New York Knicks,San Antonio Spurs,377,2,PT00M35.00S,35.0,1475.0,49.0,76.0,-27.0,27.0,missed_shot,0.021041563178567,0.9789584368214328,San Antonio Spurs,0,1,0.0
2025-26,0042500404,4,2026-06-10,New York Knicks,San Antonio Spurs,378,2,PT00M31.70S,31.7,1471.7,49.0,76.0,-27.0,27.0,rebound,0.021010841605392,0.978989158394608,San Antonio Spurs,0,1,0.0
2025-26,0042500404,4,2026-06-10,New York Knicks,San Antonio Spurs,379,2,PT00M26.20S,26.2,1466.2,49.0,76.0,-27.0,27.0,missed_shot,0.0206547800026362,0.9793452199973638,San Antonio Spurs,0,1,0.0
2025-26,0042500404,4,2026-06-10,New York Knicks,San Antonio Spurs,380,2,PT00M24.30S,24.3,1464.3,49.0,76.0,-27.0,27.0,rebound,0.0210207129727642,0.9789792870272358,San Antonio Spurs,0,1,0.0
2025-26,0042500404,4,2026-06-10,New York Knicks,San Antonio Spurs,381,2,PT00M01.30S,1.3,1441.3,49.0,76.0,-27.0,27.0,missed_shot,0.0210900931071861,0.9789099068928138,San Antonio Spurs,0,1,0.0
2025-26,0042500404,4,2026-06-10,New York Knicks,San Antonio Spurs,382,2,PT00M00.10S,0.1,1440.1,49.0,76.0,-27.0,27.0,rebound,0.0210530267101164,0.9789469732898834,San Antonio Spurs,0,1,0.0
2025-26,0042500404,4,2026-06-10,New York Knicks,San Antonio Spurs,383,2,PT00M00.00S,0.0,1440.0,49.0,76.0,-27.0,27.0,end_period,0.0205389054251388,0.9794610945748612,San Antonio Spurs,0,1,0.0
2025-26,0042500404,4,2026-06-10,New York Knicks,San Antonio Spurs,390,3,PT12M00.00S,720.0,1440.0,49.0,76.0,-27.0,27.0,start_period,0.020790833784674,0.979209166215326,San Antonio Spurs,0,1,0.0
2025-26,0042500404,4,2026-06-10,New York Knicks,San Antonio Spurs,391,3,PT11M37.00S,697.0,1417.0,49.0,76.0,-27.0,27.0,missed_shot,0.0215988719134738,0.978401128086526,San Antonio Spurs,0,1,0.0
2025-26,0042500404,4,2026-06-10,New York Knicks,San Antonio Spurs,392,3,PT11M33.00S,693.0,1413.0,49.0,76.0,-27.0,27.0,rebound,0.0211913149128206,0.9788086850871792,San Antonio Spurs,0,1,0.0
2025-26,0042500404,4,2026-06-10,New York Knicks,San Antonio Spurs,393,3,PT11M22.00S,682.0,1402.0,49.0,76.0,-27.0,27.0,missed_shot,0.0212415623416375,0.9787584376583623,San Antonio Spurs,0,1,0.0
2025-26,0042500404,4,2026-06-10,New York Knicks,San Antonio Spurs,394,3,PT11M19.00S,679.0,1399.0,49.0,76.0,-27.0,27.0,rebound,0.0212101512724864,0.9787898487275136,San Antonio Spurs,0,1,0.0
2025-26,0042500404,4,2026-06-10,New York Knicks,San Antonio Spurs,396,3,PT11M04.00S,664.0,1384.0,52.0,76.0,-24.0,24.0,made_shot,0.0323849398045459,0.967615060195454,San Antonio Spurs,0,1,0.0
2025-26,0042500404,4,2026-06-10,New York Knicks,San Antonio Spurs,398,3,PT10M49.00S,649.0,1369.0,52.0,76.0,-24.0,24.0,missed_shot,0.0321253781021792,0.9678746218978208,San Antonio Spurs,0,1,0.0
2025-26,0042500404,4,2026-06-10,New York Knicks,San Antonio Spurs,399,3,PT10M47.00S,647.0,1367.0,52.0,76.0,-24.0,24.0,rebound,0.0325130421904447,0.9674869578095552,San Antonio Spurs,0,1,0.0
2025-26,0042500404,4,2026-06-10,New York Knicks,San Antonio Spurs,400,3,PT10M46.00S,646.0,1366.0,52.0,76.0,-24.0,24.0,unknown,0.0321513359333718,0.9678486640666282,San Antonio Spurs,0,1,0.0
2025-26,0042500404,4,2026-06-10,New York Knicks,San Antonio Spurs,402,3,PT10M37.00S,637.0,1357.0,52.0,79.0,-27.0,27.0,made_shot,0.0206865761587598,0.97931342384124,San Antonio Spurs,0,1,0.0
2025-26,0042500404,4,2026-06-10,New York Knicks,San Antonio Spurs,404,3,PT10M14.00S,614.0,1334.0,52.0,79.0,-27.0,27.0,missed_shot,0.0217261939363278,0.9782738060636722,San Antonio Spurs,0,1,0.0
2025-26,0042500404,4,2026-06-10,New York Knicks,San Antonio Spurs,406,3,PT10M12.00S,612.0,1332.0,52.0,79.0,-27.0,27.0,rebound,0.0211233301775764,0.9788766698224236,San Antonio Spurs,0,1,0.0
2025-26,0042500404,4,2026-06-10,New York Knicks,San Antonio Spurs,407,3,PT10M09.00S,609.0,1329.0,52.0,79.0,-27.0,27.0,foul,0.0210697816676354,0.9789302183323646,San Antonio Spurs,0,1,0.0
2025-26,0042500404,4,2026-06-10,New York Knicks,San Antonio Spurs,409,3,PT10M09.00S,609.0,1329.0,52.0,79.0,-27.0,27.0,turnover,0.0211718015447271,0.9788281984552728,San Antonio Spurs,0,1,0.0
2025-26,0042500404,4,2026-06-10,New York Knicks,San Antonio Spurs,410,3,PT10M09.00S,609.0,1329.0,52.0,79.0,-27.0,27.0,substitution,0.0211816419526939,0.978818358047306,San Antonio Spurs,0,1,0.0
2025-26,0042500404,4,2026-06-10,New York Knicks,San Antonio Spurs,412,3,PT09M53.00S,593.0,1313.0,52.0,79.0,-27.0,27.0,turnover,0.0220556754486005,0.9779443245513996,San Antonio Spurs,0,1,0.0
2025-26,0042500404,4,2026-06-10,New York Knicks,San Antonio Spurs,413,3,PT09M40.00S,580.0,1300.0,52.0,81.0,-29.0,29.0,made_shot,0.0157725401526481,0.9842274598473518,San Antonio Spurs,0,1,0.0
2025-26,0042500404,4,2026-06-10,New York Knicks,San Antonio Spurs,415,3,PT09M27.00S,567.0,1287.0,52.0,81.0,-29.0,29.0,foul,0.0160820970677742,0.9839179029322258,San Antonio Spurs,0,1,0.0
2025-26,0042500404,4,2026-06-10,New York Knicks,San Antonio Spurs,417,3,PT09M27.00S,567.0,1287.0,52.0,81.0,-29.0,29.0,instant_replay,0.0161350154616909,0.9838649845383092,San Antonio Spurs,0,1,0.0
2025-26,0042500404,4,2026-06-10,New York Knicks,San Antonio Spurs,418,3,PT09M27.00S,567.0,1287.0,53.0,81.0,-28.0,28.0,free_throw,0.0190101078311849,0.980989892168815,San Antonio Spurs,0,1,0.0
2025-26,0042500404,4,2026-06-10,New York Knicks,San Antonio Spurs,419,3,PT09M27.00S,567.0,1287.0,54.0,81.0,-27.0,27.0,free_throw,0.0219307081632593,0.9780692918367406,San Antonio Spurs,0,1,0.0
2025-26,0042500404,4,2026-06-10,New York Knicks,San Antonio Spurs,420,3,PT09M18.00S,558.0,1278.0,54.0,81.0,-27.0,27.0,missed_shot,0.0211133650998114,0.9788866349001886,San Antonio Spurs,0,1,0.0
2025-26,0042500404,4,2026-06-10,New York Knicks,San Antonio Spurs,421,3,PT09M15.00S,555.0,1275.0,54.0,81.0,-27.0,27.0,rebound,0.021082139519662,0.978917860480338,San Antonio Spurs,0,1,0.0
2025-26,0042500404,4,2026-06-10,New York Knicks,San Antonio Spurs,422,3,PT08M58.00S,538.0,1258.0,54.0,81.0,-27.0,27.0,missed_shot,0.0217260515498466,0.9782739484501534,San Antonio Spurs,0,1,0.0
2025-26,0042500404,4,2026-06-10,New York Knicks,San Antonio Spurs,423,3,PT08M57.00S,537.0,1257.0,54.0,81.0,-27.0,27.0,rebound,0.02110623861015,0.97889376138985,San Antonio Spurs,0,1,0.0
2025-26,0042500404,4,2026-06-10,New York Knicks,San Antonio Spurs,424,3,PT08M57.00S,537.0,1257.0,54.0,81.0,-27.0,27.0,missed_shot,0.0223429975056836,0.9776570024943164,San Antonio Spurs,0,1,0.0
2025-26,0042500404,4,2026-06-10,New York Knicks,San Antonio Spurs,425,3,PT08M56.00S,536.0,1256.0,54.0,81.0,-27.0,27.0,rebound,0.0211075782385378,0.978892421761462,San Antonio Spurs,0,1,0.0
2025-26,0042500404,4,2026-06-10,New York Knicks,San Antonio Spurs,426,3,PT08M55.00S,535.0,1255.0,54.0,81.0,-27.0,27.0,missed_shot,0.0210821005123599,0.97891789948764,San Antonio Spurs,0,1,0.0
2025-26,0042500404,4,2026-06-10,New York Knicks,San Antonio Spurs,427,3,PT08M54.00S,534.0,1254.0,54.0,81.0,-27.0,27.0,rebound,0.0211102577448994,0.9788897422551004,San Antonio Spurs,0,1,0.0
2025-26,0042500404,4,2026-06-10,New York Knicks,San Antonio Spurs,428,3,PT08M46.00S,526.0,1246.0,56.0,81.0,-25.0,25.0,made_shot,0.0283607876817576,0.9716392123182424,San Antonio Spurs,0,1,0.0
2025-26,0042500404,4,2026-06-10,New York Knicks,San Antonio Spurs,430,3,PT08M39.00S,519.0,1239.0,56.0,81.0,-25.0,25.0,missed_shot,0.0281173973773284,0.9718826026226716,San Antonio Spurs,0,1,0.0
2025-26,0042500404,4,2026-06-10,New York Knicks,San Antonio Spurs,431,3,PT08M37.00S,517.0,1237.0,56.0,81.0,-25.0,25.0,rebound,0.0280743410821173,0.9719256589178826,San Antonio Spurs,0,1,0.0
2025-26,0042500404,4,2026-06-10,New York Knicks,San Antonio Spurs,432,3,PT08M23.00S,503.0,1223.0,59.0,81.0,-22.0,22.0,made_shot,0.0427120305975067,0.9572879694024932,San Antonio Spurs,0,1,0.0
2025-26,0042500404,4,2026-06-10,New York Knicks,San Antonio Spurs,434,3,PT08M23.00S,503.0,1223.0,59.0,81.0,-22.0,22.0,timeout,0.0424548816927623,0.9575451183072377,San Antonio Spurs,0,1,0.0
2025-26,0042500404,4,2026-06-10,New York Knicks,San Antonio Spurs,435,3,PT08M23.00S,503.0,1223.0,59.0,81.0,-22.0,22.0,substitution,0.042934664075642,0.957065335924358,San Antonio Spurs,0,1,0.0
2025-26,0042500404,4,2026-06-10,New York Knicks,San Antonio Spurs,437,3,PT07M59.00S,479.0,1199.0,59.0,81.0,-22.0,22.0,missed_shot,0.042961001074751,0.9570389989252488,San Antonio Spurs,0,1,0.0
2025-26,0042500404,4,2026-06-10,New York Knicks,San Antonio Spurs,438,3,PT07M57.00S,477.0,1197.0,59.0,81.0,-22.0,22.0,rebound,0.0428962179462939,0.957103782053706,San Antonio Spurs,0,1,0.0
2025-26,0042500404,4,2026-06-10,New York Knicks,San Antonio Spurs,439,3,PT07M44.00S,464.0,1184.0,59.0,81.0,-22.0,22.0,missed_shot,0.0441335034420981,0.955866496557902,San Antonio Spurs,0,1,0.0
2025-26,0042500404,4,2026-06-10,New York Knicks,San Antonio Spurs,440,3,PT07M42.00S,462.0,1182.0,59.0,81.0,-22.0,22.0,rebound,0.0429361651906432,0.9570638348093568,San Antonio Spurs,0,1,0.0
2025-26,0042500404,4,2026-06-10,New York Knicks,San Antonio Spurs,441,3,PT07M27.00S,447.0,1167.0,59.0,81.0,-22.0,22.0,unknown,0.0425005152061504,0.9574994847938496,San Antonio Spurs,0,1,0.0
2025-26,0042500404,4,2026-06-10,New York Knicks,San Antonio Spurs,443,3,PT07M25.00S,445.0,1165.0,59.0,81.0,-22.0,22.0,violation,0.0424064929335782,0.9575935070664218,San Antonio Spurs,0,1,0.0
2025-26,0042500404,4,2026-06-10,New York Knicks,San Antonio Spurs,444,3,PT07M15.00S,435.0,1155.0,59.0,81.0,-22.0,22.0,missed_shot,0.0442448245261761,0.9557551754738238,San Antonio Spurs,0,1,0.0
2025-26,0042500404,4,2026-06-10,New York Knicks,San Antonio Spurs,445,3,PT07M14.00S,434.0,1154.0,59.0,81.0,-22.0,22.0,rebound,0.0430108284661909,0.956989171533809,San Antonio Spurs,0,1,0.0
2025-26,0042500404,4,2026-06-10,New York Knicks,San Antonio Spurs,446,3,PT07M02.00S,422.0,1142.0,59.0,81.0,-22.0,22.0,missed_shot,0.0431132089150569,0.9568867910849432,San Antonio Spurs,0,1,0.0
2025-26,0042500404,4,2026-06-10,New York Knicks,San Antonio Spurs,447,3,PT07M00.00S,420.0,1140.0,59.0,81.0,-22.0,22.0,rebound,0.0430482065885262,0.9569517934114736,San Antonio Spurs,0,1,0.0
2025-26,0042500404,4,2026-06-10,New York Knicks,San Antonio Spurs,448,3,PT06M50.00S,410.0,1130.0,62.0,81.0,-19.0,19.0,made_shot,0.0649452533048847,0.9350547466951152,San Antonio Spurs,0,1,0.0
2025-26,0042500404,4,2026-06-10,New York Knicks,San Antonio Spurs,451,3,PT06M39.00S,399.0,1119.0,62.0,81.0,-19.0,19.0,missed_shot,0.06527380862201,0.93472619137799,San Antonio Spurs,0,1,0.0
2025-26,0042500404,4,2026-06-10,New York Knicks,San Antonio Spurs,452,3,PT06M36.00S,396.0,1116.0,62.0,81.0,-19.0,19.0,rebound,0.0651816209173009,0.9348183790826992,San Antonio Spurs,0,1,0.0
2025-26,0042500404,4,2026-06-10,New York Knicks,San Antonio Spurs,453,3,PT06M23.00S,383.0,1103.0,62.0,81.0,-19.0,19.0,missed_shot,0.0670166912300329,0.932983308769967,San Antonio Spurs,0,1,0.0
2025-26,0042500404,4,2026-06-10,New York Knicks,San Antonio Spurs,454,3,PT06M20.00S,380.0,1100.0,62.0,81.0,-19.0,19.0,rebound,0.0652448610452717,0.9347551389547284,San Antonio Spurs,0,1,0.0
2025-26,0042500404,4,2026-06-10,New York Knicks,San Antonio Spurs,455,3,PT05M59.00S,359.0,1079.0,62.0,81.0,-19.0,19.0,missed_shot,0.0665427688413962,0.9334572311586038,San Antonio Spurs,0,1,0.0
2025-26,0042500404,4,2026-06-10,New York Knicks,San Antonio Spurs,456,3,PT05M56.00S,356.0,1076.0,62.0,81.0,-19.0,19.0,rebound,0.0653398282569471,0.9346601717430528,San Antonio Spurs,0,1,0.0
2025-26,0042500404,4,2026-06-10,New York Knicks,San Antonio Spurs,457,3,PT05M34.00S,334.0,1054.0,62.0,81.0,-19.0,19.0,missed_shot,0.0655314151949396,0.9344685848050605,San Antonio Spurs,0,1,0.0
2025-26,0042500404,4,2026-06-10,New York Knicks,San Antonio Spurs,458,3,PT05M33.00S,333.0,1053.0,62.0,81.0,-19.0,19.0,rebound,0.0654309591298099,0.93456904087019,San Antonio Spurs,0,1,0.0
2025-26,0042500404,4,2026-06-10,New York Knicks,San Antonio Spurs,460,3,PT05M33.00S,333.0,1053.0,62.0,81.0,-19.0,19.0,substitution,0.0655914640643665,0.9344085359356334,San Antonio Spurs,0,1,0.0
2025-26,0042500404,4,2026-06-10,New York Knicks,San Antonio Spurs,461,3,PT05M33.00S,333.0,1053.0,62.0,81.0,-19.0,19.0,substitution,0.0655914640643665,0.9344085359356334,San Antonio Spurs,0,1,0.0
2025-26,0042500404,4,2026-06-10,New York Knicks,San Antonio Spurs,462,3,PT05M33.00S,333.0,1053.0,62.0,81.0,-19.0,19.0,substitution,0.0655914640643665,0.9344085359356334,San Antonio Spurs,0,1,0.0
2025-26,0042500404,4,2026-06-10,New York Knicks,San Antonio Spurs,463,3,PT05M33.00S,333.0,1053.0,62.0,81.0,-19.0,19.0,substitution,0.0655914640643665,0.9344085359356334,San Antonio Spurs,0,1,0.0
2025-26,0042500404,4,2026-06-10,New York Knicks,San Antonio Spurs,464,3,PT05M33.00S,333.0,1053.0,62.0,81.0,-19.0,19.0,substitution,0.0655914640643665,0.9344085359356334,San Antonio Spurs,0,1,0.0
2025-26,0042500404,4,2026-06-10,New York Knicks,San Antonio Spurs,470,3,PT05M31.00S,331.0,1051.0,65.0,81.0,-16.0,16.0,made_shot,0.0975070099969378,0.9024929900030622,San Antonio Spurs,0,1,0.0
2025-26,0042500404,4,2026-06-10,New York Knicks,San Antonio Spurs,472,3,PT05M10.00S,310.0,1030.0,65.0,81.0,-16.0,16.0,unknown,0.0968676914136892,0.9031323085863108,San Antonio Spurs,0,1,0.0
2025-26,0042500404,4,2026-06-10,New York Knicks,San Antonio Spurs,474,3,PT05M07.00S,307.0,1027.0,65.0,81.0,-16.0,16.0,missed_shot,0.0965869330316044,0.9034130669683956,San Antonio Spurs,0,1,0.0
2025-26,0042500404,4,2026-06-10,New York Knicks,San Antonio Spurs,475,3,PT05M04.00S,304.0,1024.0,65.0,81.0,-16.0,16.0,rebound,0.0979239152052941,0.9020760847947058,San Antonio Spurs,0,1,0.0
2025-26,0042500404,4,2026-06-10,New York Knicks,San Antonio Spurs,477,3,PT05M04.00S,304.0,1024.0,65.0,81.0,-16.0,16.0,foul,0.1002659270052898,0.8997340729947102,San Antonio Spurs,0,1,0.0
2025-26,0042500404,4,2026-06-10,New York Knicks,San Antonio Spurs,479,3,PT04M51.00S,291.0,1011.0,65.0,81.0,-16.0,16.0,missed_shot,0.0981642386362212,0.9018357613637789,San Antonio Spurs,0,1,0.0
2025-26,0042500404,4,2026-06-10,New York Knicks,San Antonio Spurs,480,3,PT04M48.00S,288.0,1008.0,65.0,81.0,-16.0,16.0,rebound,0.0980155915992248,0.9019844084007752,San Antonio Spurs,0,1,0.0
2025-26,0042500404,4,2026-06-10,New York Knicks,San Antonio Spurs,481,3,PT04M35.00S,275.0,995.0,65.0,81.0,-16.0,16.0,foul,0.0980584789052463,0.9019415210947536,San Antonio Spurs,0,1,0.0
2025-26,0042500404,4,2026-06-10,New York Knicks,San Antonio Spurs,483,3,PT04M35.00S,275.0,995.0,65.0,82.0,-17.0,17.0,free_throw,0.0856851648461174,0.9143148351538826,San Antonio Spurs,0,1,0.0
2025-26,0042500404,4,2026-06-10,New York Knicks,San Antonio Spurs,484,3,PT04M35.00S,275.0,995.0,65.0,82.0,-17.0,17.0,substitution,0.0859265508448268,0.9140734491551732,San Antonio Spurs,0,1,0.0
2025-26,0042500404,4,2026-06-10,New York Knicks,San Antonio Spurs,486,3,PT04M35.00S,275.0,995.0,65.0,83.0,-18.0,18.0,free_throw,0.0747897541409003,0.9252102458590996,San Antonio Spurs,0,1,0.0
2025-26,0042500404,4,2026-06-10,New York Knicks,San Antonio Spurs,487,3,PT04M23.00S,263.0,983.0,65.0,83.0,-18.0,18.0,missed_shot,0.0749541008883459,0.925045899111654,San Antonio Spurs,0,1,0.0
2025-26,0042500404,4,2026-06-10,New York Knicks,San Antonio Spurs,488,3,PT04M20.00S,260.0,980.0,65.0,83.0,-18.0,18.0,rebound,0.0748493362616989,0.9251506637383012,San Antonio Spurs,0,1,0.0
2025-26,0042500404,4,2026-06-10,New York Knicks,San Antonio Spurs,489,3,PT04M10.00S,250.0,970.0,65.0,83.0,-18.0,18.0,foul,0.0748694547960693,0.9251305452039308,San Antonio Spurs,0,1,0.0
2025-26,0042500404,4,2026-06-10,New York Knicks,San Antonio Spurs,491,3,PT04M10.00S,250.0,970.0,65.0,84.0,-19.0,19.0,free_throw,0.0652106465147325,0.9347893534852674,San Antonio Spurs,0,1,0.0
2025-26,0042500404,4,2026-06-10,New York Knicks,San Antonio Spurs,492,3,PT04M10.00S,250.0,970.0,65.0,84.0,-19.0,19.0,substitution,0.0653984788397879,0.934601521160212,San Antonio Spurs,0,1,0.0
2025-26,0042500404,4,2026-06-10,New York Knicks,San Antonio Spurs,493,3,PT04M10.00S,250.0,970.0,65.0,84.0,-19.0,19.0,substitution,0.0653984788397879,0.934601521160212,San Antonio Spurs,0,1,0.0
2025-26,0042500404,4,2026-06-10,New York Knicks,San Antonio Spurs,496,3,PT04M10.00S,250.0,970.0,65.0,85.0,-20.0,20.0,free_throw,0.0567570874350614,0.9432429125649384,San Antonio Spurs,0,1,0.0
2025-26,0042500404,4,2026-06-10,New York Knicks,San Antonio Spurs,497,3,PT03M52.00S,232.0,952.0,67.0,85.0,-18.0,18.0,made_shot,0.0739697224459151,0.9260302775540848,San Antonio Spurs,0,1,0.0
2025-26,0042500404,4,2026-06-10,New York Knicks,San Antonio Spurs,498,3,PT03M52.00S,232.0,952.0,67.0,85.0,-18.0,18.0,foul,0.0745568001027957,0.9254431998972042,San Antonio Spurs,0,1,0.0
2025-26,0042500404,4,2026-06-10,New York Knicks,San Antonio Spurs,500,3,PT03M52.00S,232.0,952.0,68.0,85.0,-17.0,17.0,free_throw,0.0870489876478515,0.9129510123521484,San Antonio Spurs,0,1,0.0
2025-26,0042500404,4,2026-06-10,New York Knicks,San Antonio Spurs,501,3,PT03M36.00S,216.0,936.0,68.0,87.0,-19.0,19.0,made_shot,0.0658949226045669,0.9341050773954332,San Antonio Spurs,0,1,0.0
2025-26,0042500404,4,2026-06-10,New York Knicks,San Antonio Spurs,504,3,PT03M13.00S,193.0,913.0,70.0,87.0,-17.0,17.0,made_shot,0.0862027662848221,0.9137972337151778,San Antonio Spurs,0,1,0.0
2025-26,0042500404,4,2026-06-10,New York Knicks,San Antonio Spurs,505,3,PT02M59.00S,179.0,899.0,70.0,87.0,-17.0,17.0,missed_shot,0.0866442911050881,0.9133557088949118,San Antonio Spurs,0,1,0.0
2025-26,0042500404,4,2026-06-10,New York Knicks,San Antonio Spurs,506,3,PT02M58.00S,178.0,898.0,70.0,87.0,-17.0,17.0,rebound,0.0851009975235002,0.9148990024764998,San Antonio Spurs,0,1,0.0
2025-26,0042500404,4,2026-06-10,New York Knicks,San Antonio Spurs,508,3,PT02M58.00S,178.0,898.0,70.0,87.0,-17.0,17.0,timeout,0.0843938385327494,0.9156061614672504,San Antonio Spurs,0,1,0.0
2025-26,0042500404,4,2026-06-10,New York Knicks,San Antonio Spurs,509,3,PT02M58.00S,178.0,898.0,70.0,87.0,-17.0,17.0,substitution,0.0853053496188235,0.9146946503811764,San Antonio Spurs,0,1,0.0
2025-26,0042500404,4,2026-06-10,New York Knicks,San Antonio Spurs,510,3,PT02M58.00S,178.0,898.0,70.0,87.0,-17.0,17.0,substitution,0.0853053496188235,0.9146946503811764,San Antonio Spurs,0,1,0.0
2025-26,0042500404,4,2026-06-10,New York Knicks,San Antonio Spurs,513,3,PT02M43.00S,163.0,883.0,72.0,87.0,-15.0,15.0,made_shot,0.1078846142113907,0.8921153857886093,San Antonio Spurs,0,1,0.0
2025-26,0042500404,4,2026-06-10,New York Knicks,San Antonio Spurs,515,3,PT02M25.00S,145.0,865.0,72.0,87.0,-15.0,15.0,missed_shot,0.111056517639741,0.888943482360259,San Antonio Spurs,0,1,0.0
2025-26,0042500404,4,2026-06-10,New York Knicks,San Antonio Spurs,516,3,PT02M23.00S,143.0,863.0,72.0,87.0,-15.0,15.0,rebound,0.1109009487723604,0.8890990512276395,San Antonio Spurs,0,1,0.0
2025-26,0042500404,4,2026-06-10,New York Knicks,San Antonio Spurs,517,3,PT02M19.00S,139.0,859.0,72.0,87.0,-15.0,15.0,missed_shot,0.1110949289937409,0.888905071006259,San Antonio Spurs,0,1,0.0
2025-26,0042500404,4,2026-06-10,New York Knicks,San Antonio Spurs,518,3,PT02M16.00S,136.0,856.0,72.0,87.0,-15.0,15.0,rebound,0.1109457082073297,0.8890542917926703,San Antonio Spurs,0,1,0.0
2025-26,0042500404,4,2026-06-10,New York Knicks,San Antonio Spurs,519,3,PT02M14.00S,134.0,854.0,72.0,87.0,-15.0,15.0,missed_shot,0.1111269473351404,0.8888730526648596,San Antonio Spurs,0,1,0.0
2025-26,0042500404,4,2026-06-10,New York Knicks,San Antonio Spurs,520,3,PT02M13.00S,133.0,853.0,72.0,87.0,-15.0,15.0,rebound,0.1109648956618051,0.8890351043381949,San Antonio Spurs,0,1,0.0
2025-26,0042500404,4,2026-06-10,New York Knicks,San Antonio Spurs,521,3,PT02M01.00S,121.0,841.0,72.0,87.0,-15.0,15.0,unknown,0.1098992411077859,0.8901007588922141,San Antonio Spurs,0,1,0.0
2025-26,0042500404,4,2026-06-10,New York Knicks,San Antonio Spurs,523,3,PT01M58.00S,118.0,838.0,72.0,87.0,-15.0,15.0,missed_shot,0.1126060724789564,0.8873939275210436,San Antonio Spurs,0,1,0.0
2025-26,0042500404,4,2026-06-10,New York Knicks,San Antonio Spurs,524,3,PT01M57.00S,117.0,837.0,72.0,87.0,-15.0,15.0,rebound,0.1110672778069457,0.8889327221930543,San Antonio Spurs,0,1,0.0
2025-26,0042500404,4,2026-06-10,New York Knicks,San Antonio Spurs,525,3,PT01M57.00S,117.0,837.0,72.0,87.0,-15.0,15.0,foul,0.1136840194731511,0.8863159805268489,San Antonio Spurs,0,1,0.0
2025-26,0042500404,4,2026-06-10,New York Knicks,San Antonio Spurs,527,3,PT01M46.00S,106.0,826.0,72.0,90.0,-18.0,18.0,made_shot,0.0739604537313442,0.9260395462686558,San Antonio Spurs,0,1,0.0
2025-26,0042500404,4,2026-06-10,New York Knicks,San Antonio Spurs,529,3,PT01M17.00S,77.0,797.0,72.0,90.0,-18.0,18.0,missed_shot,0.0756801381956476,0.9243198618043524,San Antonio Spurs,0,1,0.0
2025-26,0042500404,4,2026-06-10,New York Knicks,San Antonio Spurs,530,3,PT01M15.00S,75.0,795.0,72.0,90.0,-18.0,18.0,rebound,0.0743028055859771,0.9256971944140228,San Antonio Spurs,0,1,0.0
2025-26,0042500404,4,2026-06-10,New York Knicks,San Antonio Spurs,531,3,PT01M09.00S,69.0,789.0,72.0,90.0,-18.0,18.0,turnover,0.0759650538960895,0.9240349461039103,San Antonio Spurs,0,1,0.0
2025-26,0042500404,4,2026-06-10,New York Knicks,San Antonio Spurs,532,3,PT00M53.20S,53.2,773.2,75.0,90.0,-15.0,15.0,made_shot,0.1121224425693319,0.8878775574306681,San Antonio Spurs,0,1,0.0
2025-26,0042500404,4,2026-06-10,New York Knicks,San Antonio Spurs,534,3,PT00M33.00S,33.0,753.0,75.0,90.0,-15.0,15.0,turnover,0.1150605383880717,0.8849394616119283,San Antonio Spurs,0,1,0.0
2025-26,0042500404,4,2026-06-10,New York Knicks,San Antonio Spurs,535,3,PT00M33.00S,33.0,753.0,75.0,90.0,-15.0,15.0,substitution,0.1110212333980799,0.88897876660192,San Antonio Spurs,0,1,0.0
2025-26,0042500404,4,2026-06-10,New York Knicks,San Antonio Spurs,537,3,PT00M33.00S,33.0,753.0,75.0,90.0,-15.0,15.0,substitution,0.1110212333980799,0.88897876660192,San Antonio Spurs,0,1,0.0
2025-26,0042500404,4,2026-06-10,New York Knicks,San Antonio Spurs,539,3,PT00M16.90S,16.9,736.9,75.0,90.0,-15.0,15.0,unknown,0.1097247502175792,0.8902752497824208,San Antonio Spurs,0,1,0.0
2025-26,0042500404,4,2026-06-10,New York Knicks,San Antonio Spurs,541,3,PT00M14.60S,14.6,734.6,75.0,90.0,-15.0,15.0,rebound,0.1108802965029186,0.8891197034970814,San Antonio Spurs,0,1,0.0
2025-26,0042500404,4,2026-06-10,New York Knicks,San Antonio Spurs,542,3,PT00M10.70S,10.7,730.7,75.0,90.0,-15.0,15.0,unknown,0.1097640249448282,0.8902359750551717,San Antonio Spurs,0,1,0.0
2025-26,0042500404,4,2026-06-10,New York Knicks,San Antonio Spurs,544,3,PT00M00.60S,0.6,720.6,75.0,90.0,-15.0,15.0,missed_shot,0.1138517894745324,0.8861482105254676,San Antonio Spurs,0,1,0.0
2025-26,0042500404,4,2026-06-10,New York Knicks,San Antonio Spurs,545,3,PT00M00.10S,0.1,720.1,75.0,90.0,-15.0,15.0,rebound,0.1109730149057567,0.8890269850942433,San Antonio Spurs,0,1,0.0
2025-26,0042500404,4,2026-06-10,New York Knicks,San Antonio Spurs,546,3,PT00M00.00S,0.0,720.0,75.0,90.0,-15.0,15.0,end_period,0.1085064107293148,0.8914935892706851,San Antonio Spurs,0,1,0.0
2025-26,0042500404,4,2026-06-10,New York Knicks,San Antonio Spurs,553,4,PT12M00.00S,720.0,720.0,75.0,90.0,-15.0,15.0,start_period,0.1097164738592409,0.890283526140759,San Antonio Spurs,0,1,0.0
2025-26,0042500404,4,2026-06-10,New York Knicks,San Antonio Spurs,554,4,PT11M48.00S,708.0,708.0,75.0,90.0,-15.0,15.0,unknown,0.1103912723107613,0.8896087276892387,San Antonio Spurs,0,1,0.0
2025-26,0042500404,4,2026-06-10,New York Knicks,San Antonio Spurs,556,4,PT11M47.00S,707.0,707.0,75.0,90.0,-15.0,15.0,rebound,0.1115446049589106,0.8884553950410894,San Antonio Spurs,0,1,0.0
2025-26,0042500404,4,2026-06-10,New York Knicks,San Antonio Spurs,559,4,PT11M46.00S,706.0,706.0,75.0,90.0,-15.0,15.0,timeout,0.1106506634106061,0.8893493365893939,San Antonio Spurs,0,1,0.0
2025-26,0042500404,4,2026-06-10,New York Knicks,San Antonio Spurs,560,4,PT11M46.00S,706.0,706.0,75.0,90.0,-15.0,15.0,instant_replay,0.1144954835304033,0.8855045164695966,San Antonio Spurs,0,1,0.0
2025-26,0042500404,4,2026-06-10,New York Knicks,San Antonio Spurs,561,4,PT11M46.00S,706.0,706.0,75.0,90.0,-15.0,15.0,turnover,0.1139047293207065,0.8860952706792934,San Antonio Spurs,0,1,0.0
2025-26,0042500404,4,2026-06-10,New York Knicks,San Antonio Spurs,562,4,PT11M30.00S,690.0,690.0,75.0,90.0,-15.0,15.0,unknown,0.1105059366047257,0.8894940633952743,San Antonio Spurs,0,1,0.0
2025-26,0042500404,4,2026-06-10,New York Knicks,San Antonio Spurs,564,4,PT11M27.00S,687.0,687.0,75.0,90.0,-15.0,15.0,rebound,0.1116731802177661,0.8883268197822339,San Antonio Spurs,0,1,0.0
2025-26,0042500404,4,2026-06-10,New York Knicks,San Antonio Spurs,565,4,PT11M10.00S,670.0,670.0,75.0,92.0,-17.0,17.0,made_shot,0.0875017117064342,0.9124982882935656,San Antonio Spurs,0,1,0.0
2025-26,0042500404,4,2026-06-10,New York Knicks,San Antonio Spurs,566,4,PT10M47.00S,647.0,647.0,75.0,92.0,-17.0,17.0,missed_shot,0.083709987753409,0.9162900122465908,San Antonio Spurs,0,1,0.0
2025-26,0042500404,4,2026-06-10,New York Knicks,San Antonio Spurs,567,4,PT10M45.00S,645.0,645.0,75.0,92.0,-17.0,17.0,rebound,0.0856562725861234,0.9143437274138764,San Antonio Spurs,0,1,0.0
2025-26,0042500404,4,2026-06-10,New York Knicks,San Antonio Spurs,568,4,PT10M41.00S,641.0,641.0,75.0,92.0,-17.0,17.0,missed_shot,0.0870071607161578,0.912992839283842,San Antonio Spurs,0,1,0.0
2025-26,0042500404,4,2026-06-10,New York Knicks,San Antonio Spurs,569,4,PT10M40.00S,640.0,640.0,75.0,92.0,-17.0,17.0,rebound,0.085681666021289,0.914318333978711,San Antonio Spurs,0,1,0.0
2025-26,0042500404,4,2026-06-10,New York Knicks,San Antonio Spurs,570,4,PT10M40.00S,640.0,640.0,75.0,92.0,-17.0,17.0,missed_shot,0.0903530808959513,0.9096469191040486,San Antonio Spurs,0,1,0.0
2025-26,0042500404,4,2026-06-10,New York Knicks,San Antonio Spurs,571,4,PT10M39.00S,639.0,639.0,75.0,92.0,-17.0,17.0,rebound,0.0856867455269671,0.9143132544730328,San Antonio Spurs,0,1,0.0
2025-26,0042500404,4,2026-06-10,New York Knicks,San Antonio Spurs,572,4,PT10M37.00S,637.0,637.0,75.0,92.0,-17.0,17.0,foul,0.0856688689633669,0.9143311310366332,San Antonio Spurs,0,1,0.0
2025-26,0042500404,4,2026-06-10,New York Knicks,San Antonio Spurs,574,4,PT10M37.00S,637.0,637.0,75.0,93.0,-18.0,18.0,free_throw,0.0747293828355201,0.92527061716448,San Antonio Spurs,0,1,0.0
2025-26,0042500404,4,2026-06-10,New York Knicks,San Antonio Spurs,575,4,PT10M37.00S,637.0,637.0,75.0,93.0,-18.0,18.0,substitution,0.0749424347787369,0.925057565221263,San Antonio Spurs,0,1,0.0
2025-26,0042500404,4,2026-06-10,New York Knicks,San Antonio Spurs,577,4,PT10M37.00S,637.0,637.0,75.0,93.0,-18.0,18.0,free_throw,0.0750679518586372,0.9249320481413628,San Antonio Spurs,0,1,0.0
2025-26,0042500404,4,2026-06-10,New York Knicks,San Antonio Spurs,578,4,PT10M35.00S,635.0,635.0,75.0,93.0,-18.0,18.0,rebound,0.0747698487177876,0.9252301512822124,San Antonio Spurs,0,1,0.0
2025-26,0042500404,4,2026-06-10,New York Knicks,San Antonio Spurs,579,4,PT10M24.00S,624.0,624.0,75.0,93.0,-18.0,18.0,missed_shot,0.0749374116835873,0.9250625883164127,San Antonio Spurs,0,1,0.0
2025-26,0042500404,4,2026-06-10,New York Knicks,San Antonio Spurs,580,4,PT10M21.00S,621.0,621.0,75.0,93.0,-18.0,18.0,rebound,0.0748326684966791,0.9251673315033208,San Antonio Spurs,0,1,0.0
2025-26,0042500404,4,2026-06-10,New York Knicks,San Antonio Spurs,581,4,PT10M10.00S,610.0,610.0,75.0,93.0,-18.0,18.0,missed_shot,0.0750003608327477,0.9249996391672524,San Antonio Spurs,0,1,0.0
2025-26,0042500404,4,2026-06-10,New York Knicks,San Antonio Spurs,582,4,PT10M09.00S,609.0,609.0,75.0,93.0,-18.0,18.0,rebound,0.0748865526280833,0.9251134473719168,San Antonio Spurs,0,1,0.0
2025-26,0042500404,4,2026-06-10,New York Knicks,San Antonio Spurs,583,4,PT09M57.00S,597.0,597.0,75.0,93.0,-18.0,18.0,missed_shot,0.0750588571195001,0.9249411428805,San Antonio Spurs,0,1,0.0
2025-26,0042500404,4,2026-06-10,New York Knicks,San Antonio Spurs,584,4,PT09M54.00S,594.0,594.0,75.0,93.0,-18.0,18.0,rebound,0.0749539579372606,0.9250460420627394,San Antonio Spurs,0,1,0.0
2025-26,0042500404,4,2026-06-10,New York Knicks,San Antonio Spurs,585,4,PT09M46.00S,586.0,586.0,75.0,93.0,-18.0,18.0,foul,0.075852388956789,0.924147611043211,San Antonio Spurs,0,1,0.0
2025-26,0042500404,4,2026-06-10,New York Knicks,San Antonio Spurs,587,4,PT09M46.00S,586.0,586.0,75.0,93.0,-18.0,18.0,substitution,0.0751719976440911,0.9248280023559088,San Antonio Spurs,0,1,0.0
2025-26,0042500404,4,2026-06-10,New York Knicks,San Antonio Spurs,588,4,PT09M46.00S,586.0,586.0,75.0,93.0,-18.0,18.0,substitution,0.0751719976440911,0.9248280023559088,San Antonio Spurs,0,1,0.0
2025-26,0042500404,4,2026-06-10,New York Knicks,San Antonio Spurs,589,4,PT09M46.00S,586.0,586.0,75.0,93.0,-18.0,18.0,substitution,0.0751719976440911,0.9248280023559088,San Antonio Spurs,0,1,0.0
2025-26,0042500404,4,2026-06-10,New York Knicks,San Antonio Spurs,593,4,PT09M38.00S,578.0,578.0,75.0,93.0,-18.0,18.0,missed_shot,0.0747340706133289,0.9252659293866712,San Antonio Spurs,0,1,0.0
2025-26,0042500404,4,2026-06-10,New York Knicks,San Antonio Spurs,594,4,PT09M36.00S,576.0,576.0,75.0,93.0,-18.0,18.0,rebound,0.0750349179033221,0.9249650820966778,San Antonio Spurs,0,1,0.0
2025-26,0042500404,4,2026-06-10,New York Knicks,San Antonio Spurs,595,4,PT09M36.00S,576.0,576.0,75.0,93.0,-18.0,18.0,missed_shot,0.079176131807347,0.9208238681926528,San Antonio Spurs,0,1,0.0
2025-26,0042500404,4,2026-06-10,New York Knicks,San Antonio Spurs,596,4,PT09M34.00S,574.0,574.0,75.0,93.0,-18.0,18.0,rebound,0.0750439184135777,0.9249560815864224,San Antonio Spurs,0,1,0.0
2025-26,0042500404,4,2026-06-10,New York Knicks,San Antonio Spurs,597,4,PT09M33.00S,573.0,573.0,75.0,95.0,-20.0,20.0,made_shot,0.0565501636887036,0.9434498363112964,San Antonio Spurs,0,1,0.0
2025-26,0042500404,4,2026-06-10,New York Knicks,San Antonio Spurs,598,4,PT09M16.00S,556.0,556.0,78.0,95.0,-17.0,17.0,made_shot,0.0852076293006506,0.9147923706993494,San Antonio Spurs,0,1,0.0
2025-26,0042500404,4,2026-06-10,New York Knicks,San Antonio Spurs,600,4,PT08M59.00S,539.0,539.0,78.0,95.0,-17.0,17.0,foul,0.0864985144560262,0.9135014855439736,San Antonio Spurs,0,1,0.0
2025-26,0042500404,4,2026-06-10,New York Knicks,San Antonio Spurs,602,4,PT08M59.00S,539.0,539.0,78.0,95.0,-17.0,17.0,substitution,0.0857314869514147,0.9142685130485853,San Antonio Spurs,0,1,0.0
2025-26,0042500404,4,2026-06-10,New York Knicks,San Antonio Spurs,604,4,PT08M51.00S,531.0,531.0,78.0,95.0,-17.0,17.0,missed_shot,0.08689581709198,0.91310418290802,San Antonio Spurs,0,1,0.0
2025-26,0042500404,4,2026-06-10,New York Knicks,San Antonio Spurs,605,4,PT08M48.00S,528.0,528.0,78.0,95.0,-17.0,17.0,rebound,0.0855820071409376,0.9144179928590624,San Antonio Spurs,0,1,0.0
2025-26,0042500404,4,2026-06-10,New York Knicks,San Antonio Spurs,606,4,PT08M44.00S,524.0,524.0,80.0,95.0,-15.0,15.0,made_shot,0.1123910992708339,0.887608900729166,San Antonio Spurs,0,1,0.0
2025-26,0042500404,4,2026-06-10,New York Knicks,San Antonio Spurs,608,4,PT08M43.00S,523.0,523.0,80.0,95.0,-15.0,15.0,timeout,0.1104187275708869,0.889581272429113,San Antonio Spurs,0,1,0.0
2025-26,0042500404,4,2026-06-10,New York Knicks,San Antonio Spurs,609,4,PT08M43.00S,523.0,523.0,80.0,95.0,-15.0,15.0,substitution,0.1115770716197861,0.8884229283802139,San Antonio Spurs,0,1,0.0
2025-26,0042500404,4,2026-06-10,New York Knicks,San Antonio Spurs,610,4,PT08M43.00S,523.0,523.0,80.0,95.0,-15.0,15.0,substitution,0.1115770716197861,0.8884229283802139,San Antonio Spurs,0,1,0.0
2025-26,0042500404,4,2026-06-10,New York Knicks,San Antonio Spurs,613,4,PT08M21.00S,501.0,501.0,80.0,95.0,-15.0,15.0,missed_shot,0.1116444332264511,0.8883555667735489,San Antonio Spurs,0,1,0.0
2025-26,0042500404,4,2026-06-10,New York Knicks,San Antonio Spurs,614,4,PT08M19.00S,499.0,499.0,80.0,95.0,-15.0,15.0,rebound,0.1114714748000043,0.8885285251999957,San Antonio Spurs,0,1,0.0
2025-26,0042500404,4,2026-06-10,New York Knicks,San Antonio Spurs,615,4,PT08M18.00S,498.0,498.0,80.0,95.0,-15.0,15.0,unknown,0.1103315324084645,0.8896684675915355,San Antonio Spurs,0,1,0.0
2025-26,0042500404,4,2026-06-10,New York Knicks,San Antonio Spurs,617,4,PT08M07.00S,487.0,487.0,80.0,95.0,-15.0,15.0,foul,0.1127802155897733,0.8872197844102266,San Antonio Spurs,0,1,0.0
2025-26,0042500404,4,2026-06-10,New York Knicks,San Antonio Spurs,619,4,PT07M54.00S,474.0,474.0,80.0,95.0,-15.0,15.0,missed_shot,0.1136033425975387,0.8863966574024613,San Antonio Spurs,0,1,0.0
2025-26,0042500404,4,2026-06-10,New York Knicks,San Antonio Spurs,620,4,PT07M53.00S,473.0,473.0,80.0,95.0,-15.0,15.0,rebound,0.1116385520668913,0.8883614479331087,San Antonio Spurs,0,1,0.0
2025-26,0042500404,4,2026-06-10,New York Knicks,San Antonio Spurs,621,4,PT07M53.00S,473.0,473.0,80.0,95.0,-15.0,15.0,turnover,0.1147938972491364,0.8852061027508635,San Antonio Spurs,0,1,0.0
2025-26,0042500404,4,2026-06-10,New York Knicks,San Antonio Spurs,622,4,PT07M28.00S,448.0,448.0,83.0,95.0,-12.0,12.0,made_shot,0.1651016483077067,0.8348983516922932,San Antonio Spurs,0,1,0.0
2025-26,0042500404,4,2026-06-10,New York Knicks,San Antonio Spurs,624,4,PT07M14.00S,434.0,434.0,83.0,95.0,-12.0,12.0,foul,0.1631138182187999,0.8368861817812001,San Antonio Spurs,0,1,0.0
2025-26,0042500404,4,2026-06-10,New York Knicks,San Antonio Spurs,626,4,PT07M14.00S,434.0,434.0,83.0,96.0,-13.0,13.0,free_throw,0.1438407696928432,0.8561592303071568,San Antonio Spurs,0,1,0.0
2025-26,0042500404,4,2026-06-10,New York Knicks,San Antonio Spurs,627,4,PT07M14.00S,434.0,434.0,83.0,96.0,-13.0,13.0,substitution,0.1442201452987776,0.8557798547012223,San Antonio Spurs,0,1,0.0
2025-26,0042500404,4,2026-06-10,New York Knicks,San Antonio Spurs,629,4,PT07M14.00S,434.0,434.0,83.0,96.0,-13.0,13.0,substitution,0.1442201452987776,0.8557798547012223,San Antonio Spurs,0,1,0.0
2025-26,0042500404,4,2026-06-10,New York Knicks,San Antonio Spurs,631,4,PT07M14.00S,434.0,434.0,83.0,97.0,-14.0,14.0,free_throw,0.1265742209152871,0.8734257790847129,San Antonio Spurs,0,1,0.0
2025-26,0042500404,4,2026-06-10,New York Knicks,San Antonio Spurs,632,4,PT07M03.00S,423.0,423.0,86.0,97.0,-11.0,11.0,made_shot,0.1828331593832499,0.81716684061675,San Antonio Spurs,0,1,0.0
2025-26,0042500404,4,2026-06-10,New York Knicks,San Antonio Spurs,634,4,PT06M47.00S,407.0,407.0,86.0,97.0,-11.0,11.0,unknown,0.1816988458942186,0.8183011541057814,San Antonio Spurs,0,1,0.0
2025-26,0042500404,4,2026-06-10,New York Knicks,San Antonio Spurs,636,4,PT06M35.00S,395.0,395.0,88.0,97.0,-9.0,9.0,made_shot,0.2357029468422834,0.7642970531577166,San Antonio Spurs,0,1,0.0
2025-26,0042500404,4,2026-06-10,New York Knicks,San Antonio Spurs,637,4,PT06M24.00S,384.0,384.0,88.0,97.0,-9.0,9.0,foul,0.2335702739528733,0.7664297260471267,San Antonio Spurs,0,1,0.0
2025-26,0042500404,4,2026-06-10,New York Knicks,San Antonio Spurs,639,4,PT06M24.00S,384.0,384.0,88.0,98.0,-10.0,10.0,free_throw,0.2059528352030779,0.7940471647969221,San Antonio Spurs,0,1,0.0
2025-26,0042500404,4,2026-06-10,New York Knicks,San Antonio Spurs,640,4,PT06M24.00S,384.0,384.0,88.0,98.0,-10.0,10.0,substitution,0.2064565258011753,0.7935434741988246,San Antonio Spurs,0,1,0.0
2025-26,0042500404,4,2026-06-10,New York Knicks,San Antonio Spurs,642,4,PT06M24.00S,384.0,384.0,88.0,99.0,-11.0,11.0,free_throw,0.1828225118216207,0.8171774881783793,San Antonio Spurs,0,1,0.0
2025-26,0042500404,4,2026-06-10,New York Knicks,San Antonio Spurs,643,4,PT06M09.00S,369.0,369.0,88.0,99.0,-11.0,11.0,foul,0.1828976518043011,0.8171023481956989,San Antonio Spurs,0,1,0.0
2025-26,0042500404,4,2026-06-10,New York Knicks,San Antonio Spurs,645,4,PT06M09.00S,369.0,369.0,89.0,99.0,-10.0,10.0,free_throw,0.2056468152013301,0.7943531847986699,San Antonio Spurs,0,1,0.0
2025-26,0042500404,4,2026-06-10,New York Knicks,San Antonio Spurs,646,4,PT06M09.00S,369.0,369.0,90.0,99.0,-9.0,9.0,free_throw,0.2305455084606122,0.7694544915393877,San Antonio Spurs,0,1,0.0
2025-26,0042500404,4,2026-06-10,New York Knicks,San Antonio Spurs,647,4,PT05M58.00S,358.0,358.0,90.0,99.0,-9.0,9.0,missed_shot,0.2309551623198887,0.7690448376801113,San Antonio Spurs,0,1,0.0
2025-26,0042500404,4,2026-06-10,New York Knicks,San Antonio Spurs,648,4,PT05M55.00S,355.0,355.0,90.0,99.0,-9.0,9.0,rebound,0.2306867282075497,0.7693132717924502,San Antonio Spurs,0,1,0.0
2025-26,0042500404,4,2026-06-10,New York Knicks,San Antonio Spurs,649,4,PT05M48.00S,348.0,348.0,90.0,99.0,-9.0,9.0,unknown,0.2287099846341828,0.7712900153658171,San Antonio Spurs,0,1,0.0
2025-26,0042500404,4,2026-06-10,New York Knicks,San Antonio Spurs,651,4,PT05M44.00S,344.0,344.0,90.0,99.0,-9.0,9.0,missed_shot,0.2281550469087081,0.7718449530912919,San Antonio Spurs,0,1,0.0
2025-26,0042500404,4,2026-06-10,New York Knicks,San Antonio Spurs,652,4,PT05M41.00S,341.0,341.0,90.0,99.0,-9.0,9.0,rebound,0.2308478612005537,0.7691521387994463,San Antonio Spurs,0,1,0.0
2025-26,0042500404,4,2026-06-10,New York Knicks,San Antonio Spurs,653,4,PT05M20.00S,320.0,320.0,92.0,99.0,-7.0,7.0,made_shot,0.2776870397274449,0.7223129602725551,San Antonio Spurs,0,1,0.0
2025-26,0042500404,4,2026-06-10,New York Knicks,San Antonio Spurs,655,4,PT04M57.00S,297.0,297.0,92.0,99.0,-7.0,7.0,missed_shot,0.2911475590910397,0.7088524409089603,San Antonio Spurs,0,1,0.0
2025-26,0042500404,4,2026-06-10,New York Knicks,San Antonio Spurs,656,4,PT04M54.00S,294.0,294.0,92.0,99.0,-7.0,7.0,rebound,0.28713324743729,0.7128667525627099,San Antonio Spurs,0,1,0.0
2025-26,0042500404,4,2026-06-10,New York Knicks,San Antonio Spurs,658,4,PT04M34.00S,274.0,274.0,95.0,99.0,-4.0,4.0,made_shot,0.383592438730886,0.616407561269114,San Antonio Spurs,0,1,0.0
2025-26,0042500404,4,2026-06-10,New York Knicks,San Antonio Spurs,660,4,PT04M32.00S,272.0,272.0,95.0,99.0,-4.0,4.0,timeout,0.3821725306543507,0.6178274693456494,San Antonio Spurs,0,1,0.0
2025-26,0042500404,4,2026-06-10,New York Knicks,San Antonio Spurs,661,4,PT04M32.00S,272.0,272.0,95.0,99.0,-4.0,4.0,substitution,0.3849480632617755,0.6150519367382246,San Antonio Spurs,0,1,0.0
2025-26,0042500404,4,2026-06-10,New York Knicks,San Antonio Spurs,664,4,PT04M11.00S,251.0,251.0,95.0,102.0,-7.0,7.0,made_shot,0.2853507614063797,0.7146492385936203,San Antonio Spurs,0,1,0.0
2025-26,0042500404,4,2026-06-10,New York Knicks,San Antonio Spurs,666,4,PT03M49.00S,229.0,229.0,97.0,102.0,-5.0,5.0,made_shot,0.3390649832084088,0.6609350167915913,San Antonio Spurs,0,1,0.0
2025-26,0042500404,4,2026-06-10,New York Knicks,San Antonio Spurs,667,4,PT03M31.00S,211.0,211.0,97.0,104.0,-7.0,7.0,made_shot,0.2847197817942834,0.7152802182057165,San Antonio Spurs,0,1,0.0
2025-26,0042500404,4,2026-06-10,New York Knicks,San Antonio Spurs,669,4,PT03M07.00S,187.0,187.0,100.0,104.0,-4.0,4.0,made_shot,0.3815649284343244,0.6184350715656756,San Antonio Spurs,0,1,0.0
2025-26,0042500404,4,2026-06-10,New York Knicks,San Antonio Spurs,671,4,PT02M43.00S,163.0,163.0,100.0,104.0,-4.0,4.0,missed_shot,0.3830783799270068,0.6169216200729932,San Antonio Spurs,0,1,0.0
2025-26,0042500404,4,2026-06-10,New York Knicks,San Antonio Spurs,672,4,PT02M42.00S,162.0,162.0,100.0,104.0,-4.0,4.0,rebound,0.3826507370274388,0.6173492629725612,San Antonio Spurs,0,1,0.0
2025-26,0042500404,4,2026-06-10,New York Knicks,San Antonio Spurs,674,4,PT02M42.00S,162.0,162.0,100.0,104.0,-4.0,4.0,substitution,0.3832702718792651,0.6167297281207349,San Antonio Spurs,0,1,0.0
2025-26,0042500404,4,2026-06-10,New York Knicks,San Antonio Spurs,676,4,PT02M21.00S,141.0,141.0,103.0,104.0,-1.0,1.0,made_shot,0.4892369756957176,0.5107630243042824,San Antonio Spurs,0,1,0.0
2025-26,0042500404,4,2026-06-10,New York Knicks,San Antonio Spurs,677,4,PT02M00.00S,120.0,120.0,103.0,104.0,-1.0,1.0,unknown,0.4873743321914193,0.5126256678085808,San Antonio Spurs,0,1,0.0
2025-26,0042500404,4,2026-06-10,New York Knicks,San Antonio Spurs,679,4,PT01M57.00S,117.0,117.0,103.0,104.0,-1.0,1.0,missed_shot,0.4942162457662965,0.5057837542337035,San Antonio Spurs,0,1,0.0
2025-26,0042500404,4,2026-06-10,New York Knicks,San Antonio Spurs,680,4,PT01M54.00S,114.0,114.0,103.0,104.0,-1.0,1.0,rebound,0.4903765753376428,0.5096234246623572,San Antonio Spurs,0,1,0.0
2025-26,0042500404,4,2026-06-10,New York Knicks,San Antonio Spurs,681,4,PT01M47.00S,107.0,107.0,103.0,104.0,-1.0,1.0,foul,0.4904005629035762,0.5095994370964239,San Antonio Spurs,0,1,0.0
2025-26,0042500404,4,2026-06-10,New York Knicks,San Antonio Spurs,683,4,PT01M47.00S,107.0,107.0,103.0,104.0,-1.0,1.0,free_throw,0.4914556112371808,0.5085443887628192,San Antonio Spurs,0,1,0.0
2025-26,0042500404,4,2026-06-10,New York Knicks,San Antonio Spurs,684,4,PT01M47.00S,107.0,107.0,103.0,104.0,-1.0,1.0,rebound,0.5006752862034819,0.4993247137965181,New York Knicks,1,1,1.0
2025-26,0042500404,4,2026-06-10,New York Knicks,San Antonio Spurs,685,4,PT01M47.00S,107.0,107.0,103.0,104.0,-1.0,1.0,free_throw,0.491597377141307,0.508402622858693,San Antonio Spurs,0,1,0.0
2025-26,0042500404,4,2026-06-10,New York Knicks,San Antonio Spurs,686,4,PT01M45.00S,105.0,105.0,103.0,104.0,-1.0,1.0,rebound,0.4905224058786599,0.5094775941213401,San Antonio Spurs,0,1,0.0
2025-26,0042500404,4,2026-06-10,New York Knicks,San Antonio Spurs,687,4,PT01M22.00S,82.0,82.0,105.0,104.0,1.0,1.0,made_shot,0.5624460944302121,0.4375539055697879,New York Knicks,1,1,1.0
2025-26,0042500404,4,2026-06-10,New York Knicks,San Antonio Spurs,688,4,PT01M02.00S,62.0,62.0,105.0,104.0,1.0,1.0,turnover,0.5725043450988122,0.4274956549011878,New York Knicks,1,1,1.0
2025-26,0042500404,4,2026-06-10,New York Knicks,San Antonio Spurs,689,4,PT00M39.20S,39.2,39.2,105.0,104.0,1.0,1.0,missed_shot,0.5724010370702034,0.4275989629297966,New York Knicks,1,1,1.0
2025-26,0042500404,4,2026-06-10,New York Knicks,San Antonio Spurs,690,4,PT00M38.80S,38.8,38.8,105.0,104.0,1.0,1.0,rebound,0.565322945809152,0.434677054190848,New York Knicks,1,1,1.0
2025-26,0042500404,4,2026-06-10,New York Knicks,San Antonio Spurs,691,4,PT00M38.80S,38.8,38.8,105.0,104.0,1.0,1.0,turnover,0.5730298926908929,0.4269701073091071,New York Knicks,1,1,1.0
2025-26,0042500404,4,2026-06-10,New York Knicks,San Antonio Spurs,692,4,PT00M38.80S,38.8,38.8,105.0,104.0,1.0,1.0,substitution,0.565967096641815,0.434032903358185,New York Knicks,1,1,1.0
2025-26,0042500404,4,2026-06-10,New York Knicks,San Antonio Spurs,694,4,PT00M38.80S,38.8,38.8,105.0,104.0,1.0,1.0,substitution,0.565967096641815,0.434032903358185,New York Knicks,1,1,1.0
2025-26,0042500404,4,2026-06-10,New York Knicks,San Antonio Spurs,696,4,PT00M38.80S,38.8,38.8,105.0,104.0,1.0,1.0,timeout,0.5630812794386435,0.4369187205613565,New York Knicks,1,1,1.0
2025-26,0042500404,4,2026-06-10,New York Knicks,San Antonio Spurs,698,4,PT00M32.00S,32.0,32.0,105.0,104.0,1.0,1.0,missed_shot,0.5658918871877563,0.4341081128122437,New York Knicks,1,1,1.0
2025-26,0042500404,4,2026-06-10,New York Knicks,San Antonio Spurs,699,4,PT00M30.30S,30.3,30.3,105.0,104.0,1.0,1.0,rebound,0.5654583683822707,0.4345416316177293,New York Knicks,1,1,1.0
2025-26,0042500404,4,2026-06-10,New York Knicks,San Antonio Spurs,700,4,PT00M30.30S,30.3,30.3,105.0,104.0,1.0,1.0,foul,0.5653704310252491,0.4346295689747509,New York Knicks,1,1,1.0
2025-26,0042500404,4,2026-06-10,New York Knicks,San Antonio Spurs,702,4,PT00M30.30S,30.3,30.3,105.0,105.0,0.0,0.0,free_throw,0.5272717482993187,0.4727282517006813,New York Knicks,1,1,1.0
2025-26,0042500404,4,2026-06-10,New York Knicks,San Antonio Spurs,705,4,PT00M30.30S,30.3,30.3,105.0,105.0,0.0,0.0,substitution,0.528038696863201,0.4719613031367989,New York Knicks,1,1,1.0
2025-26,0042500404,4,2026-06-10,New York Knicks,San Antonio Spurs,706,4,PT00M30.30S,30.3,30.3,105.0,106.0,-1.0,1.0,free_throw,0.4903388337383549,0.509661166261645,San Antonio Spurs,0,1,0.0
2025-26,0042500404,4,2026-06-10,New York Knicks,San Antonio Spurs,707,4,PT00M30.30S,30.3,30.3,105.0,106.0,-1.0,1.0,timeout,0.4880327138308242,0.5119672861691758,San Antonio Spurs,0,1,0.0
2025-26,0042500404,4,2026-06-10,New York Knicks,San Antonio Spurs,708,4,PT00M30.30S,30.3,30.3,105.0,106.0,-1.0,1.0,substitution,0.4909661099116512,0.5090338900883488,San Antonio Spurs,0,1,0.0
2025-26,0042500404,4,2026-06-10,New York Knicks,San Antonio Spurs,709,4,PT00M30.30S,30.3,30.3,105.0,106.0,-1.0,1.0,substitution,0.4909661099116512,0.5090338900883488,San Antonio Spurs,0,1,0.0
2025-26,0042500404,4,2026-06-10,New York Knicks,San Antonio Spurs,712,4,PT00M16.10S,16.1,16.1,105.0,106.0,-1.0,1.0,missed_shot,0.4797511661295272,0.5202488338704727,San Antonio Spurs,0,1,0.0
2025-26,0042500404,4,2026-06-10,New York Knicks,San Antonio Spurs,713,4,PT00M13.50S,13.5,13.5,105.0,106.0,-1.0,1.0,rebound,0.4905831077743302,0.5094168922256699,San Antonio Spurs,0,1,0.0
2025-26,0042500404,4,2026-06-10,New York Knicks,San Antonio Spurs,714,4,PT00M11.10S,11.1,11.1,105.0,106.0,-1.0,1.0,unknown,0.4877168850348085,0.5122831149651915,San Antonio Spurs,0,1,0.0
2025-26,0042500404,4,2026-06-10,New York Knicks,San Antonio Spurs,716,4,PT00M10.10S,10.1,10.1,105.0,106.0,-1.0,1.0,rebound,0.4906381999852763,0.5093618000147236,San Antonio Spurs,0,1,0.0
2025-26,0042500404,4,2026-06-10,New York Knicks,San Antonio Spurs,718,4,PT00M05.70S,5.7,5.7,105.0,106.0,-1.0,1.0,foul,0.493800787585662,0.506199212414338,San Antonio Spurs,0,1,0.0
2025-26,0042500404,4,2026-06-10,New York Knicks,San Antonio Spurs,720,4,PT00M05.70S,5.7,5.7,105.0,106.0,-1.0,1.0,timeout,0.4884312418892596,0.5115687581107404,San Antonio Spurs,0,1,0.0
2025-26,0042500404,4,2026-06-10,New York Knicks,San Antonio Spurs,721,4,PT00M05.70S,5.7,5.7,105.0,106.0,-1.0,1.0,substitution,0.4913647343661902,0.5086352656338098,San Antonio Spurs,0,1,0.0
2025-26,0042500404,4,2026-06-10,New York Knicks,San Antonio Spurs,722,4,PT00M05.70S,5.7,5.7,105.0,106.0,-1.0,1.0,substitution,0.4913647343661902,0.5086352656338098,San Antonio Spurs,0,1,0.0
2025-26,0042500404,4,2026-06-10,New York Knicks,San Antonio Spurs,725,4,PT00M04.40S,4.4,4.4,105.0,106.0,-1.0,1.0,missed_shot,0.4911990933064546,0.5088009066935453,San Antonio Spurs,0,1,0.0
2025-26,0042500404,4,2026-06-10,New York Knicks,San Antonio Spurs,726,4,PT00M02.30S,2.3,2.3,105.0,106.0,-1.0,1.0,rebound,0.4907645888556721,0.5092354111443278,San Antonio Spurs,0,1,0.0
2025-26,0042500404,4,2026-06-10,New York Knicks,San Antonio Spurs,727,4,PT00M02.10S,2.1,2.1,107.0,106.0,1.0,1.0,made_shot,0.577619237162186,0.422380762837814,New York Knicks,1,1,1.0
2025-26,0042500404,4,2026-06-10,New York Knicks,San Antonio Spurs,728,4,PT00M01.20S,1.2,1.2,107.0,106.0,1.0,1.0,timeout,0.5622810977490641,0.4377189022509359,New York Knicks,1,1,1.0
2025-26,0042500404,4,2026-06-10,New York Knicks,San Antonio Spurs,729,4,PT00M01.20S,1.2,1.2,107.0,106.0,1.0,1.0,substitution,0.5651681187153208,0.4348318812846792,New York Knicks,1,1,1.0
2025-26,0042500404,4,2026-06-10,New York Knicks,San Antonio Spurs,730,4,PT00M01.20S,1.2,1.2,107.0,106.0,1.0,1.0,substitution,0.5651681187153208,0.4348318812846792,New York Knicks,1,1,1.0
2025-26,0042500404,4,2026-06-10,New York Knicks,San Antonio Spurs,733,4,PT00M00.00S,0.0,0.0,107.0,106.0,1.0,1.0,end_period,0.5583244857801224,0.4416755142198776,New York Knicks,1,1,1.0
2025-26,0042500405,5,2026-06-13,San Antonio Spurs,New York Knicks,2,1,PT12M00.00S,720.0,2880.0,0.0,0.0,0.0,0.0,start_period,0.5476208529306051,0.4523791470693948,San Antonio Spurs,1,0,0.0
2025-26,0042500405,5,2026-06-13,San Antonio Spurs,New York Knicks,4,1,PT12M00.00S,720.0,2880.0,0.0,0.0,0.0,0.0,jump_ball,0.5558869327782606,0.4441130672217394,San Antonio Spurs,1,0,0.0
2025-26,0042500405,5,2026-06-13,San Antonio Spurs,New York Knicks,7,1,PT11M35.00S,695.0,2855.0,0.0,0.0,0.0,0.0,missed_shot,0.5513701297570942,0.4486298702429058,San Antonio Spurs,1,0,0.0
2025-26,0042500405,5,2026-06-13,San Antonio Spurs,New York Knicks,8,1,PT11M32.00S,692.0,2852.0,0.0,0.0,0.0,0.0,rebound,0.5524601319139698,0.4475398680860302,San Antonio Spurs,1,0,0.0
2025-26,0042500405,5,2026-06-13,San Antonio Spurs,New York Knicks,9,1,PT11M12.00S,672.0,2832.0,0.0,0.0,0.0,0.0,missed_shot,0.5532025489185391,0.4467974510814608,San Antonio Spurs,1,0,0.0
2025-26,0042500405,5,2026-06-13,San Antonio Spurs,New York Knicks,10,1,PT11M08.00S,668.0,2828.0,0.0,0.0,0.0,0.0,rebound,0.5528448413404385,0.4471551586595614,San Antonio Spurs,1,0,0.0
2025-26,0042500405,5,2026-06-13,San Antonio Spurs,New York Knicks,11,1,PT10M45.00S,645.0,2805.0,0.0,0.0,0.0,0.0,missed_shot,0.5512759280350957,0.4487240719649042,San Antonio Spurs,1,0,0.0
2025-26,0042500405,5,2026-06-13,San Antonio Spurs,New York Knicks,12,1,PT10M43.00S,643.0,2803.0,0.0,0.0,0.0,0.0,rebound,0.5532455130454371,0.4467544869545629,San Antonio Spurs,1,0,0.0
2025-26,0042500405,5,2026-06-13,San Antonio Spurs,New York Knicks,13,1,PT10M26.00S,626.0,2786.0,0.0,0.0,0.0,0.0,unknown,0.5506429893139053,0.4493570106860947,San Antonio Spurs,1,0,0.0
2025-26,0042500405,5,2026-06-13,San Antonio Spurs,New York Knicks,15,1,PT10M16.00S,616.0,2776.0,0.0,0.0,0.0,0.0,missed_shot,0.554141397683983,0.445858602316017,San Antonio Spurs,1,0,0.0
2025-26,0042500405,5,2026-06-13,San Antonio Spurs,New York Knicks,16,1,PT10M16.00S,616.0,2776.0,0.0,0.0,0.0,0.0,rebound,0.5536781607958227,0.4463218392041773,San Antonio Spurs,1,0,0.0
2025-26,0042500405,5,2026-06-13,San Antonio Spurs,New York Knicks,17,1,PT10M16.00S,616.0,2776.0,0.0,0.0,0.0,0.0,foul,0.5601517686171551,0.4398482313828449,San Antonio Spurs,1,0,0.0
2025-26,0042500405,5,2026-06-13,San Antonio Spurs,New York Knicks,19,1,PT10M06.00S,606.0,2766.0,0.0,0.0,0.0,0.0,missed_shot,0.543873425531886,0.456126574468114,San Antonio Spurs,1,0,0.0
2025-26,0042500405,5,2026-06-13,San Antonio Spurs,New York Knicks,20,1,PT10M06.00S,606.0,2766.0,0.0,0.0,0.0,0.0,rebound,0.5538383801048742,0.4461616198951258,San Antonio Spurs,1,0,0.0
2025-26,0042500405,5,2026-06-13,San Antonio Spurs,New York Knicks,21,1,PT10M06.00S,606.0,2766.0,0.0,0.0,0.0,0.0,foul,0.56031150949312,0.4396884905068799,San Antonio Spurs,1,0,0.0
2025-26,0042500405,5,2026-06-13,San Antonio Spurs,New York Knicks,25,1,PT09M57.00S,597.0,2757.0,0.0,0.0,0.0,0.0,unknown,0.5511081924200761,0.4488918075799238,San Antonio Spurs,1,0,0.0
2025-26,0042500405,5,2026-06-13,San Antonio Spurs,New York Knicks,27,1,PT09M55.00S,595.0,2755.0,0.0,0.0,0.0,0.0,rebound,0.5540146084246033,0.4459853915753967,San Antonio Spurs,1,0,0.0
2025-26,0042500405,5,2026-06-13,San Antonio Spurs,New York Knicks,28,1,PT09M55.00S,595.0,2755.0,0.0,0.0,0.0,0.0,unknown,0.5511402721066174,0.4488597278933826,San Antonio Spurs,1,0,0.0
2025-26,0042500405,5,2026-06-13,San Antonio Spurs,New York Knicks,30,1,PT09M44.00S,584.0,2744.0,2.0,0.0,2.0,2.0,made_shot,0.6311031206490685,0.3688968793509315,San Antonio Spurs,1,0,0.0
2025-26,0042500405,5,2026-06-13,San Antonio Spurs,New York Knicks,32,1,PT09M30.00S,570.0,2730.0,2.0,3.0,-1.0,1.0,made_shot,0.515398708692378,0.484601291307622,San Antonio Spurs,1,0,0.0
2025-26,0042500405,5,2026-06-13,San Antonio Spurs,New York Knicks,34,1,PT09M15.00S,555.0,2715.0,2.0,3.0,-1.0,1.0,missed_shot,0.5167694635597224,0.4832305364402776,San Antonio Spurs,1,0,0.0
2025-26,0042500405,5,2026-06-13,San Antonio Spurs,New York Knicks,35,1,PT09M15.00S,555.0,2715.0,2.0,3.0,-1.0,1.0,rebound,0.5163433179720495,0.4836566820279505,San Antonio Spurs,1,0,0.0
2025-26,0042500405,5,2026-06-13,San Antonio Spurs,New York Knicks,37,1,PT08M58.00S,538.0,2698.0,2.0,3.0,-1.0,1.0,unknown,0.5137147760316847,0.4862852239683153,San Antonio Spurs,1,0,0.0
2025-26,0042500405,5,2026-06-13,San Antonio Spurs,New York Knicks,39,1,PT08M55.00S,535.0,2695.0,2.0,3.0,-1.0,1.0,rebound,0.5166671508481155,0.4833328491518844,San Antonio Spurs,1,0,0.0
2025-26,0042500405,5,2026-06-13,San Antonio Spurs,New York Knicks,40,1,PT08M47.00S,527.0,2687.0,2.0,3.0,-1.0,1.0,missed_shot,0.5125127684030002,0.4874872315969998,San Antonio Spurs,1,0,0.0
2025-26,0042500405,5,2026-06-13,San Antonio Spurs,New York Knicks,41,1,PT08M47.00S,527.0,2687.0,2.0,3.0,-1.0,1.0,rebound,0.5167966800943762,0.4832033199056238,San Antonio Spurs,1,0,0.0
2025-26,0042500405,5,2026-06-13,San Antonio Spurs,New York Knicks,42,1,PT08M43.00S,523.0,2683.0,4.0,3.0,1.0,1.0,made_shot,0.588533147985998,0.411466852014002,San Antonio Spurs,1,0,0.0
2025-26,0042500405,5,2026-06-13,San Antonio Spurs,New York Knicks,43,1,PT08M21.00S,501.0,2661.0,4.0,3.0,1.0,1.0,unknown,0.5875117054644265,0.4124882945355734,San Antonio Spurs,1,0,0.0
2025-26,0042500405,5,2026-06-13,San Antonio Spurs,New York Knicks,45,1,PT08M18.00S,498.0,2658.0,4.0,3.0,1.0,1.0,rebound,0.5903732987234985,0.4096267012765014,San Antonio Spurs,1,0,0.0
2025-26,0042500405,5,2026-06-13,San Antonio Spurs,New York Knicks,46,1,PT08M13.00S,493.0,2653.0,4.0,3.0,1.0,1.0,missed_shot,0.5942082832645588,0.4057917167354412,San Antonio Spurs,1,0,0.0
2025-26,0042500405,5,2026-06-13,San Antonio Spurs,New York Knicks,47,1,PT08M10.00S,490.0,2650.0,4.0,3.0,1.0,1.0,rebound,0.5904987309228983,0.4095012690771017,San Antonio Spurs,1,0,0.0
2025-26,0042500405,5,2026-06-13,San Antonio Spurs,New York Knicks,49,1,PT08M08.00S,488.0,2648.0,4.0,3.0,1.0,1.0,foul,0.5904435486450901,0.4095564513549099,San Antonio Spurs,1,0,0.0
2025-26,0042500405,5,2026-06-13,San Antonio Spurs,New York Knicks,51,1,PT08M08.00S,488.0,2648.0,4.0,4.0,0.0,0.0,free_throw,0.5528042653289303,0.4471957346710696,San Antonio Spurs,1,0,0.0
2025-26,0042500405,5,2026-06-13,San Antonio Spurs,New York Knicks,52,1,PT08M08.00S,488.0,2648.0,4.0,5.0,-1.0,1.0,free_throw,0.5160351902761576,0.4839648097238423,San Antonio Spurs,1,0,0.0
2025-26,0042500405,5,2026-06-13,San Antonio Spurs,New York Knicks,53,1,PT07M49.00S,469.0,2629.0,4.0,5.0,-1.0,1.0,foul,0.5162255466922385,0.4837744533077615,San Antonio Spurs,1,0,0.0
2025-26,0042500405,5,2026-06-13,San Antonio Spurs,New York Knicks,55,1,PT07M49.00S,469.0,2629.0,5.0,5.0,0.0,0.0,free_throw,0.5524054916323835,0.4475945083676165,San Antonio Spurs,1,0,0.0
2025-26,0042500405,5,2026-06-13,San Antonio Spurs,New York Knicks,56,1,PT07M49.00S,469.0,2629.0,5.0,5.0,0.0,0.0,substitution,0.5531662195079131,0.4468337804920869,San Antonio Spurs,1,0,0.0
2025-26,0042500405,5,2026-06-13,San Antonio Spurs,New York Knicks,57,1,PT07M49.00S,469.0,2629.0,5.0,5.0,0.0,0.0,substitution,0.5531662195079131,0.4468337804920869,San Antonio Spurs,1,0,0.0
2025-26,0042500405,5,2026-06-13,San Antonio Spurs,New York Knicks,60,1,PT07M49.00S,469.0,2629.0,6.0,5.0,1.0,1.0,free_throw,0.5894787957554177,0.4105212042445822,San Antonio Spurs,1,0,0.0
2025-26,0042500405,5,2026-06-13,San Antonio Spurs,New York Knicks,61,1,PT07M29.00S,449.0,2609.0,6.0,5.0,1.0,1.0,missed_shot,0.5901783106938826,0.4098216893061174,San Antonio Spurs,1,0,0.0
2025-26,0042500405,5,2026-06-13,San Antonio Spurs,New York Knicks,62,1,PT07M27.00S,447.0,2607.0,6.0,5.0,1.0,1.0,rebound,0.5897968843444837,0.4102031156555162,San Antonio Spurs,1,0,0.0
2025-26,0042500405,5,2026-06-13,San Antonio Spurs,New York Knicks,63,1,PT07M17.00S,437.0,2597.0,6.0,5.0,1.0,1.0,missed_shot,0.5889341918465718,0.4110658081534282,San Antonio Spurs,1,0,0.0
2025-26,0042500405,5,2026-06-13,San Antonio Spurs,New York Knicks,64,1,PT07M16.00S,436.0,2596.0,6.0,5.0,1.0,1.0,rebound,0.5899694247185057,0.4100305752814943,San Antonio Spurs,1,0,0.0
2025-26,0042500405,5,2026-06-13,San Antonio Spurs,New York Knicks,65,1,PT07M16.00S,436.0,2596.0,8.0,5.0,3.0,3.0,made_shot,0.6627283321313595,0.3372716678686405,San Antonio Spurs,1,0,0.0
2025-26,0042500405,5,2026-06-13,San Antonio Spurs,New York Knicks,66,1,PT06M59.00S,419.0,2579.0,8.0,5.0,3.0,3.0,missed_shot,0.6651578746731615,0.3348421253268385,San Antonio Spurs,1,0,0.0
2025-26,0042500405,5,2026-06-13,San Antonio Spurs,New York Knicks,67,1,PT06M55.00S,415.0,2575.0,8.0,5.0,3.0,3.0,rebound,0.6608084761546263,0.3391915238453736,San Antonio Spurs,1,0,0.0
2025-26,0042500405,5,2026-06-13,San Antonio Spurs,New York Knicks,68,1,PT06M40.00S,400.0,2560.0,11.0,5.0,6.0,6.0,made_shot,0.7535138454947112,0.2464861545052887,San Antonio Spurs,1,0,0.0
2025-26,0042500405,5,2026-06-13,San Antonio Spurs,New York Knicks,70,1,PT06M20.00S,380.0,2540.0,11.0,8.0,3.0,3.0,made_shot,0.6587336202809835,0.3412663797190165,San Antonio Spurs,1,0,0.0
2025-26,0042500405,5,2026-06-13,San Antonio Spurs,New York Knicks,72,1,PT06M08.00S,368.0,2528.0,11.0,8.0,3.0,3.0,missed_shot,0.6599605385588413,0.3400394614411587,San Antonio Spurs,1,0,0.0
2025-26,0042500405,5,2026-06-13,San Antonio Spurs,New York Knicks,73,1,PT06M05.00S,365.0,2525.0,11.0,8.0,3.0,3.0,rebound,0.6596211577104353,0.3403788422895647,San Antonio Spurs,1,0,0.0
2025-26,0042500405,5,2026-06-13,San Antonio Spurs,New York Knicks,74,1,PT05M53.00S,353.0,2513.0,11.0,8.0,3.0,3.0,missed_shot,0.6642094544067483,0.3357905455932517,San Antonio Spurs,1,0,0.0
2025-26,0042500405,5,2026-06-13,San Antonio Spurs,New York Knicks,75,1,PT05M51.00S,351.0,2511.0,11.0,8.0,3.0,3.0,rebound,0.6598249307256954,0.3401750692743046,San Antonio Spurs,1,0,0.0
2025-26,0042500405,5,2026-06-13,San Antonio Spurs,New York Knicks,77,1,PT05M51.00S,351.0,2511.0,11.0,8.0,3.0,3.0,timeout,0.6577755935908143,0.3422244064091857,San Antonio Spurs,1,0,0.0
2025-26,0042500405,5,2026-06-13,San Antonio Spurs,New York Knicks,78,1,PT05M51.00S,351.0,2511.0,11.0,8.0,3.0,3.0,substitution,0.6604131616814867,0.3395868383185133,San Antonio Spurs,1,0,0.0
2025-26,0042500405,5,2026-06-13,San Antonio Spurs,New York Knicks,79,1,PT05M51.00S,351.0,2511.0,11.0,8.0,3.0,3.0,substitution,0.6604131616814867,0.3395868383185133,San Antonio Spurs,1,0,0.0
2025-26,0042500405,5,2026-06-13,San Antonio Spurs,New York Knicks,80,1,PT05M51.00S,351.0,2511.0,11.0,8.0,3.0,3.0,substitution,0.6604131616814867,0.3395868383185133,San Antonio Spurs,1,0,0.0
2025-26,0042500405,5,2026-06-13,San Antonio Spurs,New York Knicks,84,1,PT05M44.00S,344.0,2504.0,11.0,8.0,3.0,3.0,missed_shot,0.6603096586211735,0.3396903413788265,San Antonio Spurs,1,0,0.0
2025-26,0042500405,5,2026-06-13,San Antonio Spurs,New York Knicks,85,1,PT05M40.00S,340.0,2500.0,11.0,8.0,3.0,3.0,rebound,0.6599849966255251,0.3400150033744749,San Antonio Spurs,1,0,0.0
2025-26,0042500405,5,2026-06-13,San Antonio Spurs,New York Knicks,86,1,PT05M35.00S,335.0,2495.0,13.0,8.0,5.0,5.0,made_shot,0.7196555438471168,0.2803444561528831,San Antonio Spurs,1,0,0.0
2025-26,0042500405,5,2026-06-13,San Antonio Spurs,New York Knicks,87,1,PT05M27.00S,327.0,2487.0,13.0,8.0,5.0,5.0,violation,0.7214569937800601,0.2785430062199399,San Antonio Spurs,1,0,0.0
2025-26,0042500405,5,2026-06-13,San Antonio Spurs,New York Knicks,88,1,PT05M10.00S,310.0,2470.0,13.0,8.0,5.0,5.0,missed_shot,0.72483587234197,0.27516412765803,San Antonio Spurs,1,0,0.0
2025-26,0042500405,5,2026-06-13,San Antonio Spurs,New York Knicks,89,1,PT05M08.00S,308.0,2468.0,13.0,8.0,5.0,5.0,rebound,0.7245212741401921,0.2754787258598079,San Antonio Spurs,1,0,0.0
2025-26,0042500405,5,2026-06-13,San Antonio Spurs,New York Knicks,90,1,PT04M58.00S,298.0,2458.0,13.0,8.0,5.0,5.0,missed_shot,0.7210824059555756,0.2789175940444244,San Antonio Spurs,1,0,0.0
2025-26,0042500405,5,2026-06-13,San Antonio Spurs,New York Knicks,91,1,PT04M56.00S,296.0,2456.0,13.0,8.0,5.0,5.0,rebound,0.7246765375162569,0.275323462483743,San Antonio Spurs,1,0,0.0
2025-26,0042500405,5,2026-06-13,San Antonio Spurs,New York Knicks,92,1,PT04M54.00S,294.0,2454.0,13.0,8.0,5.0,5.0,unknown,0.7223768842522483,0.2776231157477516,San Antonio Spurs,1,0,0.0
2025-26,0042500405,5,2026-06-13,San Antonio Spurs,New York Knicks,94,1,PT04M51.00S,291.0,2451.0,13.0,8.0,5.0,5.0,missed_shot,0.7250815067602177,0.2749184932397823,San Antonio Spurs,1,0,0.0
2025-26,0042500405,5,2026-06-13,San Antonio Spurs,New York Knicks,95,1,PT04M51.00S,291.0,2451.0,13.0,8.0,5.0,5.0,rebound,0.7247412145725082,0.2752587854274918,San Antonio Spurs,1,0,0.0
2025-26,0042500405,5,2026-06-13,San Antonio Spurs,New York Knicks,96,1,PT04M51.00S,291.0,2451.0,13.0,8.0,5.0,5.0,foul,0.7299438474099508,0.2700561525900492,San Antonio Spurs,1,0,0.0
2025-26,0042500405,5,2026-06-13,San Antonio Spurs,New York Knicks,98,1,PT04M51.00S,291.0,2451.0,13.0,8.0,5.0,5.0,substitution,0.7252639319558959,0.2747360680441041,San Antonio Spurs,1,0,0.0
2025-26,0042500405,5,2026-06-13,San Antonio Spurs,New York Knicks,100,1,PT04M43.00S,283.0,2443.0,15.0,8.0,7.0,7.0,made_shot,0.7781331641015796,0.2218668358984203,San Antonio Spurs,1,0,0.0
2025-26,0042500405,5,2026-06-13,San Antonio Spurs,New York Knicks,101,1,PT04M19.00S,259.0,2419.0,15.0,8.0,7.0,7.0,missed_shot,0.7844181859875392,0.2155818140124608,San Antonio Spurs,1,0,0.0
2025-26,0042500405,5,2026-06-13,San Antonio Spurs,New York Knicks,102,1,PT04M18.00S,258.0,2418.0,15.0,8.0,7.0,7.0,rebound,0.7810748599301534,0.2189251400698466,San Antonio Spurs,1,0,0.0
2025-26,0042500405,5,2026-06-13,San Antonio Spurs,New York Knicks,103,1,PT04M18.00S,258.0,2418.0,15.0,8.0,7.0,7.0,turnover,0.7864018086059178,0.2135981913940822,San Antonio Spurs,1,0,0.0
2025-26,0042500405,5,2026-06-13,San Antonio Spurs,New York Knicks,104,1,PT04M18.00S,258.0,2418.0,15.0,8.0,7.0,7.0,substitution,0.7815228485579704,0.2184771514420296,San Antonio Spurs,1,0,0.0
2025-26,0042500405,5,2026-06-13,San Antonio Spurs,New York Knicks,106,1,PT04M04.00S,244.0,2404.0,15.0,8.0,7.0,7.0,missed_shot,0.7815215472941144,0.2184784527058856,San Antonio Spurs,1,0,0.0
2025-26,0042500405,5,2026-06-13,San Antonio Spurs,New York Knicks,107,1,PT04M01.00S,241.0,2401.0,15.0,8.0,7.0,7.0,rebound,0.7812632799729506,0.2187367200270493,San Antonio Spurs,1,0,0.0
2025-26,0042500405,5,2026-06-13,San Antonio Spurs,New York Knicks,108,1,PT04M01.00S,241.0,2401.0,15.0,8.0,7.0,7.0,violation,0.7788495874664905,0.2211504125335095,San Antonio Spurs,1,0,0.0
2025-26,0042500405,5,2026-06-13,San Antonio Spurs,New York Knicks,109,1,PT04M01.00S,241.0,2401.0,15.0,8.0,7.0,7.0,substitution,0.781710990790072,0.218289009209928,San Antonio Spurs,1,0,0.0
2025-26,0042500405,5,2026-06-13,San Antonio Spurs,New York Knicks,110,1,PT04M01.00S,241.0,2401.0,15.0,8.0,7.0,7.0,substitution,0.781710990790072,0.218289009209928,San Antonio Spurs,1,0,0.0
2025-26,0042500405,5,2026-06-13,San Antonio Spurs,New York Knicks,113,1,PT03M52.00S,232.0,2392.0,15.0,8.0,7.0,7.0,unknown,0.7793703741087162,0.2206296258912837,San Antonio Spurs,1,0,0.0
2025-26,0042500405,5,2026-06-13,San Antonio Spurs,New York Knicks,115,1,PT03M47.00S,227.0,2387.0,15.0,8.0,7.0,7.0,missed_shot,0.7840639050311049,0.2159360949688951,San Antonio Spurs,1,0,0.0
2025-26,0042500405,5,2026-06-13,San Antonio Spurs,New York Knicks,116,1,PT03M45.00S,225.0,2385.0,15.0,8.0,7.0,7.0,rebound,0.7814405097960808,0.2185594902039191,San Antonio Spurs,1,0,0.0
2025-26,0042500405,5,2026-06-13,San Antonio Spurs,New York Knicks,117,1,PT03M40.00S,220.0,2380.0,15.0,8.0,7.0,7.0,turnover,0.7854877363007372,0.2145122636992628,San Antonio Spurs,1,0,0.0
2025-26,0042500405,5,2026-06-13,San Antonio Spurs,New York Knicks,118,1,PT03M20.00S,200.0,2360.0,15.0,8.0,7.0,7.0,missed_shot,0.7809974815510468,0.2190025184489532,San Antonio Spurs,1,0,0.0
2025-26,0042500405,5,2026-06-13,San Antonio Spurs,New York Knicks,119,1,PT03M16.00S,196.0,2356.0,15.0,8.0,7.0,7.0,rebound,0.7817614751464056,0.2182385248535944,San Antonio Spurs,1,0,0.0
2025-26,0042500405,5,2026-06-13,San Antonio Spurs,New York Knicks,120,1,PT03M06.00S,186.0,2346.0,18.0,8.0,10.0,10.0,made_shot,0.8489230592304088,0.1510769407695912,San Antonio Spurs,1,0,0.0
2025-26,0042500405,5,2026-06-13,San Antonio Spurs,New York Knicks,122,1,PT02M43.00S,163.0,2323.0,18.0,8.0,10.0,10.0,missed_shot,0.8519999710051269,0.148000028994873,San Antonio Spurs,1,0,0.0
2025-26,0042500405,5,2026-06-13,San Antonio Spurs,New York Knicks,123,1,PT02M40.00S,160.0,2320.0,18.0,8.0,10.0,10.0,rebound,0.8495202244975891,0.1504797755024108,San Antonio Spurs,1,0,0.0
2025-26,0042500405,5,2026-06-13,San Antonio Spurs,New York Knicks,124,1,PT02M30.00S,150.0,2310.0,18.0,8.0,10.0,10.0,unknown,0.8481115103745912,0.1518884896254088,San Antonio Spurs,1,0,0.0
2025-26,0042500405,5,2026-06-13,San Antonio Spurs,New York Knicks,126,1,PT02M24.00S,144.0,2304.0,18.0,8.0,10.0,10.0,missed_shot,0.8477222130548305,0.1522777869451694,San Antonio Spurs,1,0,0.0
2025-26,0042500405,5,2026-06-13,San Antonio Spurs,New York Knicks,127,1,PT02M22.00S,142.0,2302.0,18.0,8.0,10.0,10.0,rebound,0.8496693567738887,0.1503306432261113,San Antonio Spurs,1,0,0.0
2025-26,0042500405,5,2026-06-13,San Antonio Spurs,New York Knicks,128,1,PT02M14.00S,134.0,2294.0,18.0,10.0,8.0,8.0,made_shot,0.8084827698134476,0.1915172301865524,San Antonio Spurs,1,0,0.0
2025-26,0042500405,5,2026-06-13,San Antonio Spurs,New York Knicks,129,1,PT01M52.00S,112.0,2272.0,18.0,10.0,8.0,8.0,missed_shot,0.8066321510073112,0.1933678489926887,San Antonio Spurs,1,0,0.0
2025-26,0042500405,5,2026-06-13,San Antonio Spurs,New York Knicks,130,1,PT01M49.00S,109.0,2269.0,18.0,10.0,8.0,8.0,rebound,0.8063962139381841,0.1936037860618159,San Antonio Spurs,1,0,0.0
2025-26,0042500405,5,2026-06-13,San Antonio Spurs,New York Knicks,131,1,PT01M41.00S,101.0,2261.0,18.0,10.0,8.0,8.0,missed_shot,0.8058187991719146,0.1941812008280854,San Antonio Spurs,1,0,0.0
2025-26,0042500405,5,2026-06-13,San Antonio Spurs,New York Knicks,132,1,PT01M40.00S,100.0,2260.0,18.0,10.0,8.0,8.0,rebound,0.806487299938906,0.193512700061094,San Antonio Spurs,1,0,0.0
2025-26,0042500405,5,2026-06-13,San Antonio Spurs,New York Knicks,133,1,PT01M40.00S,100.0,2260.0,18.0,10.0,8.0,8.0,foul,0.8064314418784672,0.1935685581215328,San Antonio Spurs,1,0,0.0
2025-26,0042500405,5,2026-06-13,San Antonio Spurs,New York Knicks,135,1,PT01M40.00S,100.0,2260.0,18.0,10.0,8.0,8.0,timeout,0.8050604734950961,0.1949395265049038,San Antonio Spurs,1,0,0.0
2025-26,0042500405,5,2026-06-13,San Antonio Spurs,New York Knicks,136,1,PT05M08.00S,308.0,2468.0,18.0,10.0,8.0,8.0,unknown,0.8025379817075532,0.1974620182924468,San Antonio Spurs,1,0,0.0
2025-26,0042500405,5,2026-06-13,San Antonio Spurs,New York Knicks,138,1,PT01M40.00S,100.0,2260.0,18.0,10.0,8.0,8.0,substitution,0.8068961431456774,0.1931038568543226,San Antonio Spurs,1,0,0.0
2025-26,0042500405,5,2026-06-13,San Antonio Spurs,New York Knicks,139,1,PT01M40.00S,100.0,2260.0,18.0,10.0,8.0,8.0,substitution,0.8068961431456774,0.1931038568543226,San Antonio Spurs,1,0,0.0
2025-26,0042500405,5,2026-06-13,San Antonio Spurs,New York Knicks,140,1,PT01M40.00S,100.0,2260.0,18.0,10.0,8.0,8.0,substitution,0.8068961431456774,0.1931038568543226,San Antonio Spurs,1,0,0.0
2025-26,0042500405,5,2026-06-13,San Antonio Spurs,New York Knicks,144,1,PT01M40.00S,100.0,2260.0,18.0,10.0,8.0,8.0,free_throw,0.8070895779166285,0.1929104220833715,San Antonio Spurs,1,0,0.0
2025-26,0042500405,5,2026-06-13,San Antonio Spurs,New York Knicks,145,1,PT01M40.00S,100.0,2260.0,18.0,10.0,8.0,8.0,rebound,0.8127670152672648,0.1872329847327352,San Antonio Spurs,1,0,0.0
2025-26,0042500405,5,2026-06-13,San Antonio Spurs,New York Knicks,146,1,PT01M40.00S,100.0,2260.0,18.0,10.0,8.0,8.0,free_throw,0.8071778774299709,0.192822122570029,San Antonio Spurs,1,0,0.0
2025-26,0042500405,5,2026-06-13,San Antonio Spurs,New York Knicks,147,1,PT01M37.00S,97.0,2257.0,18.0,10.0,8.0,8.0,rebound,0.8065176547001773,0.1934823452998226,San Antonio Spurs,1,0,0.0
2025-26,0042500405,5,2026-06-13,San Antonio Spurs,New York Knicks,148,1,PT01M24.00S,84.0,2244.0,20.0,10.0,10.0,10.0,made_shot,0.8490630544089699,0.1509369455910301,San Antonio Spurs,1,0,0.0
2025-26,0042500405,5,2026-06-13,San Antonio Spurs,New York Knicks,149,1,PT01M00.00S,60.0,2220.0,20.0,13.0,7.0,7.0,made_shot,0.7803564764506521,0.2196435235493479,San Antonio Spurs,1,0,0.0
2025-26,0042500405,5,2026-06-13,San Antonio Spurs,New York Knicks,150,1,PT00M51.70S,51.7,2211.7,20.0,13.0,7.0,7.0,missed_shot,0.7812215558766273,0.2187784441233726,San Antonio Spurs,1,0,0.0
2025-26,0042500405,5,2026-06-13,San Antonio Spurs,New York Knicks,151,1,PT00M48.40S,48.4,2208.4,20.0,13.0,7.0,7.0,rebound,0.7809663606153742,0.2190336393846258,San Antonio Spurs,1,0,0.0
2025-26,0042500405,5,2026-06-13,San Antonio Spurs,New York Knicks,152,1,PT00M42.00S,42.0,2202.0,20.0,13.0,7.0,7.0,jump_ball,0.7837080138915351,0.2162919861084649,San Antonio Spurs,1,0,0.0
2025-26,0042500405,5,2026-06-13,San Antonio Spurs,New York Knicks,155,1,PT00M42.00S,42.0,2202.0,20.0,13.0,7.0,7.0,unknown,0.7790425952343464,0.2209574047656536,San Antonio Spurs,1,0,0.0
2025-26,0042500405,5,2026-06-13,San Antonio Spurs,New York Knicks,157,1,PT00M28.60S,28.6,2188.6,20.0,13.0,7.0,7.0,foul,0.7832926752952756,0.2167073247047244,San Antonio Spurs,1,0,0.0
2025-26,0042500405,5,2026-06-13,San Antonio Spurs,New York Knicks,159,1,PT00M22.50S,22.5,2182.5,23.0,13.0,10.0,10.0,made_shot,0.8484577614729218,0.1515422385270781,San Antonio Spurs,1,0,0.0
2025-26,0042500405,5,2026-06-13,San Antonio Spurs,New York Knicks,161,1,PT00M01.60S,1.6,2161.6,23.0,13.0,10.0,10.0,missed_shot,0.8492326741366085,0.1507673258633914,San Antonio Spurs,1,0,0.0
2025-26,0042500405,5,2026-06-13,San Antonio Spurs,New York Knicks,162,1,PT00M00.10S,0.1,2160.1,23.0,13.0,10.0,10.0,rebound,0.8490265222273377,0.1509734777726623,San Antonio Spurs,1,0,0.0
2025-26,0042500405,5,2026-06-13,San Antonio Spurs,New York Knicks,163,1,PT00M00.00S,0.0,2160.0,23.0,13.0,10.0,10.0,end_period,0.84576156328081,0.15423843671919,San Antonio Spurs,1,0,0.0
2025-26,0042500405,5,2026-06-13,San Antonio Spurs,New York Knicks,170,2,PT12M00.00S,720.0,2160.0,23.0,13.0,10.0,10.0,start_period,0.8473784813275607,0.1526215186724393,San Antonio Spurs,1,0,0.0
2025-26,0042500405,5,2026-06-13,San Antonio Spurs,New York Knicks,171,2,PT11M36.00S,696.0,2136.0,23.0,13.0,10.0,10.0,missed_shot,0.8500960818249063,0.1499039181750937,San Antonio Spurs,1,0,0.0
2025-26,0042500405,5,2026-06-13,San Antonio Spurs,New York Knicks,172,2,PT11M32.00S,692.0,2132.0,23.0,13.0,10.0,10.0,rebound,0.8498901114706161,0.1501098885293839,San Antonio Spurs,1,0,0.0
2025-26,0042500405,5,2026-06-13,San Antonio Spurs,New York Knicks,173,2,PT11M17.00S,677.0,2117.0,23.0,13.0,10.0,10.0,unknown,0.8485259147047075,0.1514740852952925,San Antonio Spurs,1,0,0.0
2025-26,0042500405,5,2026-06-13,San Antonio Spurs,New York Knicks,175,2,PT11M14.00S,674.0,2114.0,23.0,13.0,10.0,10.0,rebound,0.8500389418815568,0.1499610581184431,San Antonio Spurs,1,0,0.0
2025-26,0042500405,5,2026-06-13,San Antonio Spurs,New York Knicks,176,2,PT10M59.00S,659.0,2099.0,26.0,13.0,13.0,13.0,made_shot,0.8989351902788694,0.1010648097211306,San Antonio Spurs,1,0,0.0
2025-26,0042500405,5,2026-06-13,San Antonio Spurs,New York Knicks,179,2,PT10M42.00S,642.0,2082.0,26.0,13.0,13.0,13.0,substitution,0.8995424465725095,0.1004575534274905,San Antonio Spurs,1,0,0.0
2025-26,0042500405,5,2026-06-13,San Antonio Spurs,New York Knicks,181,2,PT10M34.00S,634.0,2074.0,26.0,13.0,13.0,13.0,unknown,0.8982949881152191,0.1017050118847808,San Antonio Spurs,1,0,0.0
2025-26,0042500405,5,2026-06-13,San Antonio Spurs,New York Knicks,183,2,PT10M33.00S,633.0,2073.0,26.0,13.0,13.0,13.0,rebound,0.899358107385283,0.100641892614717,San Antonio Spurs,1,0,0.0
2025-26,0042500405,5,2026-06-13,San Antonio Spurs,New York Knicks,185,2,PT10M24.00S,624.0,2064.0,26.0,13.0,13.0,13.0,foul,0.9005243580584137,0.0994756419415863,San Antonio Spurs,1,0,0.0
2025-26,0042500405,5,2026-06-13,San Antonio Spurs,New York Knicks,187,2,PT10M24.00S,624.0,2064.0,26.0,13.0,13.0,13.0,substitution,0.8996478606724615,0.1003521393275385,San Antonio Spurs,1,0,0.0
2025-26,0042500405,5,2026-06-13,San Antonio Spurs,New York Knicks,189,2,PT10M13.00S,613.0,2053.0,26.0,13.0,13.0,13.0,unknown,0.8984193162885771,0.1015806837114229,San Antonio Spurs,1,0,0.0
2025-26,0042500405,5,2026-06-13,San Antonio Spurs,New York Knicks,191,2,PT10M12.00S,612.0,2052.0,26.0,13.0,13.0,13.0,rebound,0.8994812813845382,0.1005187186154618,San Antonio Spurs,1,0,0.0
2025-26,0042500405,5,2026-06-13,San Antonio Spurs,New York Knicks,192,2,PT10M11.00S,611.0,2051.0,26.0,13.0,13.0,13.0,unknown,0.8984311500340252,0.1015688499659748,San Antonio Spurs,1,0,0.0
2025-26,0042500405,5,2026-06-13,San Antonio Spurs,New York Knicks,194,2,PT10M10.00S,610.0,2050.0,26.0,13.0,13.0,13.0,rebound,0.8994930052553564,0.1005069947446436,San Antonio Spurs,1,0,0.0
2025-26,0042500405,5,2026-06-13,San Antonio Spurs,New York Knicks,195,2,PT10M10.00S,610.0,2050.0,26.0,13.0,13.0,13.0,turnover,0.902298988869722,0.0977010111302779,San Antonio Spurs,1,0,0.0
2025-26,0042500405,5,2026-06-13,San Antonio Spurs,New York Knicks,196,2,PT10M02.00S,602.0,2042.0,26.0,13.0,13.0,13.0,turnover,0.9025166157296316,0.0974833842703684,San Antonio Spurs,1,0,0.0
2025-26,0042500405,5,2026-06-13,San Antonio Spurs,New York Knicks,197,2,PT09M52.00S,592.0,2032.0,26.0,13.0,13.0,13.0,unknown,0.8985435096438722,0.1014564903561278,San Antonio Spurs,1,0,0.0
2025-26,0042500405,5,2026-06-13,San Antonio Spurs,New York Knicks,199,2,PT09M33.00S,573.0,2013.0,26.0,13.0,13.0,13.0,missed_shot,0.8960193776101602,0.1039806223898398,San Antonio Spurs,1,0,0.0
2025-26,0042500405,5,2026-06-13,San Antonio Spurs,New York Knicks,200,2,PT09M32.00S,572.0,2012.0,26.0,13.0,13.0,13.0,rebound,0.8997155281250274,0.1002844718749725,San Antonio Spurs,1,0,0.0
2025-26,0042500405,5,2026-06-13,San Antonio Spurs,New York Knicks,201,2,PT09M29.00S,569.0,2009.0,26.0,13.0,13.0,13.0,foul,0.8997007873110251,0.1002992126889749,San Antonio Spurs,1,0,0.0
2025-26,0042500405,5,2026-06-13,San Antonio Spurs,New York Knicks,203,2,PT09M29.00S,569.0,2009.0,27.0,13.0,14.0,14.0,free_throw,0.9125085316485524,0.0874914683514476,San Antonio Spurs,1,0,0.0
2025-26,0042500405,5,2026-06-13,San Antonio Spurs,New York Knicks,204,2,PT09M29.00S,569.0,2009.0,27.0,13.0,14.0,14.0,substitution,0.9127538942287062,0.0872461057712937,San Antonio Spurs,1,0,0.0
2025-26,0042500405,5,2026-06-13,San Antonio Spurs,New York Knicks,206,2,PT09M29.00S,569.0,2009.0,28.0,13.0,15.0,15.0,free_throw,0.9238660400148412,0.0761339599851589,San Antonio Spurs,1,0,0.0
2025-26,0042500405,5,2026-06-13,San Antonio Spurs,New York Knicks,207,2,PT09M04.00S,544.0,1984.0,28.0,15.0,13.0,13.0,made_shot,0.9007418593408032,0.0992581406591969,San Antonio Spurs,1,0,0.0
2025-26,0042500405,5,2026-06-13,San Antonio Spurs,New York Knicks,208,2,PT08M39.00S,519.0,1959.0,28.0,15.0,13.0,13.0,missed_shot,0.8996661732229169,0.1003338267770831,San Antonio Spurs,1,0,0.0
2025-26,0042500405,5,2026-06-13,San Antonio Spurs,New York Knicks,209,2,PT08M37.00S,517.0,1957.0,28.0,15.0,13.0,13.0,rebound,0.8995237524656816,0.1004762475343183,San Antonio Spurs,1,0,0.0
2025-26,0042500405,5,2026-06-13,San Antonio Spurs,New York Knicks,210,2,PT08M35.00S,515.0,1955.0,28.0,15.0,13.0,13.0,turnover,0.9033476209911524,0.0966523790088477,San Antonio Spurs,1,0,0.0
2025-26,0042500405,5,2026-06-13,San Antonio Spurs,New York Knicks,211,2,PT08M35.00S,515.0,1955.0,28.0,15.0,13.0,13.0,substitution,0.8997721592459463,0.1002278407540536,San Antonio Spurs,1,0,0.0
2025-26,0042500405,5,2026-06-13,San Antonio Spurs,New York Knicks,213,2,PT08M29.00S,509.0,1949.0,31.0,15.0,16.0,16.0,made_shot,0.9335182275390408,0.0664817724609591,San Antonio Spurs,1,0,0.0
2025-26,0042500405,5,2026-06-13,San Antonio Spurs,New York Knicks,216,2,PT08M19.00S,499.0,1939.0,31.0,15.0,16.0,16.0,timeout,0.9331766550181342,0.0668233449818658,San Antonio Spurs,1,0,0.0
2025-26,0042500405,5,2026-06-13,San Antonio Spurs,New York Knicks,217,2,PT08M19.00S,499.0,1939.0,31.0,15.0,16.0,16.0,instant_replay,0.9355371579170004,0.0644628420829994,San Antonio Spurs,1,0,0.0
2025-26,0042500405,5,2026-06-13,San Antonio Spurs,New York Knicks,218,2,PT08M19.00S,499.0,1939.0,31.0,15.0,16.0,16.0,foul,0.935212587439564,0.0647874125604358,San Antonio Spurs,1,0,0.0
2025-26,0042500405,5,2026-06-13,San Antonio Spurs,New York Knicks,220,2,PT08M19.00S,499.0,1939.0,31.0,15.0,16.0,16.0,turnover,0.9338756412413756,0.0661243587586244,San Antonio Spurs,1,0,0.0
2025-26,0042500405,5,2026-06-13,San Antonio Spurs,New York Knicks,221,2,PT08M19.00S,499.0,1939.0,31.0,15.0,16.0,16.0,substitution,0.9339049509270108,0.0660950490729892,San Antonio Spurs,1,0,0.0
2025-26,0042500405,5,2026-06-13,San Antonio Spurs,New York Knicks,222,2,PT08M19.00S,499.0,1939.0,31.0,15.0,16.0,16.0,substitution,0.9339049509270108,0.0660950490729892,San Antonio Spurs,1,0,0.0
2025-26,0042500405,5,2026-06-13,San Antonio Spurs,New York Knicks,225,2,PT10M10.00S,610.0,2050.0,31.0,15.0,16.0,16.0,missed_shot,0.9302997259089152,0.0697002740910847,San Antonio Spurs,1,0,0.0
2025-26,0042500405,5,2026-06-13,San Antonio Spurs,New York Knicks,226,2,PT10M10.00S,610.0,2050.0,31.0,15.0,16.0,16.0,rebound,0.9332962869963632,0.0667037130036367,San Antonio Spurs,1,0,0.0
2025-26,0042500405,5,2026-06-13,San Antonio Spurs,New York Knicks,227,2,PT08M04.00S,484.0,1924.0,31.0,15.0,16.0,16.0,unknown,0.9330807859863636,0.0669192140136364,San Antonio Spurs,1,0,0.0
2025-26,0042500405,5,2026-06-13,San Antonio Spurs,New York Knicks,229,2,PT07M44.00S,464.0,1904.0,31.0,18.0,13.0,13.0,made_shot,0.8987914627903756,0.1012085372096244,San Antonio Spurs,1,0,0.0
2025-26,0042500405,5,2026-06-13,San Antonio Spurs,New York Knicks,231,2,PT07M30.00S,450.0,1890.0,31.0,18.0,13.0,13.0,missed_shot,0.8951588246449591,0.1048411753550409,San Antonio Spurs,1,0,0.0
2025-26,0042500405,5,2026-06-13,San Antonio Spurs,New York Knicks,232,2,PT07M28.00S,448.0,1888.0,31.0,18.0,13.0,13.0,rebound,0.8991561383679015,0.1008438616320984,San Antonio Spurs,1,0,0.0
2025-26,0042500405,5,2026-06-13,San Antonio Spurs,New York Knicks,233,2,PT07M26.00S,446.0,1886.0,31.0,18.0,13.0,13.0,missed_shot,0.8993225061497253,0.1006774938502746,San Antonio Spurs,1,0,0.0
2025-26,0042500405,5,2026-06-13,San Antonio Spurs,New York Knicks,234,2,PT07M24.00S,444.0,1884.0,31.0,18.0,13.0,13.0,rebound,0.8991796522354111,0.1008203477645889,San Antonio Spurs,1,0,0.0
2025-26,0042500405,5,2026-06-13,San Antonio Spurs,New York Knicks,235,2,PT07M16.00S,436.0,1876.0,31.0,18.0,13.0,13.0,missed_shot,0.9018811254206356,0.0981188745793644,San Antonio Spurs,1,0,0.0
2025-26,0042500405,5,2026-06-13,San Antonio Spurs,New York Knicks,236,2,PT07M14.00S,434.0,1874.0,31.0,18.0,13.0,13.0,rebound,0.8992384156077043,0.1007615843922956,San Antonio Spurs,1,0,0.0
2025-26,0042500405,5,2026-06-13,San Antonio Spurs,New York Knicks,238,2,PT07M06.00S,426.0,1866.0,31.0,18.0,13.0,13.0,missed_shot,0.8994398546160411,0.1005601453839588,San Antonio Spurs,1,0,0.0
2025-26,0042500405,5,2026-06-13,San Antonio Spurs,New York Knicks,239,2,PT07M02.00S,422.0,1862.0,31.0,18.0,13.0,13.0,rebound,0.899308891508273,0.100691108491727,San Antonio Spurs,1,0,0.0
2025-26,0042500405,5,2026-06-13,San Antonio Spurs,New York Knicks,240,2,PT06M51.00S,411.0,1851.0,31.0,18.0,13.0,13.0,missed_shot,0.9020244707035308,0.0979755292964692,San Antonio Spurs,1,0,0.0
2025-26,0042500405,5,2026-06-13,San Antonio Spurs,New York Knicks,241,2,PT06M49.00S,409.0,1849.0,31.0,18.0,13.0,13.0,rebound,0.899385190999539,0.100614809000461,San Antonio Spurs,1,0,0.0
2025-26,0042500405,5,2026-06-13,San Antonio Spurs,New York Knicks,242,2,PT06M41.00S,401.0,1841.0,33.0,18.0,15.0,15.0,made_shot,0.9234250425500432,0.0765749574499569,San Antonio Spurs,1,0,0.0
2025-26,0042500405,5,2026-06-13,San Antonio Spurs,New York Knicks,243,2,PT06M21.00S,381.0,1821.0,33.0,21.0,12.0,12.0,made_shot,0.8838972825733885,0.1161027174266114,San Antonio Spurs,1,0,0.0
2025-26,0042500405,5,2026-06-13,San Antonio Spurs,New York Knicks,245,2,PT06M04.00S,364.0,1804.0,33.0,21.0,12.0,12.0,turnover,0.8867011259222395,0.1132988740777605,San Antonio Spurs,1,0,0.0
2025-26,0042500405,5,2026-06-13,San Antonio Spurs,New York Knicks,246,2,PT06M04.00S,364.0,1804.0,33.0,21.0,12.0,12.0,substitution,0.8845832942670356,0.1154167057329643,San Antonio Spurs,1,0,0.0
2025-26,0042500405,5,2026-06-13,San Antonio Spurs,New York Knicks,247,2,PT06M04.00S,364.0,1804.0,33.0,21.0,12.0,12.0,substitution,0.8845832942670356,0.1154167057329643,San Antonio Spurs,1,0,0.0
2025-26,0042500405,5,2026-06-13,San Antonio Spurs,New York Knicks,248,2,PT06M04.00S,364.0,1804.0,33.0,21.0,12.0,12.0,substitution,0.8845832942670356,0.1154167057329643,San Antonio Spurs,1,0,0.0
2025-26,0042500405,5,2026-06-13,San Antonio Spurs,New York Knicks,252,2,PT05M47.00S,347.0,1787.0,33.0,21.0,12.0,12.0,missed_shot,0.883996731201362,0.1160032687986379,San Antonio Spurs,1,0,0.0
2025-26,0042500405,5,2026-06-13,San Antonio Spurs,New York Knicks,253,2,PT05M46.00S,346.0,1786.0,33.0,21.0,12.0,12.0,rebound,0.8844346899339153,0.1155653100660847,San Antonio Spurs,1,0,0.0
2025-26,0042500405,5,2026-06-13,San Antonio Spurs,New York Knicks,254,2,PT05M46.00S,346.0,1786.0,33.0,21.0,12.0,12.0,missed_shot,0.8902523543338453,0.1097476456661546,San Antonio Spurs,1,0,0.0
2025-26,0042500405,5,2026-06-13,San Antonio Spurs,New York Knicks,255,2,PT05M46.00S,346.0,1786.0,33.0,21.0,12.0,12.0,rebound,0.8844346899339153,0.1155653100660847,San Antonio Spurs,1,0,0.0
2025-26,0042500405,5,2026-06-13,San Antonio Spurs,New York Knicks,257,2,PT05M46.00S,346.0,1786.0,33.0,21.0,12.0,12.0,substitution,0.8847023936285002,0.1152976063714997,San Antonio Spurs,1,0,0.0
2025-26,0042500405,5,2026-06-13,San Antonio Spurs,New York Knicks,259,2,PT05M32.00S,332.0,1772.0,33.0,21.0,12.0,12.0,missed_shot,0.8865269385601566,0.1134730614398433,San Antonio Spurs,1,0,0.0
2025-26,0042500405,5,2026-06-13,San Antonio Spurs,New York Knicks,260,2,PT05M29.00S,329.0,1769.0,33.0,21.0,12.0,12.0,rebound,0.8845473013967423,0.1154526986032576,San Antonio Spurs,1,0,0.0
2025-26,0042500405,5,2026-06-13,San Antonio Spurs,New York Knicks,261,2,PT05M28.00S,328.0,1768.0,33.0,24.0,9.0,9.0,made_shot,0.8280997875041946,0.1719002124958054,San Antonio Spurs,1,0,0.0
2025-26,0042500405,5,2026-06-13,San Antonio Spurs,New York Knicks,262,2,PT05M17.00S,317.0,1757.0,33.0,24.0,9.0,9.0,missed_shot,0.8288667844891762,0.1711332155108238,San Antonio Spurs,1,0,0.0
2025-26,0042500405,5,2026-06-13,San Antonio Spurs,New York Knicks,263,2,PT05M15.00S,315.0,1755.0,33.0,24.0,9.0,9.0,rebound,0.8286430076893758,0.1713569923106241,San Antonio Spurs,1,0,0.0
2025-26,0042500405,5,2026-06-13,San Antonio Spurs,New York Knicks,264,2,PT05M06.00S,306.0,1746.0,33.0,24.0,9.0,9.0,missed_shot,0.826977805842412,0.173022194157588,San Antonio Spurs,1,0,0.0
2025-26,0042500405,5,2026-06-13,San Antonio Spurs,New York Knicks,265,2,PT05M02.00S,302.0,1742.0,33.0,24.0,9.0,9.0,rebound,0.8287626588164131,0.1712373411835869,San Antonio Spurs,1,0,0.0
2025-26,0042500405,5,2026-06-13,San Antonio Spurs,New York Knicks,268,2,PT04M57.00S,297.0,1737.0,35.0,24.0,11.0,11.0,made_shot,0.8665296484270026,0.1334703515729973,San Antonio Spurs,1,0,0.0
2025-26,0042500405,5,2026-06-13,San Antonio Spurs,New York Knicks,269,2,PT04M57.00S,297.0,1737.0,35.0,24.0,11.0,11.0,violation,0.8657367450256649,0.1342632549743351,San Antonio Spurs,1,0,0.0
2025-26,0042500405,5,2026-06-13,San Antonio Spurs,New York Knicks,270,2,PT04M44.00S,284.0,1724.0,35.0,26.0,9.0,9.0,made_shot,0.8277195802097304,0.1722804197902696,San Antonio Spurs,1,0,0.0
2025-26,0042500405,5,2026-06-13,San Antonio Spurs,New York Knicks,271,2,PT04M30.00S,270.0,1710.0,35.0,26.0,9.0,9.0,missed_shot,0.8284916484911371,0.1715083515088629,San Antonio Spurs,1,0,0.0
2025-26,0042500405,5,2026-06-13,San Antonio Spurs,New York Knicks,272,2,PT04M30.00S,270.0,1710.0,35.0,26.0,9.0,9.0,rebound,0.82824903705052,0.17175096294948,San Antonio Spurs,1,0,0.0
2025-26,0042500405,5,2026-06-13,San Antonio Spurs,New York Knicks,273,2,PT04M06.00S,246.0,1686.0,35.0,28.0,7.0,7.0,made_shot,0.7797926026959068,0.2202073973040932,San Antonio Spurs,1,0,0.0
2025-26,0042500405,5,2026-06-13,San Antonio Spurs,New York Knicks,274,2,PT03M50.00S,230.0,1670.0,35.0,28.0,7.0,7.0,missed_shot,0.7797586627441427,0.2202413372558572,San Antonio Spurs,1,0,0.0
2025-26,0042500405,5,2026-06-13,San Antonio Spurs,New York Knicks,275,2,PT03M50.00S,230.0,1670.0,35.0,28.0,7.0,7.0,rebound,0.7804813324443304,0.2195186675556696,San Antonio Spurs,1,0,0.0
2025-26,0042500405,5,2026-06-13,San Antonio Spurs,New York Knicks,276,2,PT03M32.00S,212.0,1652.0,38.0,28.0,10.0,10.0,made_shot,0.8480271150542295,0.1519728849457705,San Antonio Spurs,1,0,0.0
2025-26,0042500405,5,2026-06-13,San Antonio Spurs,New York Knicks,278,2,PT03M15.00S,195.0,1635.0,38.0,28.0,10.0,10.0,foul,0.8485062179120982,0.1514937820879017,San Antonio Spurs,1,0,0.0
2025-26,0042500405,5,2026-06-13,San Antonio Spurs,New York Knicks,282,2,PT03M15.00S,195.0,1635.0,38.0,28.0,10.0,10.0,free_throw,0.8490480768093895,0.1509519231906104,San Antonio Spurs,1,0,0.0
2025-26,0042500405,5,2026-06-13,San Antonio Spurs,New York Knicks,283,2,PT03M15.00S,195.0,1635.0,38.0,28.0,10.0,10.0,rebound,0.8537144759685057,0.1462855240314943,San Antonio Spurs,1,0,0.0
2025-26,0042500405,5,2026-06-13,San Antonio Spurs,New York Knicks,284,2,PT03M15.00S,195.0,1635.0,38.0,28.0,10.0,10.0,substitution,0.8488888373531349,0.151111162646865,San Antonio Spurs,1,0,0.0
2025-26,0042500405,5,2026-06-13,San Antonio Spurs,New York Knicks,285,2,PT03M15.00S,195.0,1635.0,38.0,28.0,10.0,10.0,substitution,0.8488888373531349,0.151111162646865,San Antonio Spurs,1,0,0.0
2025-26,0042500405,5,2026-06-13,San Antonio Spurs,New York Knicks,286,2,PT03M15.00S,195.0,1635.0,38.0,28.0,10.0,10.0,substitution,0.8488888373531349,0.151111162646865,San Antonio Spurs,1,0,0.0
2025-26,0042500405,5,2026-06-13,San Antonio Spurs,New York Knicks,292,2,PT03M15.00S,195.0,1635.0,38.0,29.0,9.0,9.0,free_throw,0.8277420312959718,0.1722579687040282,San Antonio Spurs,1,0,0.0
2025-26,0042500405,5,2026-06-13,San Antonio Spurs,New York Knicks,293,2,PT03M05.00S,185.0,1625.0,38.0,29.0,9.0,9.0,missed_shot,0.8280616164910771,0.1719383835089228,San Antonio Spurs,1,0,0.0
2025-26,0042500405,5,2026-06-13,San Antonio Spurs,New York Knicks,294,2,PT03M00.00S,180.0,1620.0,38.0,29.0,9.0,9.0,rebound,0.8278647261280851,0.1721352738719148,San Antonio Spurs,1,0,0.0
2025-26,0042500405,5,2026-06-13,San Antonio Spurs,New York Knicks,295,2,PT02M45.00S,165.0,1605.0,38.0,32.0,6.0,6.0,made_shot,0.7516592458684802,0.2483407541315198,San Antonio Spurs,1,0,0.0
2025-26,0042500405,5,2026-06-13,San Antonio Spurs,New York Knicks,297,2,PT02M34.00S,154.0,1594.0,38.0,32.0,6.0,6.0,foul,0.752280945475118,0.2477190545248819,San Antonio Spurs,1,0,0.0
2025-26,0042500405,5,2026-06-13,San Antonio Spurs,New York Knicks,299,2,PT02M34.00S,154.0,1594.0,38.0,32.0,6.0,6.0,timeout,0.750645040198778,0.249354959801222,San Antonio Spurs,1,0,0.0
2025-26,0042500405,5,2026-06-13,San Antonio Spurs,New York Knicks,300,2,PT08M37.00S,517.0,1957.0,38.0,32.0,6.0,6.0,missed_shot,0.7587511843842806,0.2412488156157194,San Antonio Spurs,1,0,0.0
2025-26,0042500405,5,2026-06-13,San Antonio Spurs,New York Knicks,301,2,PT08M36.00S,516.0,1956.0,38.0,32.0,6.0,6.0,rebound,0.7479486313071827,0.2520513686928173,San Antonio Spurs,1,0,0.0
2025-26,0042500405,5,2026-06-13,San Antonio Spurs,New York Knicks,304,2,PT02M34.00S,154.0,1594.0,39.0,32.0,7.0,7.0,free_throw,0.7792956265561642,0.2207043734438357,San Antonio Spurs,1,0,0.0
2025-26,0042500405,5,2026-06-13,San Antonio Spurs,New York Knicks,305,2,PT03M15.00S,195.0,1635.0,39.0,32.0,7.0,7.0,substitution,0.7793676633622717,0.2206323366377283,San Antonio Spurs,1,0,0.0
2025-26,0042500405,5,2026-06-13,San Antonio Spurs,New York Knicks,307,2,PT02M34.00S,154.0,1594.0,40.0,32.0,8.0,8.0,free_throw,0.8042359913095058,0.1957640086904941,San Antonio Spurs,1,0,0.0
2025-26,0042500405,5,2026-06-13,San Antonio Spurs,New York Knicks,308,2,PT02M23.00S,143.0,1583.0,40.0,32.0,8.0,8.0,missed_shot,0.8046255419074658,0.1953744580925341,San Antonio Spurs,1,0,0.0
2025-26,0042500405,5,2026-06-13,San Antonio Spurs,New York Knicks,309,2,PT02M21.00S,141.0,1581.0,40.0,32.0,8.0,8.0,rebound,0.8043510657795921,0.1956489342204078,San Antonio Spurs,1,0,0.0
2025-26,0042500405,5,2026-06-13,San Antonio Spurs,New York Knicks,310,2,PT02M10.00S,130.0,1570.0,40.0,32.0,8.0,8.0,missed_shot,0.8037997131575939,0.1962002868424061,San Antonio Spurs,1,0,0.0
2025-26,0042500405,5,2026-06-13,San Antonio Spurs,New York Knicks,311,2,PT02M08.00S,128.0,1568.0,40.0,32.0,8.0,8.0,rebound,0.8044836767676738,0.1955163232323261,San Antonio Spurs,1,0,0.0
2025-26,0042500405,5,2026-06-13,San Antonio Spurs,New York Knicks,312,2,PT01M57.00S,117.0,1557.0,40.0,32.0,8.0,8.0,missed_shot,0.8048639844415784,0.1951360155584216,San Antonio Spurs,1,0,0.0
2025-26,0042500405,5,2026-06-13,San Antonio Spurs,New York Knicks,313,2,PT01M54.00S,114.0,1554.0,40.0,32.0,8.0,8.0,rebound,0.8046264124975882,0.1953735875024118,San Antonio Spurs,1,0,0.0
2025-26,0042500405,5,2026-06-13,San Antonio Spurs,New York Knicks,314,2,PT01M43.00S,103.0,1543.0,40.0,32.0,8.0,8.0,missed_shot,0.8078194391428347,0.1921805608571652,San Antonio Spurs,1,0,0.0
2025-26,0042500405,5,2026-06-13,San Antonio Spurs,New York Knicks,315,2,PT01M40.00S,100.0,1540.0,40.0,32.0,8.0,8.0,rebound,0.8047690693119431,0.1952309306880568,San Antonio Spurs,1,0,0.0
2025-26,0042500405,5,2026-06-13,San Antonio Spurs,New York Knicks,316,2,PT01M37.00S,97.0,1537.0,40.0,32.0,8.0,8.0,missed_shot,0.8019862064435229,0.198013793556477,San Antonio Spurs,1,0,0.0
2025-26,0042500405,5,2026-06-13,San Antonio Spurs,New York Knicks,317,2,PT01M34.00S,94.0,1534.0,40.0,32.0,8.0,8.0,rebound,0.8048301837905021,0.1951698162094979,San Antonio Spurs,1,0,0.0
2025-26,0042500405,5,2026-06-13,San Antonio Spurs,New York Knicks,318,2,PT01M21.00S,81.0,1521.0,40.0,32.0,8.0,8.0,unknown,0.8031308286705872,0.1968691713294128,San Antonio Spurs,1,0,0.0
2025-26,0042500405,5,2026-06-13,San Antonio Spurs,New York Knicks,320,2,PT01M18.00S,78.0,1518.0,40.0,34.0,6.0,6.0,made_shot,0.7506573667570975,0.2493426332429025,San Antonio Spurs,1,0,0.0
2025-26,0042500405,5,2026-06-13,San Antonio Spurs,New York Knicks,321,2,PT01M18.00S,78.0,1518.0,40.0,34.0,6.0,6.0,foul,0.7551939952529458,0.2448060047470541,San Antonio Spurs,1,0,0.0
2025-26,0042500405,5,2026-06-13,San Antonio Spurs,New York Knicks,323,2,PT01M18.00S,78.0,1518.0,40.0,34.0,6.0,6.0,instant_replay,0.7558107514725172,0.2441892485274828,San Antonio Spurs,1,0,0.0
2025-26,0042500405,5,2026-06-13,San Antonio Spurs,New York Knicks,325,2,PT01M18.00S,78.0,1518.0,40.0,35.0,5.0,5.0,free_throw,0.7287792882407648,0.2712207117592352,San Antonio Spurs,1,0,0.0
2025-26,0042500405,5,2026-06-13,San Antonio Spurs,New York Knicks,326,2,PT01M18.00S,78.0,1518.0,40.0,35.0,5.0,5.0,substitution,0.7229892499766362,0.2770107500233638,San Antonio Spurs,1,0,0.0
2025-26,0042500405,5,2026-06-13,San Antonio Spurs,New York Knicks,328,2,PT01M07.00S,67.0,1507.0,40.0,37.0,3.0,3.0,made_shot,0.6550119550006481,0.3449880449993519,San Antonio Spurs,1,0,0.0
2025-26,0042500405,5,2026-06-13,San Antonio Spurs,New York Knicks,329,2,PT00M50.70S,50.7,1490.7,40.0,37.0,3.0,3.0,missed_shot,0.6621361205532184,0.3378638794467816,San Antonio Spurs,1,0,0.0
2025-26,0042500405,5,2026-06-13,San Antonio Spurs,New York Knicks,330,2,PT00M47.20S,47.2,1487.2,40.0,37.0,3.0,3.0,rebound,0.6573089744577383,0.3426910255422617,San Antonio Spurs,1,0,0.0
2025-26,0042500405,5,2026-06-13,San Antonio Spurs,New York Knicks,331,2,PT00M47.20S,47.2,1487.2,40.0,37.0,3.0,3.0,foul,0.6631938291522639,0.3368061708477361,San Antonio Spurs,1,0,0.0
2025-26,0042500405,5,2026-06-13,San Antonio Spurs,New York Knicks,334,2,PT00M36.30S,36.3,1476.3,40.0,37.0,3.0,3.0,missed_shot,0.65789022367942,0.34210977632058,San Antonio Spurs,1,0,0.0
2025-26,0042500405,5,2026-06-13,San Antonio Spurs,New York Knicks,335,2,PT00M32.90S,32.9,1472.9,40.0,37.0,3.0,3.0,rebound,0.6575177931702941,0.3424822068297058,San Antonio Spurs,1,0,0.0
2025-26,0042500405,5,2026-06-13,San Antonio Spurs,New York Knicks,336,2,PT00M18.00S,18.0,1458.0,40.0,37.0,3.0,3.0,missed_shot,0.6626102662582415,0.3373897337417585,San Antonio Spurs,1,0,0.0
2025-26,0042500405,5,2026-06-13,San Antonio Spurs,New York Knicks,337,2,PT00M14.00S,14.0,1454.0,40.0,37.0,3.0,3.0,rebound,0.6577936907582234,0.3422063092417766,San Antonio Spurs,1,0,0.0
2025-26,0042500405,5,2026-06-13,San Antonio Spurs,New York Knicks,338,2,PT00M00.10S,0.1,1440.1,42.0,37.0,5.0,5.0,made_shot,0.7217718559448851,0.2782281440551148,San Antonio Spurs,1,0,0.0
2025-26,0042500405,5,2026-06-13,San Antonio Spurs,New York Knicks,339,2,PT00M00.00S,0.0,1440.0,42.0,37.0,5.0,5.0,instant_replay,0.7268675964767483,0.2731324035232517,San Antonio Spurs,1,0,0.0
2025-26,0042500405,5,2026-06-13,San Antonio Spurs,New York Knicks,340,2,PT02M34.00S,154.0,1594.0,42.0,37.0,5.0,5.0,substitution,0.7208578271923011,0.2791421728076989,San Antonio Spurs,1,0,0.0
2025-26,0042500405,5,2026-06-13,San Antonio Spurs,New York Knicks,342,2,PT00M00.00S,0.0,1440.0,42.0,37.0,5.0,5.0,end_period,0.7172434186455197,0.2827565813544803,San Antonio Spurs,1,0,0.0
2025-26,0042500405,5,2026-06-13,San Antonio Spurs,New York Knicks,348,3,PT12M00.00S,720.0,1440.0,42.0,37.0,5.0,5.0,start_period,0.7197612064174507,0.2802387935825493,San Antonio Spurs,1,0,0.0
2025-26,0042500405,5,2026-06-13,San Antonio Spurs,New York Knicks,349,3,PT11M45.00S,705.0,1425.0,42.0,37.0,5.0,5.0,foul,0.7259868565921265,0.2740131434078735,San Antonio Spurs,1,0,0.0
2025-26,0042500405,5,2026-06-13,San Antonio Spurs,New York Knicks,351,3,PT11M45.00S,705.0,1425.0,42.0,37.0,5.0,5.0,substitution,0.724043745975467,0.275956254024533,San Antonio Spurs,1,0,0.0
2025-26,0042500405,5,2026-06-13,San Antonio Spurs,New York Knicks,353,3,PT11M36.00S,696.0,1416.0,42.0,37.0,5.0,5.0,missed_shot,0.7239774445020222,0.2760225554979778,San Antonio Spurs,1,0,0.0
2025-26,0042500405,5,2026-06-13,San Antonio Spurs,New York Knicks,354,3,PT11M32.00S,692.0,1412.0,42.0,37.0,5.0,5.0,rebound,0.7236881699443369,0.276311830055663,San Antonio Spurs,1,0,0.0
2025-26,0042500405,5,2026-06-13,San Antonio Spurs,New York Knicks,355,3,PT11M26.00S,686.0,1406.0,42.0,37.0,5.0,5.0,missed_shot,0.7241069925823482,0.2758930074176517,San Antonio Spurs,1,0,0.0
2025-26,0042500405,5,2026-06-13,San Antonio Spurs,New York Knicks,356,3,PT11M24.00S,684.0,1404.0,42.0,37.0,5.0,5.0,rebound,0.7237918785978759,0.2762081214021241,San Antonio Spurs,1,0,0.0
2025-26,0042500405,5,2026-06-13,San Antonio Spurs,New York Knicks,357,3,PT11M16.00S,676.0,1396.0,42.0,37.0,5.0,5.0,foul,0.7286672892062787,0.2713327107937213,San Antonio Spurs,1,0,0.0
2025-26,0042500405,5,2026-06-13,San Antonio Spurs,New York Knicks,359,3,PT11M16.00S,676.0,1396.0,42.0,37.0,5.0,5.0,turnover,0.7243244917840482,0.2756755082159517,San Antonio Spurs,1,0,0.0
2025-26,0042500405,5,2026-06-13,San Antonio Spurs,New York Knicks,360,3,PT10M54.00S,654.0,1374.0,42.0,39.0,3.0,3.0,made_shot,0.656787025631519,0.3432129743684809,San Antonio Spurs,1,0,0.0
2025-26,0042500405,5,2026-06-13,San Antonio Spurs,New York Knicks,361,3,PT10M41.00S,641.0,1361.0,45.0,39.0,6.0,6.0,made_shot,0.7518155585848866,0.2481844414151134,San Antonio Spurs,1,0,0.0
2025-26,0042500405,5,2026-06-13,San Antonio Spurs,New York Knicks,363,3,PT10M22.00S,622.0,1342.0,45.0,41.0,4.0,4.0,made_shot,0.6904728311197693,0.3095271688802307,San Antonio Spurs,1,0,0.0
2025-26,0042500405,5,2026-06-13,San Antonio Spurs,New York Knicks,364,3,PT10M16.00S,616.0,1336.0,45.0,41.0,4.0,4.0,foul,0.6962561709294951,0.3037438290705049,San Antonio Spurs,1,0,0.0
2025-26,0042500405,5,2026-06-13,San Antonio Spurs,New York Knicks,366,3,PT10M16.00S,616.0,1336.0,45.0,41.0,4.0,4.0,turnover,0.6916141660683507,0.3083858339316493,San Antonio Spurs,1,0,0.0
2025-26,0042500405,5,2026-06-13,San Antonio Spurs,New York Knicks,367,3,PT09M59.00S,599.0,1319.0,45.0,41.0,4.0,4.0,missed_shot,0.6917911449826931,0.3082088550173069,San Antonio Spurs,1,0,0.0
2025-26,0042500405,5,2026-06-13,San Antonio Spurs,New York Knicks,368,3,PT09M56.00S,596.0,1316.0,45.0,41.0,4.0,4.0,rebound,0.6914327774027296,0.3085672225972704,San Antonio Spurs,1,0,0.0
2025-26,0042500405,5,2026-06-13,San Antonio Spurs,New York Knicks,369,3,PT09M46.00S,586.0,1306.0,45.0,41.0,4.0,4.0,unknown,0.6890857678982788,0.3109142321017212,San Antonio Spurs,1,0,0.0
2025-26,0042500405,5,2026-06-13,San Antonio Spurs,New York Knicks,371,3,PT09M42.00S,582.0,1302.0,47.0,41.0,6.0,6.0,made_shot,0.7552974020071969,0.2447025979928031,San Antonio Spurs,1,0,0.0
2025-26,0042500405,5,2026-06-13,San Antonio Spurs,New York Knicks,373,3,PT09M42.00S,582.0,1302.0,47.0,41.0,6.0,6.0,foul,0.7550131634572868,0.2449868365427132,San Antonio Spurs,1,0,0.0
2025-26,0042500405,5,2026-06-13,San Antonio Spurs,New York Knicks,375,3,PT09M42.00S,582.0,1302.0,47.0,41.0,6.0,6.0,instant_replay,0.7556302278389555,0.2443697721610445,San Antonio Spurs,1,0,0.0
2025-26,0042500405,5,2026-06-13,San Antonio Spurs,New York Knicks,377,3,PT09M42.00S,582.0,1302.0,48.0,41.0,7.0,7.0,free_throw,0.7844861174470582,0.2155138825529418,San Antonio Spurs,1,0,0.0
2025-26,0042500405,5,2026-06-13,San Antonio Spurs,New York Knicks,378,3,PT09M29.00S,569.0,1289.0,51.0,41.0,10.0,10.0,made_shot,0.8492477985067403,0.1507522014932597,San Antonio Spurs,1,0,0.0
2025-26,0042500405,5,2026-06-13,San Antonio Spurs,New York Knicks,380,3,PT09M12.00S,552.0,1272.0,51.0,41.0,10.0,10.0,foul,0.8490466052662681,0.1509533947337319,San Antonio Spurs,1,0,0.0
2025-26,0042500405,5,2026-06-13,San Antonio Spurs,New York Knicks,382,3,PT09M00.00S,540.0,1260.0,51.0,41.0,10.0,10.0,missed_shot,0.8477754749978326,0.1522245250021674,San Antonio Spurs,1,0,0.0
2025-26,0042500405,5,2026-06-13,San Antonio Spurs,New York Knicks,383,3,PT08M57.00S,537.0,1257.0,51.0,41.0,10.0,10.0,rebound,0.8475802529377421,0.1524197470622579,San Antonio Spurs,1,0,0.0
2025-26,0042500405,5,2026-06-13,San Antonio Spurs,New York Knicks,384,3,PT08M49.00S,529.0,1249.0,53.0,41.0,12.0,12.0,made_shot,0.8844241981830542,0.1155758018169458,San Antonio Spurs,1,0,0.0
2025-26,0042500405,5,2026-06-13,San Antonio Spurs,New York Knicks,385,3,PT08M36.00S,516.0,1236.0,53.0,44.0,9.0,9.0,made_shot,0.82559829896725,0.17440170103275,San Antonio Spurs,1,0,0.0
2025-26,0042500405,5,2026-06-13,San Antonio Spurs,New York Knicks,387,3,PT08M21.00S,501.0,1221.0,53.0,44.0,9.0,9.0,missed_shot,0.8264113253232895,0.1735886746767104,San Antonio Spurs,1,0,0.0
2025-26,0042500405,5,2026-06-13,San Antonio Spurs,New York Knicks,388,3,PT08M18.00S,498.0,1218.0,53.0,44.0,9.0,9.0,rebound,0.8261943216790977,0.1738056783209023,San Antonio Spurs,1,0,0.0
2025-26,0042500405,5,2026-06-13,San Antonio Spurs,New York Knicks,389,3,PT08M06.00S,486.0,1206.0,53.0,46.0,7.0,7.0,made_shot,0.77720848169962,0.22279151830038,San Antonio Spurs,1,0,0.0
2025-26,0042500405,5,2026-06-13,San Antonio Spurs,New York Knicks,390,3,PT07M48.00S,468.0,1188.0,53.0,46.0,7.0,7.0,foul,0.7800258679786061,0.2199741320213939,San Antonio Spurs,1,0,0.0
2025-26,0042500405,5,2026-06-13,San Antonio Spurs,New York Knicks,392,3,PT07M48.00S,468.0,1188.0,53.0,46.0,7.0,7.0,substitution,0.7783489674965377,0.2216510325034623,San Antonio Spurs,1,0,0.0
2025-26,0042500405,5,2026-06-13,San Antonio Spurs,New York Knicks,393,3,PT07M48.00S,468.0,1188.0,53.0,46.0,7.0,7.0,substitution,0.7783489674965377,0.2216510325034623,San Antonio Spurs,1,0,0.0
2025-26,0042500405,5,2026-06-13,San Antonio Spurs,New York Knicks,396,3,PT07M48.00S,468.0,1188.0,53.0,46.0,7.0,7.0,substitution,0.7783489674965377,0.2216510325034623,San Antonio Spurs,1,0,0.0
2025-26,0042500405,5,2026-06-13,San Antonio Spurs,New York Knicks,398,3,PT07M41.00S,461.0,1181.0,55.0,46.0,9.0,9.0,made_shot,0.8191607020948694,0.1808392979051306,San Antonio Spurs,1,0,0.0
2025-26,0042500405,5,2026-06-13,San Antonio Spurs,New York Knicks,399,3,PT07M22.00S,442.0,1162.0,55.0,46.0,9.0,9.0,unknown,0.8242204471615856,0.1757795528384144,San Antonio Spurs,1,0,0.0
2025-26,0042500405,5,2026-06-13,San Antonio Spurs,New York Knicks,401,3,PT07M22.00S,442.0,1162.0,55.0,46.0,9.0,9.0,rebound,0.825898481125268,0.174101518874732,San Antonio Spurs,1,0,0.0
2025-26,0042500405,5,2026-06-13,San Antonio Spurs,New York Knicks,403,3,PT07M22.00S,442.0,1162.0,55.0,46.0,9.0,9.0,substitution,0.8262751475624085,0.1737248524375915,San Antonio Spurs,1,0,0.0
2025-26,0042500405,5,2026-06-13,San Antonio Spurs,New York Knicks,405,3,PT07M12.00S,432.0,1152.0,55.0,48.0,7.0,7.0,made_shot,0.769442067437249,0.230557932562751,San Antonio Spurs,1,0,0.0
2025-26,0042500405,5,2026-06-13,San Antonio Spurs,New York Knicks,406,3,PT07M01.00S,421.0,1141.0,55.0,48.0,7.0,7.0,missed_shot,0.7777345779123397,0.2222654220876603,San Antonio Spurs,1,0,0.0
2025-26,0042500405,5,2026-06-13,San Antonio Spurs,New York Knicks,407,3,PT06M58.00S,418.0,1138.0,55.0,48.0,7.0,7.0,rebound,0.7774731086058315,0.2225268913941684,San Antonio Spurs,1,0,0.0
2025-26,0042500405,5,2026-06-13,San Antonio Spurs,New York Knicks,408,3,PT06M49.00S,409.0,1129.0,55.0,48.0,7.0,7.0,missed_shot,0.777869044738025,0.222130955261975,San Antonio Spurs,1,0,0.0
2025-26,0042500405,5,2026-06-13,San Antonio Spurs,New York Knicks,409,3,PT06M44.00S,404.0,1124.0,55.0,48.0,7.0,7.0,rebound,0.7776301126954379,0.222369887304562,San Antonio Spurs,1,0,0.0
2025-26,0042500405,5,2026-06-13,San Antonio Spurs,New York Knicks,410,3,PT06M40.00S,400.0,1120.0,55.0,48.0,7.0,7.0,missed_shot,0.7706389758968512,0.2293610241031488,San Antonio Spurs,1,0,0.0
2025-26,0042500405,5,2026-06-13,San Antonio Spurs,New York Knicks,411,3,PT06M39.00S,399.0,1119.0,55.0,48.0,7.0,7.0,rebound,0.7776861664119221,0.2223138335880778,San Antonio Spurs,1,0,0.0
2025-26,0042500405,5,2026-06-13,San Antonio Spurs,New York Knicks,412,3,PT06M33.00S,393.0,1113.0,55.0,50.0,5.0,5.0,made_shot,0.7223415313327709,0.2776584686672291,San Antonio Spurs,1,0,0.0
2025-26,0042500405,5,2026-06-13,San Antonio Spurs,New York Knicks,413,3,PT06M27.00S,387.0,1107.0,55.0,50.0,5.0,5.0,timeout,0.7183932999916366,0.2816067000083634,San Antonio Spurs,1,0,0.0
2025-26,0042500405,5,2026-06-13,San Antonio Spurs,New York Knicks,415,3,PT06M27.00S,387.0,1107.0,55.0,50.0,5.0,5.0,substitution,0.7207620097663414,0.2792379902336586,San Antonio Spurs,1,0,0.0
2025-26,0042500405,5,2026-06-13,San Antonio Spurs,New York Knicks,416,3,PT06M27.00S,387.0,1107.0,55.0,50.0,5.0,5.0,substitution,0.7207620097663414,0.2792379902336586,San Antonio Spurs,1,0,0.0
2025-26,0042500405,5,2026-06-13,San Antonio Spurs,New York Knicks,417,3,PT06M27.00S,387.0,1107.0,55.0,50.0,5.0,5.0,substitution,0.7207620097663414,0.2792379902336586,San Antonio Spurs,1,0,0.0
2025-26,0042500405,5,2026-06-13,San Antonio Spurs,New York Knicks,418,3,PT06M27.00S,387.0,1107.0,55.0,50.0,5.0,5.0,substitution,0.7207620097663414,0.2792379902336586,San Antonio Spurs,1,0,0.0
2025-26,0042500405,5,2026-06-13,San Antonio Spurs,New York Knicks,423,3,PT06M17.00S,377.0,1097.0,57.0,50.0,7.0,7.0,made_shot,0.7795439585047439,0.2204560414952561,San Antonio Spurs,1,0,0.0
2025-26,0042500405,5,2026-06-13,San Antonio Spurs,New York Knicks,425,3,PT05M51.00S,351.0,1071.0,57.0,50.0,7.0,7.0,missed_shot,0.7775355300556309,0.222464469944369,San Antonio Spurs,1,0,0.0
2025-26,0042500405,5,2026-06-13,San Antonio Spurs,New York Knicks,426,3,PT05M48.00S,348.0,1068.0,57.0,50.0,7.0,7.0,rebound,0.7772738936498651,0.2227261063501349,San Antonio Spurs,1,0,0.0
2025-26,0042500405,5,2026-06-13,San Antonio Spurs,New York Knicks,427,3,PT05M39.00S,339.0,1059.0,59.0,50.0,9.0,9.0,made_shot,0.8176019709108608,0.1823980290891391,San Antonio Spurs,1,0,0.0
2025-26,0042500405,5,2026-06-13,San Antonio Spurs,New York Knicks,429,3,PT05M29.00S,329.0,1049.0,59.0,53.0,6.0,6.0,made_shot,0.7481723345796345,0.2518276654203655,San Antonio Spurs,1,0,0.0
2025-26,0042500405,5,2026-06-13,San Antonio Spurs,New York Knicks,430,3,PT05M19.00S,319.0,1039.0,62.0,53.0,9.0,9.0,made_shot,0.823743125974947,0.1762568740250529,San Antonio Spurs,1,0,0.0
2025-26,0042500405,5,2026-06-13,San Antonio Spurs,New York Knicks,432,3,PT05M18.00S,318.0,1038.0,62.0,53.0,9.0,9.0,timeout,0.8228594779426383,0.1771405220573617,San Antonio Spurs,1,0,0.0
2025-26,0042500405,5,2026-06-13,San Antonio Spurs,New York Knicks,433,3,PT05M18.00S,318.0,1038.0,62.0,53.0,9.0,9.0,substitution,0.8245640654680025,0.1754359345319974,San Antonio Spurs,1,0,0.0
2025-26,0042500405,5,2026-06-13,San Antonio Spurs,New York Knicks,434,3,PT05M18.00S,318.0,1038.0,62.0,53.0,9.0,9.0,substitution,0.8245640654680025,0.1754359345319974,San Antonio Spurs,1,0,0.0
2025-26,0042500405,5,2026-06-13,San Antonio Spurs,New York Knicks,437,3,PT05M05.00S,305.0,1025.0,62.0,53.0,9.0,9.0,violation,0.8222598025730457,0.1777401974269543,San Antonio Spurs,1,0,0.0
2025-26,0042500405,5,2026-06-13,San Antonio Spurs,New York Knicks,438,3,PT04M53.00S,293.0,1013.0,62.0,53.0,9.0,9.0,jump_ball,0.8266782072155925,0.1733217927844075,San Antonio Spurs,1,0,0.0
2025-26,0042500405,5,2026-06-13,San Antonio Spurs,New York Knicks,441,3,PT04M48.00S,288.0,1008.0,62.0,53.0,9.0,9.0,missed_shot,0.8273397925722868,0.1726602074277131,San Antonio Spurs,1,0,0.0
2025-26,0042500405,5,2026-06-13,San Antonio Spurs,New York Knicks,442,3,PT04M44.00S,284.0,1004.0,62.0,53.0,9.0,9.0,rebound,0.824503687099189,0.175496312900811,San Antonio Spurs,1,0,0.0
2025-26,0042500405,5,2026-06-13,San Antonio Spurs,New York Knicks,443,3,PT04M31.00S,271.0,991.0,65.0,53.0,12.0,12.0,made_shot,0.8805423743641312,0.1194576256358688,San Antonio Spurs,1,0,0.0
2025-26,0042500405,5,2026-06-13,San Antonio Spurs,New York Knicks,445,3,PT04M15.00S,255.0,975.0,65.0,53.0,12.0,12.0,substitution,0.8812387602865855,0.1187612397134144,San Antonio Spurs,1,0,0.0
2025-26,0042500405,5,2026-06-13,San Antonio Spurs,New York Knicks,447,3,PT04M15.00S,255.0,975.0,65.0,53.0,12.0,12.0,jump_ball,0.8825991763151512,0.1174008236848488,San Antonio Spurs,1,0,0.0
2025-26,0042500405,5,2026-06-13,San Antonio Spurs,New York Knicks,450,3,PT04M03.00S,243.0,963.0,65.0,53.0,12.0,12.0,missed_shot,0.8833042730950718,0.1166957269049282,San Antonio Spurs,1,0,0.0
2025-26,0042500405,5,2026-06-13,San Antonio Spurs,New York Knicks,451,3,PT04M00.00S,240.0,960.0,65.0,53.0,12.0,12.0,rebound,0.8810660474850167,0.1189339525149832,San Antonio Spurs,1,0,0.0
2025-26,0042500405,5,2026-06-13,San Antonio Spurs,New York Knicks,452,3,PT04M00.00S,240.0,960.0,65.0,53.0,12.0,12.0,foul,0.8837877859024247,0.1162122140975753,San Antonio Spurs,1,0,0.0
2025-26,0042500405,5,2026-06-13,San Antonio Spurs,New York Knicks,454,3,PT04M00.00S,240.0,960.0,65.0,53.0,12.0,12.0,substitution,0.8813405076102082,0.1186594923897917,San Antonio Spurs,1,0,0.0
2025-26,0042500405,5,2026-06-13,San Antonio Spurs,New York Knicks,455,3,PT04M00.00S,240.0,960.0,65.0,53.0,12.0,12.0,substitution,0.8813405076102082,0.1186594923897917,San Antonio Spurs,1,0,0.0
2025-26,0042500405,5,2026-06-13,San Antonio Spurs,New York Knicks,458,3,PT03M57.00S,237.0,957.0,65.0,53.0,12.0,12.0,foul,0.8823761853124991,0.1176238146875009,San Antonio Spurs,1,0,0.0
2025-26,0042500405,5,2026-06-13,San Antonio Spurs,New York Knicks,460,3,PT03M57.00S,237.0,957.0,65.0,53.0,12.0,12.0,foul,0.8823761853124991,0.1176238146875009,San Antonio Spurs,1,0,0.0
2025-26,0042500405,5,2026-06-13,San Antonio Spurs,New York Knicks,462,3,PT03M57.00S,237.0,957.0,65.0,53.0,12.0,12.0,substitution,0.8813608480205921,0.1186391519794078,San Antonio Spurs,1,0,0.0
2025-26,0042500405,5,2026-06-13,San Antonio Spurs,New York Knicks,464,3,PT03M43.00S,223.0,943.0,65.0,53.0,12.0,12.0,missed_shot,0.8842501016824061,0.1157498983175938,San Antonio Spurs,1,0,0.0
2025-26,0042500405,5,2026-06-13,San Antonio Spurs,New York Knicks,465,3,PT03M42.00S,222.0,942.0,65.0,53.0,12.0,12.0,rebound,0.8811882888315187,0.1188117111684813,San Antonio Spurs,1,0,0.0
2025-26,0042500405,5,2026-06-13,San Antonio Spurs,New York Knicks,466,3,PT03M35.00S,215.0,935.0,65.0,53.0,12.0,12.0,foul,0.8811983377369579,0.1188016622630421,San Antonio Spurs,1,0,0.0
2025-26,0042500405,5,2026-06-13,San Antonio Spurs,New York Knicks,468,3,PT03M35.00S,215.0,935.0,65.0,53.0,12.0,12.0,free_throw,0.8816395755387931,0.1183604244612068,San Antonio Spurs,1,0,0.0
2025-26,0042500405,5,2026-06-13,San Antonio Spurs,New York Knicks,469,3,PT03M35.00S,215.0,935.0,65.0,53.0,12.0,12.0,rebound,0.885434415817294,0.114565584182706,San Antonio Spurs,1,0,0.0
2025-26,0042500405,5,2026-06-13,San Antonio Spurs,New York Knicks,470,3,PT03M35.00S,215.0,935.0,65.0,53.0,12.0,12.0,substitution,0.8815099188488784,0.1184900811511215,San Antonio Spurs,1,0,0.0
2025-26,0042500405,5,2026-06-13,San Antonio Spurs,New York Knicks,472,3,PT03M35.00S,215.0,935.0,66.0,53.0,13.0,13.0,free_throw,0.8961487011541392,0.1038512988458607,San Antonio Spurs,1,0,0.0
2025-26,0042500405,5,2026-06-13,San Antonio Spurs,New York Knicks,473,3,PT03M22.00S,202.0,922.0,66.0,53.0,13.0,13.0,missed_shot,0.8980371451698878,0.1019628548301122,San Antonio Spurs,1,0,0.0
2025-26,0042500405,5,2026-06-13,San Antonio Spurs,New York Knicks,474,3,PT03M19.00S,199.0,919.0,66.0,53.0,13.0,13.0,rebound,0.896234809993709,0.103765190006291,San Antonio Spurs,1,0,0.0
2025-26,0042500405,5,2026-06-13,San Antonio Spurs,New York Knicks,475,3,PT03M13.00S,193.0,913.0,66.0,53.0,13.0,13.0,missed_shot,0.8989945531049904,0.1010054468950095,San Antonio Spurs,1,0,0.0
2025-26,0042500405,5,2026-06-13,San Antonio Spurs,New York Knicks,476,3,PT03M12.00S,192.0,912.0,66.0,53.0,13.0,13.0,rebound,0.8962770105216831,0.1037229894783169,San Antonio Spurs,1,0,0.0
2025-26,0042500405,5,2026-06-13,San Antonio Spurs,New York Knicks,477,3,PT03M11.00S,191.0,911.0,68.0,53.0,15.0,15.0,made_shot,0.9207299269762064,0.0792700730237935,San Antonio Spurs,1,0,0.0
2025-26,0042500405,5,2026-06-13,San Antonio Spurs,New York Knicks,478,3,PT02M59.00S,179.0,899.0,68.0,53.0,15.0,15.0,foul,0.9221149143921632,0.0778850856078369,San Antonio Spurs,1,0,0.0
2025-26,0042500405,5,2026-06-13,San Antonio Spurs,New York Knicks,480,3,PT02M59.00S,179.0,899.0,68.0,54.0,14.0,14.0,free_throw,0.9092834981934792,0.0907165018065209,San Antonio Spurs,1,0,0.0
2025-26,0042500405,5,2026-06-13,San Antonio Spurs,New York Knicks,481,3,PT02M59.00S,179.0,899.0,68.0,54.0,14.0,14.0,substitution,0.9095370084879444,0.0904629915120556,San Antonio Spurs,1,0,0.0
2025-26,0042500405,5,2026-06-13,San Antonio Spurs,New York Knicks,483,3,PT02M59.00S,179.0,899.0,68.0,55.0,13.0,13.0,free_throw,0.8958359954119193,0.1041640045880807,San Antonio Spurs,1,0,0.0
2025-26,0042500405,5,2026-06-13,San Antonio Spurs,New York Knicks,484,3,PT02M51.00S,171.0,891.0,68.0,55.0,13.0,13.0,foul,0.8970220714489294,0.1029779285510705,San Antonio Spurs,1,0,0.0
2025-26,0042500405,5,2026-06-13,San Antonio Spurs,New York Knicks,486,3,PT02M51.00S,171.0,891.0,69.0,55.0,14.0,14.0,free_throw,0.9090914375665604,0.0909085624334394,San Antonio Spurs,1,0,0.0
2025-26,0042500405,5,2026-06-13,San Antonio Spurs,New York Knicks,487,3,PT02M51.00S,171.0,891.0,69.0,55.0,14.0,14.0,substitution,0.909345431070483,0.0906545689295169,San Antonio Spurs,1,0,0.0
2025-26,0042500405,5,2026-06-13,San Antonio Spurs,New York Knicks,488,3,PT02M51.00S,171.0,891.0,69.0,55.0,14.0,14.0,substitution,0.909345431070483,0.0906545689295169,San Antonio Spurs,1,0,0.0
2025-26,0042500405,5,2026-06-13,San Antonio Spurs,New York Knicks,491,3,PT02M51.00S,171.0,891.0,69.0,55.0,14.0,14.0,free_throw,0.9094944595449874,0.0905055404550125,San Antonio Spurs,1,0,0.0
2025-26,0042500405,5,2026-06-13,San Antonio Spurs,New York Knicks,492,3,PT02M48.00S,168.0,888.0,69.0,55.0,14.0,14.0,rebound,0.9091451357901364,0.0908548642098636,San Antonio Spurs,1,0,0.0
2025-26,0042500405,5,2026-06-13,San Antonio Spurs,New York Knicks,496,3,PT02M34.00S,154.0,874.0,69.0,55.0,14.0,14.0,missed_shot,0.9079715508339984,0.0920284491660015,San Antonio Spurs,1,0,0.0
2025-26,0042500405,5,2026-06-13,San Antonio Spurs,New York Knicks,497,3,PT02M31.00S,151.0,871.0,69.0,55.0,14.0,14.0,rebound,0.9092361394633436,0.0907638605366563,San Antonio Spurs,1,0,0.0
2025-26,0042500405,5,2026-06-13,San Antonio Spurs,New York Knicks,498,3,PT02M25.00S,145.0,865.0,69.0,55.0,14.0,14.0,foul,0.9092387099850846,0.0907612900149154,San Antonio Spurs,1,0,0.0
2025-26,0042500405,5,2026-06-13,San Antonio Spurs,New York Knicks,500,3,PT02M25.00S,145.0,865.0,69.0,55.0,14.0,14.0,free_throw,0.909586489325212,0.0904135106747878,San Antonio Spurs,1,0,0.0
2025-26,0042500405,5,2026-06-13,San Antonio Spurs,New York Knicks,501,3,PT02M25.00S,145.0,865.0,69.0,55.0,14.0,14.0,rebound,0.9125741556168327,0.0874258443831671,San Antonio Spurs,1,0,0.0
2025-26,0042500405,5,2026-06-13,San Antonio Spurs,New York Knicks,502,3,PT02M25.00S,145.0,865.0,69.0,55.0,14.0,14.0,substitution,0.909484303712404,0.090515696287596,San Antonio Spurs,1,0,0.0
2025-26,0042500405,5,2026-06-13,San Antonio Spurs,New York Knicks,503,3,PT02M25.00S,145.0,865.0,69.0,55.0,14.0,14.0,substitution,0.909484303712404,0.090515696287596,San Antonio Spurs,1,0,0.0
2025-26,0042500405,5,2026-06-13,San Antonio Spurs,New York Knicks,506,3,PT02M25.00S,145.0,865.0,70.0,55.0,15.0,15.0,free_throw,0.9209768292194368,0.079023170780563,San Antonio Spurs,1,0,0.0
2025-26,0042500405,5,2026-06-13,San Antonio Spurs,New York Knicks,507,3,PT03M42.00S,222.0,942.0,70.0,55.0,15.0,15.0,missed_shot,0.9247562959897774,0.0752437040102226,San Antonio Spurs,1,0,0.0
2025-26,0042500405,5,2026-06-13,San Antonio Spurs,New York Knicks,508,3,PT03M41.00S,221.0,941.0,70.0,55.0,15.0,15.0,rebound,0.92060928711042,0.07939071288958,San Antonio Spurs,1,0,0.0
2025-26,0042500405,5,2026-06-13,San Antonio Spurs,New York Knicks,509,3,PT02M04.00S,124.0,844.0,70.0,58.0,12.0,12.0,made_shot,0.8800655891985613,0.1199344108014387,San Antonio Spurs,1,0,0.0
2025-26,0042500405,5,2026-06-13,San Antonio Spurs,New York Knicks,511,3,PT01M48.00S,108.0,828.0,70.0,58.0,12.0,12.0,missed_shot,0.8806505300038096,0.1193494699961904,San Antonio Spurs,1,0,0.0
2025-26,0042500405,5,2026-06-13,San Antonio Spurs,New York Knicks,512,3,PT01M44.00S,104.0,824.0,70.0,58.0,12.0,12.0,rebound,0.8804983480229552,0.1195016519770447,San Antonio Spurs,1,0,0.0
2025-26,0042500405,5,2026-06-13,San Antonio Spurs,New York Knicks,513,3,PT01M42.00S,102.0,822.0,70.0,58.0,12.0,12.0,unknown,0.8792833989364877,0.1207166010635123,San Antonio Spurs,1,0,0.0
2025-26,0042500405,5,2026-06-13,San Antonio Spurs,New York Knicks,515,3,PT01M36.00S,96.0,816.0,70.0,58.0,12.0,12.0,missed_shot,0.8801732618451433,0.1198267381548566,San Antonio Spurs,1,0,0.0
2025-26,0042500405,5,2026-06-13,San Antonio Spurs,New York Knicks,516,3,PT01M34.00S,94.0,814.0,70.0,58.0,12.0,12.0,rebound,0.8805665535803981,0.1194334464196018,San Antonio Spurs,1,0,0.0
2025-26,0042500405,5,2026-06-13,San Antonio Spurs,New York Knicks,517,3,PT01M31.00S,91.0,811.0,70.0,58.0,12.0,12.0,unknown,0.8793590814465807,0.1206409185534193,San Antonio Spurs,1,0,0.0
2025-26,0042500405,5,2026-06-13,San Antonio Spurs,New York Knicks,519,3,PT01M31.00S,91.0,811.0,70.0,58.0,12.0,12.0,rebound,0.8805870086852094,0.1194129913147905,San Antonio Spurs,1,0,0.0
2025-26,0042500405,5,2026-06-13,San Antonio Spurs,New York Knicks,521,3,PT01M31.00S,91.0,811.0,70.0,58.0,12.0,12.0,substitution,0.8808624247926603,0.1191375752073397,San Antonio Spurs,1,0,0.0
2025-26,0042500405,5,2026-06-13,San Antonio Spurs,New York Knicks,523,3,PT01M26.00S,86.0,806.0,70.0,58.0,12.0,12.0,foul,0.8805834661511763,0.1194165338488236,San Antonio Spurs,1,0,0.0
2025-26,0042500405,5,2026-06-13,San Antonio Spurs,New York Knicks,525,3,PT01M26.00S,86.0,806.0,70.0,59.0,11.0,11.0,free_throw,0.870183252270528,0.129816747729472,San Antonio Spurs,1,0,0.0
2025-26,0042500405,5,2026-06-13,San Antonio Spurs,New York Knicks,526,3,PT01M26.00S,86.0,806.0,70.0,59.0,11.0,11.0,substitution,0.8638042017194926,0.1361957982805074,San Antonio Spurs,1,0,0.0
2025-26,0042500405,5,2026-06-13,San Antonio Spurs,New York Knicks,528,3,PT01M26.00S,86.0,806.0,70.0,60.0,10.0,10.0,free_throw,0.8519103845943834,0.1480896154056166,San Antonio Spurs,1,0,0.0
2025-26,0042500405,5,2026-06-13,San Antonio Spurs,New York Knicks,529,3,PT01M26.00S,86.0,806.0,70.0,61.0,9.0,9.0,free_throw,0.8315179792189238,0.1684820207810762,San Antonio Spurs,1,0,0.0
2025-26,0042500405,5,2026-06-13,San Antonio Spurs,New York Knicks,530,3,PT01M16.00S,76.0,796.0,72.0,61.0,11.0,11.0,made_shot,0.8618441428418598,0.1381558571581401,San Antonio Spurs,1,0,0.0
2025-26,0042500405,5,2026-06-13,San Antonio Spurs,New York Knicks,531,3,PT01M03.00S,63.0,783.0,72.0,61.0,11.0,11.0,missed_shot,0.8632014611997211,0.1367985388002789,San Antonio Spurs,1,0,0.0
2025-26,0042500405,5,2026-06-13,San Antonio Spurs,New York Knicks,532,3,PT01M00.00S,60.0,780.0,72.0,61.0,11.0,11.0,rebound,0.8630228259444607,0.1369771740555393,San Antonio Spurs,1,0,0.0
2025-26,0042500405,5,2026-06-13,San Antonio Spurs,New York Knicks,533,3,PT00M51.60S,51.6,771.6,72.0,61.0,11.0,11.0,missed_shot,0.8632887194168859,0.1367112805831141,San Antonio Spurs,1,0,0.0
2025-26,0042500405,5,2026-06-13,San Antonio Spurs,New York Knicks,534,3,PT00M47.90S,47.9,767.9,72.0,61.0,11.0,11.0,rebound,0.863115542356071,0.1368844576439289,San Antonio Spurs,1,0,0.0
2025-26,0042500405,5,2026-06-13,San Antonio Spurs,New York Knicks,535,3,PT00M39.50S,39.5,759.5,72.0,63.0,9.0,9.0,made_shot,0.8213719402424302,0.1786280597575698,San Antonio Spurs,1,0,0.0
2025-26,0042500405,5,2026-06-13,San Antonio Spurs,New York Knicks,537,3,PT00M27.50S,27.5,747.5,72.0,63.0,9.0,9.0,missed_shot,0.8230357963872875,0.1769642036127124,San Antonio Spurs,1,0,0.0
2025-26,0042500405,5,2026-06-13,San Antonio Spurs,New York Knicks,538,3,PT00M24.20S,24.2,744.2,72.0,63.0,9.0,9.0,rebound,0.8228183134830022,0.1771816865169978,San Antonio Spurs,1,0,0.0
2025-26,0042500405,5,2026-06-13,San Antonio Spurs,New York Knicks,539,3,PT00M05.10S,5.1,725.1,72.0,63.0,9.0,9.0,missed_shot,0.8271675092226357,0.1728324907773643,San Antonio Spurs,1,0,0.0
2025-26,0042500405,5,2026-06-13,San Antonio Spurs,New York Knicks,540,3,PT00M03.50S,3.5,723.5,72.0,63.0,9.0,9.0,rebound,0.8230138957113586,0.1769861042886413,San Antonio Spurs,1,0,0.0
2025-26,0042500405,5,2026-06-13,San Antonio Spurs,New York Knicks,541,3,PT00M03.50S,3.5,723.5,72.0,65.0,7.0,7.0,made_shot,0.7829664108799024,0.2170335891200976,San Antonio Spurs,1,0,0.0
2025-26,0042500405,5,2026-06-13,San Antonio Spurs,New York Knicks,542,3,PT00M00.10S,0.1,720.1,72.0,65.0,7.0,7.0,unknown,0.7633965235977541,0.2366034764022458,San Antonio Spurs,1,0,0.0
2025-26,0042500405,5,2026-06-13,San Antonio Spurs,New York Knicks,543,3,PT00M00.10S,0.1,720.1,72.0,65.0,7.0,7.0,rebound,0.7737720192510544,0.2262279807489455,San Antonio Spurs,1,0,0.0
2025-26,0042500405,5,2026-06-13,San Antonio Spurs,New York Knicks,544,3,PT00M00.00S,0.0,720.0,72.0,65.0,7.0,7.0,end_period,0.7693217788971708,0.2306782211028292,San Antonio Spurs,1,0,0.0
2025-26,0042500405,5,2026-06-13,San Antonio Spurs,New York Knicks,555,4,PT12M00.00S,720.0,720.0,72.0,65.0,7.0,7.0,start_period,0.7715235580103023,0.2284764419896977,San Antonio Spurs,1,0,0.0
2025-26,0042500405,5,2026-06-13,San Antonio Spurs,New York Knicks,556,4,PT11M35.00S,695.0,695.0,72.0,65.0,7.0,7.0,missed_shot,0.7752155479264675,0.2247844520735324,San Antonio Spurs,1,0,0.0
2025-26,0042500405,5,2026-06-13,San Antonio Spurs,New York Knicks,557,4,PT11M31.00S,691.0,691.0,72.0,65.0,7.0,7.0,rebound,0.7749632802622061,0.2250367197377939,San Antonio Spurs,1,0,0.0
2025-26,0042500405,5,2026-06-13,San Antonio Spurs,New York Knicks,558,4,PT11M26.00S,686.0,686.0,72.0,65.0,7.0,7.0,turnover,0.7790965438214258,0.2209034561785742,San Antonio Spurs,1,0,0.0
2025-26,0042500405,5,2026-06-13,San Antonio Spurs,New York Knicks,560,4,PT11M13.00S,673.0,673.0,75.0,65.0,10.0,10.0,made_shot,0.8438673051087608,0.1561326948912391,San Antonio Spurs,1,0,0.0
2025-26,0042500405,5,2026-06-13,San Antonio Spurs,New York Knicks,562,4,PT10M59.00S,659.0,659.0,75.0,68.0,7.0,7.0,made_shot,0.7733131110015854,0.2266868889984146,San Antonio Spurs,1,0,0.0
2025-26,0042500405,5,2026-06-13,San Antonio Spurs,New York Knicks,563,3,PT02M43.00S,163.0,883.0,75.0,68.0,7.0,7.0,unknown,0.7683488952977294,0.2316511047022705,San Antonio Spurs,1,0,0.0
2025-26,0042500405,5,2026-06-13,San Antonio Spurs,New York Knicks,565,3,PT02M42.00S,162.0,882.0,75.0,68.0,7.0,7.0,rebound,0.7704231911757041,0.2295768088242958,San Antonio Spurs,1,0,0.0
2025-26,0042500405,5,2026-06-13,San Antonio Spurs,New York Knicks,566,4,PT10M45.00S,645.0,645.0,75.0,68.0,7.0,7.0,missed_shot,0.7742919166307157,0.2257080833692842,San Antonio Spurs,1,0,0.0
2025-26,0042500405,5,2026-06-13,San Antonio Spurs,New York Knicks,567,4,PT10M43.00S,643.0,643.0,75.0,68.0,7.0,7.0,rebound,0.7740162333297778,0.2259837666702222,San Antonio Spurs,1,0,0.0
2025-26,0042500405,5,2026-06-13,San Antonio Spurs,New York Knicks,568,4,PT10M35.00S,635.0,635.0,77.0,68.0,9.0,9.0,made_shot,0.8164508237951965,0.1835491762048035,San Antonio Spurs,1,0,0.0
2025-26,0042500405,5,2026-06-13,San Antonio Spurs,New York Knicks,572,4,PT10M08.00S,608.0,608.0,77.0,68.0,9.0,9.0,turnover,0.8272880308489333,0.1727119691510666,San Antonio Spurs,1,0,0.0
2025-26,0042500405,5,2026-06-13,San Antonio Spurs,New York Knicks,573,4,PT09M46.00S,586.0,586.0,77.0,68.0,9.0,9.0,missed_shot,0.8254029753944666,0.1745970246055334,San Antonio Spurs,1,0,0.0
2025-26,0042500405,5,2026-06-13,San Antonio Spurs,New York Knicks,574,4,PT09M43.00S,583.0,583.0,77.0,68.0,9.0,9.0,rebound,0.8229871827371038,0.1770128172628962,San Antonio Spurs,1,0,0.0
2025-26,0042500405,5,2026-06-13,San Antonio Spurs,New York Knicks,575,4,PT10M08.00S,608.0,608.0,77.0,68.0,9.0,9.0,substitution,0.8231329409072088,0.1768670590927912,San Antonio Spurs,1,0,0.0
2025-26,0042500405,5,2026-06-13,San Antonio Spurs,New York Knicks,577,4,PT09M28.00S,568.0,568.0,77.0,71.0,6.0,6.0,made_shot,0.7452867495855381,0.2547132504144619,San Antonio Spurs,1,0,0.0
2025-26,0042500405,5,2026-06-13,San Antonio Spurs,New York Knicks,579,4,PT09M10.00S,550.0,550.0,80.0,71.0,9.0,9.0,made_shot,0.8216176065730944,0.1783823934269056,San Antonio Spurs,1,0,0.0
2025-26,0042500405,5,2026-06-13,San Antonio Spurs,New York Knicks,581,4,PT08M57.00S,537.0,537.0,80.0,71.0,9.0,9.0,missed_shot,0.8157729897965897,0.1842270102034102,San Antonio Spurs,1,0,0.0
2025-26,0042500405,5,2026-06-13,San Antonio Spurs,New York Knicks,582,4,PT08M54.00S,534.0,534.0,80.0,71.0,9.0,9.0,rebound,0.8222053485403863,0.1777946514596137,San Antonio Spurs,1,0,0.0
2025-26,0042500405,5,2026-06-13,San Antonio Spurs,New York Knicks,583,4,PT08M51.00S,531.0,531.0,80.0,71.0,9.0,9.0,foul,0.8221814662459224,0.1778185337540776,San Antonio Spurs,1,0,0.0
2025-26,0042500405,5,2026-06-13,San Antonio Spurs,New York Knicks,586,4,PT08M51.00S,531.0,531.0,80.0,71.0,9.0,9.0,timeout,0.8208972742507997,0.1791027257492002,San Antonio Spurs,1,0,0.0
2025-26,0042500405,5,2026-06-13,San Antonio Spurs,New York Knicks,588,4,PT08M51.00S,531.0,531.0,80.0,71.0,9.0,9.0,instant_replay,0.8259147661883022,0.1740852338116978,San Antonio Spurs,1,0,0.0
2025-26,0042500405,5,2026-06-13,San Antonio Spurs,New York Knicks,589,4,PT08M51.00S,531.0,531.0,80.0,71.0,9.0,9.0,substitution,0.8226166733087715,0.1773833266912284,San Antonio Spurs,1,0,0.0
2025-26,0042500405,5,2026-06-13,San Antonio Spurs,New York Knicks,590,4,PT08M51.00S,531.0,531.0,80.0,71.0,9.0,9.0,substitution,0.8226166733087715,0.1773833266912284,San Antonio Spurs,1,0,0.0
2025-26,0042500405,5,2026-06-13,San Antonio Spurs,New York Knicks,591,4,PT08M51.00S,531.0,531.0,80.0,71.0,9.0,9.0,substitution,0.8226166733087715,0.1773833266912284,San Antonio Spurs,1,0,0.0
2025-26,0042500405,5,2026-06-13,San Antonio Spurs,New York Knicks,595,4,PT08M51.00S,531.0,531.0,80.0,71.0,9.0,9.0,free_throw,0.8227978189062943,0.1772021810937056,San Antonio Spurs,1,0,0.0
2025-26,0042500405,5,2026-06-13,San Antonio Spurs,New York Knicks,596,4,PT08M51.00S,531.0,531.0,80.0,71.0,9.0,9.0,rebound,0.8281114135762039,0.1718885864237961,San Antonio Spurs,1,0,0.0
2025-26,0042500405,5,2026-06-13,San Antonio Spurs,New York Knicks,597,4,PT08M51.00S,531.0,531.0,80.0,71.0,9.0,9.0,substitution,0.8226166733087715,0.1773833266912284,San Antonio Spurs,1,0,0.0
2025-26,0042500405,5,2026-06-13,San Antonio Spurs,New York Knicks,599,4,PT08M51.00S,531.0,531.0,81.0,71.0,10.0,10.0,free_throw,0.8432374762049868,0.1567625237950132,San Antonio Spurs,1,0,0.0
2025-26,0042500405,5,2026-06-13,San Antonio Spurs,New York Knicks,600,4,PT08M31.00S,511.0,511.0,81.0,73.0,8.0,8.0,made_shot,0.8023854024534828,0.1976145975465172,San Antonio Spurs,1,0,0.0
2025-26,0042500405,5,2026-06-13,San Antonio Spurs,New York Knicks,601,4,PT08M21.00S,501.0,501.0,83.0,73.0,10.0,10.0,made_shot,0.8366800062309707,0.1633199937690292,San Antonio Spurs,1,0,0.0
2025-26,0042500405,5,2026-06-13,San Antonio Spurs,New York Knicks,603,4,PT08M01.00S,481.0,481.0,83.0,73.0,10.0,10.0,missed_shot,0.8431246589165003,0.1568753410834996,San Antonio Spurs,1,0,0.0
2025-26,0042500405,5,2026-06-13,San Antonio Spurs,New York Knicks,604,4,PT07M58.00S,478.0,478.0,83.0,73.0,10.0,10.0,rebound,0.8429245774628987,0.1570754225371012,San Antonio Spurs,1,0,0.0
2025-26,0042500405,5,2026-06-13,San Antonio Spurs,New York Knicks,605,4,PT07M54.00S,474.0,474.0,83.0,73.0,10.0,10.0,foul,0.844127688357854,0.155872311642146,San Antonio Spurs,1,0,0.0
2025-26,0042500405,5,2026-06-13,San Antonio Spurs,New York Knicks,607,4,PT07M54.00S,474.0,474.0,83.0,73.0,10.0,10.0,substitution,0.8433056721117855,0.1566943278882144,San Antonio Spurs,1,0,0.0
2025-26,0042500405,5,2026-06-13,San Antonio Spurs,New York Knicks,609,4,PT07M47.00S,467.0,467.0,83.0,73.0,10.0,10.0,unknown,0.8414742901000039,0.1585257098999961,San Antonio Spurs,1,0,0.0
2025-26,0042500405,5,2026-06-13,San Antonio Spurs,New York Knicks,611,4,PT07M43.00S,463.0,463.0,83.0,73.0,10.0,10.0,foul,0.8430059460942918,0.1569940539057082,San Antonio Spurs,1,0,0.0
2025-26,0042500405,5,2026-06-13,San Antonio Spurs,New York Knicks,613,4,PT07M43.00S,463.0,463.0,83.0,73.0,10.0,10.0,free_throw,0.851117437380501,0.1488825626194989,San Antonio Spurs,1,0,0.0
2025-26,0042500405,5,2026-06-13,San Antonio Spurs,New York Knicks,614,4,PT07M43.00S,463.0,463.0,83.0,73.0,10.0,10.0,rebound,0.8483695079737149,0.1516304920262851,San Antonio Spurs,1,0,0.0
2025-26,0042500405,5,2026-06-13,San Antonio Spurs,New York Knicks,615,4,PT07M43.00S,463.0,463.0,83.0,74.0,9.0,9.0,free_throw,0.830074719812551,0.169925280187449,San Antonio Spurs,1,0,0.0
2025-26,0042500405,5,2026-06-13,San Antonio Spurs,New York Knicks,616,4,PT07M43.00S,463.0,463.0,83.0,75.0,8.0,8.0,free_throw,0.8073554187967953,0.1926445812032047,San Antonio Spurs,1,0,0.0
2025-26,0042500405,5,2026-06-13,San Antonio Spurs,New York Knicks,617,4,PT07M24.00S,444.0,444.0,83.0,75.0,8.0,8.0,missed_shot,0.8027947192074993,0.1972052807925006,San Antonio Spurs,1,0,0.0
2025-26,0042500405,5,2026-06-13,San Antonio Spurs,New York Knicks,618,4,PT07M21.00S,441.0,441.0,83.0,75.0,8.0,8.0,rebound,0.7982128869368862,0.2017871130631138,San Antonio Spurs,1,0,0.0
2025-26,0042500405,5,2026-06-13,San Antonio Spurs,New York Knicks,619,4,PT07M14.00S,434.0,434.0,83.0,77.0,6.0,6.0,made_shot,0.7356144706808335,0.2643855293191665,San Antonio Spurs,1,0,0.0
2025-26,0042500405,5,2026-06-13,San Antonio Spurs,New York Knicks,620,4,PT07M14.00S,434.0,434.0,83.0,77.0,6.0,6.0,timeout,0.7425205565221163,0.2574794434778836,San Antonio Spurs,1,0,0.0
2025-26,0042500405,5,2026-06-13,San Antonio Spurs,New York Knicks,621,4,PT06M50.00S,410.0,410.0,83.0,77.0,6.0,6.0,missed_shot,0.7449121896330912,0.2550878103669087,San Antonio Spurs,1,0,0.0
2025-26,0042500405,5,2026-06-13,San Antonio Spurs,New York Knicks,622,4,PT06M50.00S,410.0,410.0,83.0,77.0,6.0,6.0,rebound,0.7445557913988832,0.2554442086011168,San Antonio Spurs,1,0,0.0
2025-26,0042500405,5,2026-06-13,San Antonio Spurs,New York Knicks,623,4,PT06M50.00S,410.0,410.0,83.0,77.0,6.0,6.0,foul,0.7495133513015882,0.2504866486984117,San Antonio Spurs,1,0,0.0
2025-26,0042500405,5,2026-06-13,San Antonio Spurs,New York Knicks,625,4,PT06M50.00S,410.0,410.0,83.0,77.0,6.0,6.0,substitution,0.7450541174067039,0.2549458825932961,San Antonio Spurs,1,0,0.0
2025-26,0042500405,5,2026-06-13,San Antonio Spurs,New York Knicks,627,4,PT06M28.00S,388.0,388.0,83.0,79.0,4.0,4.0,made_shot,0.6723629853202182,0.3276370146797818,San Antonio Spurs,1,0,0.0
2025-26,0042500405,5,2026-06-13,San Antonio Spurs,New York Knicks,628,4,PT06M06.00S,366.0,366.0,83.0,79.0,4.0,4.0,unknown,0.6799674860934727,0.3200325139065273,San Antonio Spurs,1,0,0.0
2025-26,0042500405,5,2026-06-13,San Antonio Spurs,New York Knicks,630,4,PT05M48.00S,348.0,348.0,83.0,79.0,4.0,4.0,missed_shot,0.6870021001908493,0.3129978998091507,San Antonio Spurs,1,0,0.0
2025-26,0042500405,5,2026-06-13,San Antonio Spurs,New York Knicks,631,4,PT05M45.00S,345.0,345.0,83.0,79.0,4.0,4.0,rebound,0.6827870913533018,0.3172129086466981,San Antonio Spurs,1,0,0.0
2025-26,0042500405,5,2026-06-13,San Antonio Spurs,New York Knicks,635,4,PT05M31.00S,331.0,331.0,83.0,79.0,4.0,4.0,timeout,0.681006390913186,0.3189936090868139,San Antonio Spurs,1,0,0.0
2025-26,0042500405,5,2026-06-13,San Antonio Spurs,New York Knicks,636,4,PT05M31.00S,331.0,331.0,83.0,79.0,4.0,4.0,instant_replay,0.6893089347085964,0.3106910652914035,San Antonio Spurs,1,0,0.0
2025-26,0042500405,5,2026-06-13,San Antonio Spurs,New York Knicks,637,4,PT05M31.00S,331.0,331.0,83.0,79.0,4.0,4.0,foul,0.6856554995709202,0.3143445004290798,San Antonio Spurs,1,0,0.0
2025-26,0042500405,5,2026-06-13,San Antonio Spurs,New York Knicks,639,4,PT05M31.00S,331.0,331.0,83.0,79.0,4.0,4.0,substitution,0.6835510518289665,0.3164489481710335,San Antonio Spurs,1,0,0.0
2025-26,0042500405,5,2026-06-13,San Antonio Spurs,New York Knicks,641,4,PT05M23.00S,323.0,323.0,83.0,79.0,4.0,4.0,missed_shot,0.6835016542336481,0.3164983457663519,San Antonio Spurs,1,0,0.0
2025-26,0042500405,5,2026-06-13,San Antonio Spurs,New York Knicks,642,4,PT05M22.00S,322.0,322.0,83.0,79.0,4.0,4.0,rebound,0.6831099928049057,0.3168900071950943,San Antonio Spurs,1,0,0.0
2025-26,0042500405,5,2026-06-13,San Antonio Spurs,New York Knicks,643,4,PT05M18.00S,318.0,318.0,83.0,79.0,4.0,4.0,foul,0.6830886644340592,0.3169113355659407,San Antonio Spurs,1,0,0.0
2025-26,0042500405,5,2026-06-13,San Antonio Spurs,New York Knicks,645,4,PT05M18.00S,318.0,318.0,83.0,80.0,3.0,3.0,free_throw,0.6489007776447773,0.3510992223552227,San Antonio Spurs,1,0,0.0
2025-26,0042500405,5,2026-06-13,San Antonio Spurs,New York Knicks,646,4,PT05M18.00S,318.0,318.0,83.0,80.0,3.0,3.0,substitution,0.649601532052526,0.350398467947474,San Antonio Spurs,1,0,0.0
2025-26,0042500405,5,2026-06-13,San Antonio Spurs,New York Knicks,648,4,PT05M18.00S,318.0,318.0,83.0,81.0,2.0,2.0,free_throw,0.6132713083319513,0.3867286916680487,San Antonio Spurs,1,0,0.0
2025-26,0042500405,5,2026-06-13,San Antonio Spurs,New York Knicks,650,4,PT04M59.00S,299.0,299.0,83.0,81.0,2.0,2.0,missed_shot,0.6139813509056213,0.3860186490943786,San Antonio Spurs,1,0,0.0
2025-26,0042500405,5,2026-06-13,San Antonio Spurs,New York Knicks,651,4,PT04M52.00S,292.0,292.0,83.0,81.0,2.0,2.0,rebound,0.6136445358774805,0.3863554641225195,San Antonio Spurs,1,0,0.0
2025-26,0042500405,5,2026-06-13,San Antonio Spurs,New York Knicks,652,4,PT04M48.00S,288.0,288.0,83.0,83.0,0.0,0.0,made_shot,0.5367436409509769,0.463256359049023,San Antonio Spurs,1,0,0.0
2025-26,0042500405,5,2026-06-13,San Antonio Spurs,New York Knicks,653,4,PT04M26.00S,266.0,266.0,83.0,83.0,0.0,0.0,missed_shot,0.539624289389126,0.460375710610874,San Antonio Spurs,1,0,0.0
2025-26,0042500405,5,2026-06-13,San Antonio Spurs,New York Knicks,654,4,PT04M25.00S,265.0,265.0,83.0,83.0,0.0,0.0,rebound,0.5391746228555354,0.4608253771444646,San Antonio Spurs,1,0,0.0
2025-26,0042500405,5,2026-06-13,San Antonio Spurs,New York Knicks,655,4,PT04M25.00S,265.0,265.0,83.0,83.0,0.0,0.0,foul,0.5456859830715329,0.454314016928467,San Antonio Spurs,1,0,0.0
2025-26,0042500405,5,2026-06-13,San Antonio Spurs,New York Knicks,657,4,PT04M25.00S,265.0,265.0,83.0,83.0,0.0,0.0,substitution,0.5398259809936576,0.4601740190063423,San Antonio Spurs,1,0,0.0
2025-26,0042500405,5,2026-06-13,San Antonio Spurs,New York Knicks,659,4,PT04M14.00S,254.0,254.0,85.0,83.0,2.0,2.0,made_shot,0.6122126111232166,0.3877873888767834,San Antonio Spurs,1,0,0.0
2025-26,0042500405,5,2026-06-13,San Antonio Spurs,New York Knicks,661,4,PT03M54.00S,234.0,234.0,85.0,83.0,2.0,2.0,missed_shot,0.6179165905203173,0.3820834094796826,San Antonio Spurs,1,0,0.0
2025-26,0042500405,5,2026-06-13,San Antonio Spurs,New York Knicks,662,4,PT03M53.00S,233.0,233.0,85.0,83.0,2.0,2.0,rebound,0.6132024412064815,0.3867975587935185,San Antonio Spurs,1,0,0.0
2025-26,0042500405,5,2026-06-13,San Antonio Spurs,New York Knicks,664,4,PT03M40.00S,220.0,220.0,85.0,83.0,2.0,2.0,foul,0.6133174718754466,0.3866825281245534,San Antonio Spurs,1,0,0.0
2025-26,0042500405,5,2026-06-13,San Antonio Spurs,New York Knicks,666,4,PT03M40.00S,220.0,220.0,85.0,84.0,1.0,1.0,free_throw,0.5904658807018524,0.4095341192981476,San Antonio Spurs,1,0,0.0
2025-26,0042500405,5,2026-06-13,San Antonio Spurs,New York Knicks,667,4,PT03M40.00S,220.0,220.0,85.0,85.0,0.0,0.0,free_throw,0.553043496616194,0.446956503383806,San Antonio Spurs,1,0,0.0
2025-26,0042500405,5,2026-06-13,San Antonio Spurs,New York Knicks,668,4,PT03M40.00S,220.0,220.0,85.0,86.0,-1.0,1.0,free_throw,0.5162486730726026,0.4837513269273974,San Antonio Spurs,1,0,0.0
2025-26,0042500405,5,2026-06-13,San Antonio Spurs,New York Knicks,669,4,PT03M24.00S,204.0,204.0,85.0,86.0,-1.0,1.0,missed_shot,0.5021870731294168,0.4978129268705832,San Antonio Spurs,1,0,0.0
2025-26,0042500405,5,2026-06-13,San Antonio Spurs,New York Knicks,670,4,PT03M20.00S,200.0,200.0,85.0,86.0,-1.0,1.0,rebound,0.501783231329347,0.498216768670653,San Antonio Spurs,1,0,0.0
2025-26,0042500405,5,2026-06-13,San Antonio Spurs,New York Knicks,671,4,PT03M17.00S,197.0,197.0,85.0,86.0,-1.0,1.0,timeout,0.4995526170242192,0.5004473829757807,New York Knicks,0,0,1.0
2025-26,0042500405,5,2026-06-13,San Antonio Spurs,New York Knicks,672,4,PT03M17.00S,197.0,197.0,85.0,86.0,-1.0,1.0,substitution,0.5024872952475943,0.4975127047524057,San Antonio Spurs,1,0,0.0
2025-26,0042500405,5,2026-06-13,San Antonio Spurs,New York Knicks,673,4,PT03M17.00S,197.0,197.0,85.0,86.0,-1.0,1.0,substitution,0.5024872952475943,0.4975127047524057,San Antonio Spurs,1,0,0.0
2025-26,0042500405,5,2026-06-13,San Antonio Spurs,New York Knicks,676,4,PT03M15.00S,195.0,195.0,85.0,86.0,-1.0,1.0,foul,0.5078645136818849,0.4921354863181151,San Antonio Spurs,1,0,0.0
2025-26,0042500405,5,2026-06-13,San Antonio Spurs,New York Knicks,678,4,PT03M15.00S,195.0,195.0,85.0,86.0,-1.0,1.0,turnover,0.5024010324909793,0.4975989675090206,San Antonio Spurs,1,0,0.0
2025-26,0042500405,5,2026-06-13,San Antonio Spurs,New York Knicks,679,4,PT02M59.00S,179.0,179.0,85.0,86.0,-1.0,1.0,missed_shot,0.5095328844969068,0.4904671155030932,San Antonio Spurs,1,0,0.0
2025-26,0042500405,5,2026-06-13,San Antonio Spurs,New York Knicks,680,4,PT02M56.00S,176.0,176.0,85.0,86.0,-1.0,1.0,rebound,0.502172248603365,0.497827751396635,San Antonio Spurs,1,0,0.0
2025-26,0042500405,5,2026-06-13,San Antonio Spurs,New York Knicks,681,4,PT02M37.00S,157.0,157.0,85.0,86.0,-1.0,1.0,missed_shot,0.5014269814673598,0.4985730185326402,San Antonio Spurs,1,0,0.0
2025-26,0042500405,5,2026-06-13,San Antonio Spurs,New York Knicks,682,4,PT02M36.00S,156.0,156.0,85.0,86.0,-1.0,1.0,rebound,0.5024964276760664,0.4975035723239336,San Antonio Spurs,1,0,0.0
2025-26,0042500405,5,2026-06-13,San Antonio Spurs,New York Knicks,683,4,PT02M29.00S,149.0,149.0,85.0,86.0,-1.0,1.0,unknown,0.4997034303468258,0.5002965696531742,New York Knicks,0,0,1.0
2025-26,0042500405,5,2026-06-13,San Antonio Spurs,New York Knicks,685,4,PT02M28.00S,148.0,148.0,85.0,86.0,-1.0,1.0,rebound,0.5026260987327237,0.4973739012672763,San Antonio Spurs,1,0,0.0
2025-26,0042500405,5,2026-06-13,San Antonio Spurs,New York Knicks,686,4,PT02M19.00S,139.0,139.0,85.0,86.0,-1.0,1.0,missed_shot,0.4927111607392144,0.5072888392607855,New York Knicks,0,0,1.0
2025-26,0042500405,5,2026-06-13,San Antonio Spurs,New York Knicks,687,4,PT02M18.00S,138.0,138.0,85.0,86.0,-1.0,1.0,rebound,0.5027881870547255,0.4972118129452745,San Antonio Spurs,1,0,0.0
2025-26,0042500405,5,2026-06-13,San Antonio Spurs,New York Knicks,688,4,PT02M07.00S,127.0,127.0,85.0,88.0,-3.0,3.0,made_shot,0.4319429547766596,0.5680570452233403,New York Knicks,0,0,1.0
2025-26,0042500405,5,2026-06-13,San Antonio Spurs,New York Knicks,690,4,PT02M07.00S,127.0,127.0,85.0,88.0,-3.0,3.0,violation,0.4255365413832934,0.5744634586167066,New York Knicks,0,0,1.0
2025-26,0042500405,5,2026-06-13,San Antonio Spurs,New York Knicks,691,4,PT01M53.00S,113.0,113.0,85.0,88.0,-3.0,3.0,foul,0.4293733768611467,0.5706266231388533,New York Knicks,0,0,1.0
2025-26,0042500405,5,2026-06-13,San Antonio Spurs,New York Knicks,694,4,PT01M53.00S,113.0,113.0,85.0,88.0,-3.0,3.0,substitution,0.4301035847062619,0.569896415293738,New York Knicks,0,0,1.0
2025-26,0042500405,5,2026-06-13,San Antonio Spurs,New York Knicks,696,4,PT01M53.00S,113.0,113.0,85.0,88.0,-3.0,3.0,free_throw,0.4304080222006559,0.5695919777993441,New York Knicks,0,0,1.0
2025-26,0042500405,5,2026-06-13,San Antonio Spurs,New York Knicks,697,4,PT01M53.00S,113.0,113.0,85.0,88.0,-3.0,3.0,rebound,0.4394721455523908,0.5605278544476092,New York Knicks,0,0,1.0
2025-26,0042500405,5,2026-06-13,San Antonio Spurs,New York Knicks,698,4,PT01M53.00S,113.0,113.0,86.0,88.0,-2.0,2.0,free_throw,0.4654622605683155,0.5345377394316845,New York Knicks,0,0,1.0
2025-26,0042500405,5,2026-06-13,San Antonio Spurs,New York Knicks,699,4,PT02M36.00S,156.0,156.0,86.0,88.0,-2.0,2.0,missed_shot,0.4644178094132951,0.5355821905867049,New York Knicks,0,0,1.0
2025-26,0042500405,5,2026-06-13,San Antonio Spurs,New York Knicks,700,4,PT02M35.00S,155.0,155.0,86.0,88.0,-2.0,2.0,rebound,0.4647569675171631,0.5352430324828368,New York Knicks,0,0,1.0
2025-26,0042500405,5,2026-06-13,San Antonio Spurs,New York Knicks,701,4,PT01M29.00S,89.0,89.0,86.0,88.0,-2.0,2.0,missed_shot,0.4707331049547881,0.5292668950452118,New York Knicks,0,0,1.0
2025-26,0042500405,5,2026-06-13,San Antonio Spurs,New York Knicks,702,4,PT01M29.00S,89.0,89.0,86.0,88.0,-2.0,2.0,rebound,0.4658216256107831,0.5341783743892169,New York Knicks,0,0,1.0
2025-26,0042500405,5,2026-06-13,San Antonio Spurs,New York Knicks,703,4,PT01M29.00S,89.0,89.0,86.0,88.0,-2.0,2.0,turnover,0.4736501948128798,0.5263498051871203,New York Knicks,0,0,1.0
2025-26,0042500405,5,2026-06-13,San Antonio Spurs,New York Knicks,704,4,PT01M16.00S,76.0,76.0,88.0,88.0,0.0,0.0,made_shot,0.5429180979771419,0.4570819020228581,San Antonio Spurs,1,0,0.0
2025-26,0042500405,5,2026-06-13,San Antonio Spurs,New York Knicks,705,4,PT01M05.00S,65.0,65.0,88.0,90.0,-2.0,2.0,made_shot,0.4625805708351314,0.5374194291648686,New York Knicks,0,0,1.0
2025-26,0042500405,5,2026-06-13,San Antonio Spurs,New York Knicks,706,4,PT00M54.30S,54.3,54.3,88.0,90.0,-2.0,2.0,missed_shot,0.4653903244541412,0.5346096755458587,New York Knicks,0,0,1.0
2025-26,0042500405,5,2026-06-13,San Antonio Spurs,New York Knicks,707,4,PT00M51.30S,51.3,51.3,88.0,90.0,-2.0,2.0,rebound,0.4650141698038659,0.5349858301961341,New York Knicks,0,0,1.0
2025-26,0042500405,5,2026-06-13,San Antonio Spurs,New York Knicks,708,4,PT00M36.30S,36.3,36.3,88.0,90.0,-2.0,2.0,missed_shot,0.465680705734206,0.5343192942657939,New York Knicks,0,0,1.0
2025-26,0042500405,5,2026-06-13,San Antonio Spurs,New York Knicks,709,4,PT00M32.10S,32.1,32.1,88.0,90.0,-2.0,2.0,rebound,0.4653238782196542,0.5346761217803457,New York Knicks,0,0,1.0
2025-26,0042500405,5,2026-06-13,San Antonio Spurs,New York Knicks,710,4,PT00M27.30S,27.3,27.3,88.0,90.0,-2.0,2.0,missed_shot,0.4645045802060775,0.5354954197939226,New York Knicks,0,0,1.0
2025-26,0042500405,5,2026-06-13,San Antonio Spurs,New York Knicks,711,4,PT00M27.30S,27.3,27.3,88.0,90.0,-2.0,2.0,rebound,0.465401309510932,0.534598690489068,New York Knicks,0,0,1.0
2025-26,0042500405,5,2026-06-13,San Antonio Spurs,New York Knicks,712,4,PT00M26.10S,26.1,26.1,88.0,90.0,-2.0,2.0,foul,0.4676247064784448,0.5323752935215551,New York Knicks,0,0,1.0
2025-26,0042500405,5,2026-06-13,San Antonio Spurs,New York Knicks,714,4,PT00M26.10S,26.1,26.1,88.0,91.0,-3.0,3.0,free_throw,0.4286390482257849,0.5713609517742151,New York Knicks,0,0,1.0
2025-26,0042500405,5,2026-06-13,San Antonio Spurs,New York Knicks,715,4,PT00M26.10S,26.1,26.1,88.0,91.0,-3.0,3.0,substitution,0.4293928450265724,0.5706071549734276,New York Knicks,0,0,1.0
2025-26,0042500405,5,2026-06-13,San Antonio Spurs,New York Knicks,716,4,PT00M26.10S,26.1,26.1,88.0,91.0,-3.0,3.0,substitution,0.4293928450265724,0.5706071549734276,New York Knicks,0,0,1.0
2025-26,0042500405,5,2026-06-13,San Antonio Spurs,New York Knicks,719,4,PT00M26.10S,26.1,26.1,88.0,91.0,-3.0,3.0,free_throw,0.4298361674200754,0.5701638325799245,New York Knicks,0,0,1.0
2025-26,0042500405,5,2026-06-13,San Antonio Spurs,New York Knicks,720,4,PT00M22.20S,22.2,22.2,88.0,91.0,-3.0,3.0,rebound,0.4288125197082729,0.5711874802917271,New York Knicks,0,0,1.0
2025-26,0042500405,5,2026-06-13,San Antonio Spurs,New York Knicks,721,4,PT00M21.60S,21.6,21.6,88.0,91.0,-3.0,3.0,foul,0.430992503195194,0.569007496804806,New York Knicks,0,0,1.0
2025-26,0042500405,5,2026-06-13,San Antonio Spurs,New York Knicks,723,4,PT00M21.60S,21.6,21.6,88.0,92.0,-4.0,4.0,free_throw,0.3928074859446323,0.6071925140553677,New York Knicks,0,0,1.0
2025-26,0042500405,5,2026-06-13,San Antonio Spurs,New York Knicks,724,4,PT00M21.60S,21.6,21.6,88.0,92.0,-4.0,4.0,free_throw,0.3939735363978291,0.6060264636021708,New York Knicks,0,0,1.0
2025-26,0042500405,5,2026-06-13,San Antonio Spurs,New York Knicks,725,4,PT00M20.00S,20.0,20.0,88.0,92.0,-4.0,4.0,rebound,0.392940857280837,0.607059142719163,New York Knicks,0,0,1.0
2025-26,0042500405,5,2026-06-13,San Antonio Spurs,New York Knicks,726,4,PT00M20.00S,20.0,20.0,88.0,92.0,-4.0,4.0,timeout,0.3907682389741505,0.6092317610258495,New York Knicks,0,0,1.0
2025-26,0042500405,5,2026-06-13,San Antonio Spurs,New York Knicks,727,4,PT00M20.00S,20.0,20.0,88.0,92.0,-4.0,4.0,substitution,0.3935664313334562,0.6064335686665439,New York Knicks,0,0,1.0
2025-26,0042500405,5,2026-06-13,San Antonio Spurs,New York Knicks,729,4,PT00M17.90S,17.9,17.9,88.0,92.0,-4.0,4.0,missed_shot,0.3933804774131642,0.6066195225868358,New York Knicks,0,0,1.0
2025-26,0042500405,5,2026-06-13,San Antonio Spurs,New York Knicks,730,4,PT00M16.30S,16.3,16.3,88.0,92.0,-4.0,4.0,rebound,0.3929980835616374,0.6070019164383625,New York Knicks,0,0,1.0
2025-26,0042500405,5,2026-06-13,San Antonio Spurs,New York Knicks,731,4,PT00M16.30S,16.3,16.3,90.0,92.0,-2.0,2.0,made_shot,0.4666361671748337,0.5333638328251663,New York Knicks,0,0,1.0
2025-26,0042500405,5,2026-06-13,San Antonio Spurs,New York Knicks,732,4,PT00M16.30S,16.3,16.3,90.0,92.0,-2.0,2.0,timeout,0.4618965718026999,0.5381034281973001,New York Knicks,0,0,1.0
2025-26,0042500405,5,2026-06-13,San Antonio Spurs,New York Knicks,733,4,PT00M16.30S,16.3,16.3,90.0,92.0,-2.0,2.0,substitution,0.4648154995271858,0.5351845004728142,New York Knicks,0,0,1.0
2025-26,0042500405,5,2026-06-13,San Antonio Spurs,New York Knicks,735,4,PT00M08.80S,8.8,8.8,90.0,92.0,-2.0,2.0,foul,0.4673618906317137,0.5326381093682864,New York Knicks,0,0,1.0
2025-26,0042500405,5,2026-06-13,San Antonio Spurs,New York Knicks,737,4,PT00M08.80S,8.8,8.8,90.0,92.0,-2.0,2.0,free_throw,0.4652454344421767,0.5347545655578233,New York Knicks,0,0,1.0
2025-26,0042500405,5,2026-06-13,San Antonio Spurs,New York Knicks,738,4,PT00M08.80S,8.8,8.8,90.0,92.0,-2.0,2.0,rebound,0.4744321269585069,0.525567873041493,New York Knicks,0,0,1.0
2025-26,0042500405,5,2026-06-13,San Antonio Spurs,New York Knicks,739,4,PT00M08.80S,8.8,8.8,90.0,92.0,-2.0,2.0,substitution,0.4649364694119418,0.5350635305880582,New York Knicks,0,0,1.0
2025-26,0042500405,5,2026-06-13,San Antonio Spurs,New York Knicks,740,4,PT00M08.80S,8.8,8.8,90.0,92.0,-2.0,2.0,substitution,0.4649364694119418,0.5350635305880582,New York Knicks,0,0,1.0
2025-26,0042500405,5,2026-06-13,San Antonio Spurs,New York Knicks,743,4,PT00M08.80S,8.8,8.8,90.0,93.0,-3.0,3.0,free_throw,0.4276595024067736,0.5723404975932264,New York Knicks,0,0,1.0
2025-26,0042500405,5,2026-06-13,San Antonio Spurs,New York Knicks,744,4,PT00M08.80S,8.8,8.8,90.0,93.0,-3.0,3.0,timeout,0.4254021179464607,0.5745978820535392,New York Knicks,0,0,1.0
2025-26,0042500405,5,2026-06-13,San Antonio Spurs,New York Knicks,745,4,PT00M08.80S,8.8,8.8,90.0,93.0,-3.0,3.0,substitution,0.4282739741168108,0.5717260258831892,New York Knicks,0,0,1.0
2025-26,0042500405,5,2026-06-13,San Antonio Spurs,New York Knicks,747,4,PT00M08.80S,8.8,8.8,90.0,93.0,-3.0,3.0,substitution,0.4282739741168108,0.5717260258831892,New York Knicks,0,0,1.0
2025-26,0042500405,5,2026-06-13,San Antonio Spurs,New York Knicks,749,4,PT00M08.50S,8.5,8.5,90.0,93.0,-3.0,3.0,foul,0.4298058656263872,0.5701941343736128,New York Knicks,0,0,1.0
2025-26,0042500405,5,2026-06-13,San Antonio Spurs,New York Knicks,751,4,PT00M08.50S,8.5,8.5,90.0,93.0,-3.0,3.0,free_throw,0.4285828540539217,0.5714171459460783,New York Knicks,0,0,1.0
2025-26,0042500405,5,2026-06-13,San Antonio Spurs,New York Knicks,753,4,PT00M08.50S,8.5,8.5,90.0,93.0,-3.0,3.0,substitution,0.4282787368467809,0.571721263153219,New York Knicks,0,0,1.0
2025-26,0042500405,5,2026-06-13,San Antonio Spurs,New York Knicks,754,4,PT00M08.50S,8.5,8.5,90.0,93.0,-3.0,3.0,substitution,0.4282787368467809,0.571721263153219,New York Knicks,0,0,1.0
2025-26,0042500405,5,2026-06-13,San Antonio Spurs,New York Knicks,757,4,PT00M08.50S,8.5,8.5,90.0,93.0,-3.0,3.0,rebound,0.4376380729635822,0.5623619270364177,New York Knicks,0,0,1.0
2025-26,0042500405,5,2026-06-13,San Antonio Spurs,New York Knicks,758,4,PT00M07.70S,7.7,7.7,90.0,93.0,-3.0,3.0,foul,0.4298185775450199,0.57018142245498,New York Knicks,0,0,1.0
2025-26,0042500405,5,2026-06-13,San Antonio Spurs,New York Knicks,760,4,PT00M07.70S,7.7,7.7,90.0,93.0,-3.0,3.0,free_throw,0.4285955569898838,0.5714044430101162,New York Knicks,0,0,1.0
2025-26,0042500405,5,2026-06-13,San Antonio Spurs,New York Knicks,761,4,PT00M07.70S,7.7,7.7,90.0,93.0,-3.0,3.0,rebound,0.4376508387287747,0.5623491612712253,New York Knicks,0,0,1.0
2025-26,0042500405,5,2026-06-13,San Antonio Spurs,New York Knicks,762,4,PT00M07.70S,7.7,7.7,90.0,93.0,-3.0,3.0,substitution,0.428291437524999,0.5717085624750009,New York Knicks,0,0,1.0
2025-26,0042500405,5,2026-06-13,San Antonio Spurs,New York Knicks,763,4,PT00M07.70S,7.7,7.7,90.0,93.0,-3.0,3.0,substitution,0.428291437524999,0.5717085624750009,New York Knicks,0,0,1.0
2025-26,0042500405,5,2026-06-13,San Antonio Spurs,New York Knicks,764,4,PT00M07.70S,7.7,7.7,90.0,93.0,-3.0,3.0,substitution,0.428291437524999,0.5717085624750009,New York Knicks,0,0,1.0
2025-26,0042500405,5,2026-06-13,San Antonio Spurs,New York Knicks,768,4,PT00M07.70S,7.7,7.7,90.0,94.0,-4.0,4.0,free_throw,0.3918011338773268,0.6081988661226732,New York Knicks,0,0,1.0
2025-26,0042500405,5,2026-06-13,San Antonio Spurs,New York Knicks,769,4,PT00M02.00S,2.0,2.0,90.0,94.0,-4.0,4.0,missed_shot,0.3922692912461213,0.6077307087538787,New York Knicks,0,0,1.0
2025-26,0042500405,5,2026-06-13,San Antonio Spurs,New York Knicks,770,4,PT00M02.00S,2.0,2.0,90.0,94.0,-4.0,4.0,rebound,0.3918625576794637,0.6081374423205363,New York Knicks,0,0,1.0
2025-26,0042500405,5,2026-06-13,San Antonio Spurs,New York Knicks,771,4,PT00M00.00S,0.0,0.0,90.0,94.0,-4.0,4.0,end_period,0.3858915842311504,0.6141084157688496,New York Knicks,0,0,1.0
2025-26,0042500405,5,2026-06-13,San Antonio Spurs,New York Knicks,773,4,PT00M08.50S,8.5,8.5,90.0,94.0,-4.0,4.0,free_throw,0.3928184585800056,0.6071815414199944,New York Knicks,0,0,1.0
2025-26,0042500405,5,2026-06-13,San Antonio Spurs,New York Knicks,774,4,PT00M08.50S,8.5,8.5,90.0,94.0,-4.0,4.0,rebound,0.3917621299779652,0.6082378700220348,New York Knicks,0,0,1.0
